vindue,vindue_datoer,timeframe,session,kontrakter,stop_ATR,n_barer_ATR,ATR_pct_p50,ATR_pct_p90,ATR_pct_middel,R_usd_ved_ATR_p50,R_usd_ved_ATR_p90,R_usd_middel,omk_usd_rundtur_netto,risiko_pct_af_MLL_brutto_ved_ATR_p90,risiko_pct_af_MLL_netto_ved_ATR_p50,risiko_pct_af_MLL_netto_ved_ATR_p90,omk_R_ved_middel_R,be_WR_pct_ved_middel_R,be_WR_pct_ved_R_p50,variant,WR_akse,WR_rolle,WR_pct,edge_pp_over_be_WR,konsistens_pct,horisont_dage,bestaa_pct_netto_opt,bestaa_CI95_lav_netto_opt,bestaa_CI95_hoej_netto_opt,ruin_pct_netto_opt,ruin_CI95_lav_netto_opt,ruin_CI95_hoej_netto_opt,uafgjort_pct_netto_opt,dage_til_bestaa_p50_netto_opt,dage_til_bestaa_p90_netto_opt,nulmodel_bestaa_pct_netto_opt,bestaa_pp_over_nulmodel_netto_opt,bestaa_pp_over_nulmodel_CI95_lav_netto_opt,bestaa_pp_over_nulmodel_CI95_hoej_netto_opt,pnl_middel_pr_handel_usd_netto_opt,bestaa_pct_netto_pess,bestaa_CI95_lav_netto_pess,bestaa_CI95_hoej_netto_pess,ruin_pct_netto_pess,ruin_CI95_lav_netto_pess,ruin_CI95_hoej_netto_pess,uafgjort_pct_netto_pess,dage_til_bestaa_p50_netto_pess,dage_til_bestaa_p90_netto_pess,nulmodel_bestaa_pct_netto_pess,bestaa_pp_over_nulmodel_netto_pess,bestaa_pp_over_nulmodel_CI95_lav_netto_pess,bestaa_pp_over_nulmodel_CI95_hoej_netto_pess,pnl_middel_pr_handel_usd_netto_pess,bestaa_pct_brutto_opt,bestaa_CI95_lav_brutto_opt,bestaa_CI95_hoej_brutto_opt,ruin_pct_brutto_opt,ruin_CI95_lav_brutto_opt,ruin_CI95_hoej_brutto_opt,uafgjort_pct_brutto_opt,dage_til_bestaa_p50_brutto_opt,dage_til_bestaa_p90_brutto_opt,nulmodel_bestaa_pct_brutto_opt,bestaa_pp_over_nulmodel_brutto_opt,bestaa_pp_over_nulmodel_CI95_lav_brutto_opt,bestaa_pp_over_nulmodel_CI95_hoej_brutto_opt,pnl_middel_pr_handel_usd_brutto_opt,bestaa_pct_brutto_pess,bestaa_CI95_lav_brutto_pess,bestaa_CI95_hoej_brutto_pess,ruin_pct_brutto_pess,ruin_CI95_lav_brutto_pess,ruin_CI95_hoej_brutto_pess,uafgjort_pct_brutto_pess,dage_til_bestaa_p50_brutto_pess,dage_til_bestaa_p90_brutto_pess,nulmodel_bestaa_pct_brutto_pess,bestaa_pp_over_nulmodel_brutto_pess,bestaa_pp_over_nulmodel_CI95_lav_brutto_pess,bestaa_pp_over_nulmodel_CI95_hoej_brutto_pess,pnl_middel_pr_handel_usd_brutto_pess,median_dage_bestaaet_netto_pess,spread_ticks,slippage_ticks_pr_side
primaer,2019-05-06 til 2026-09-10,15m,RTH,1,1.0,47868,0.2567541027636573,0.47689082433182034,0.2969741450429296,149.6260209265489,277.91289678761166,173.0646527652177,2.6266577352938434,13.895644839380582,7.612633933092137,14.026977726145276,0.015177320690997542,33.83924402303325,33.91849397117526,basis,absolut,34,34.0,0.1607559769667477,55.00000000000001,200,27.155,26.54303739320296,27.775736734200464,72.845,72.22426326579954,73.45696260679703,0.0,30.0,63.0,26.125,1.0300000000000031,0.8899098314349473,1.1709953566004303,0.674126723611725,23.355,22.773789957680744,23.946443643749067,76.645,76.05355635625092,77.22621004231924,0.0,27.0,56.0,22.495,0.8599999999999997,0.7318432219075236,0.9893454069142468,0.6542391847304636,30.22,29.587425336604863,30.86017160977464,69.77,69.12977065052854,70.40263624381306,0.01,30.0,62.0,26.225,3.995000000000004,3.723924729757097,4.267317297437926,3.265933866554928,26.04,25.436434311402444,26.652768056406096,73.96,73.34723194359391,74.56356568859756,0.0,28.0,55.0,22.515,3.525000000000003,3.2700088082498775,3.7818641409316824,3.3227754498187876,27.0,,
primaer,2019-05-06 til 2026-09-10,15m,RTH,1,1.0,47868,0.2567541027636573,0.47689082433182034,0.2969741450429296,149.6260209265489,277.91289678761166,173.0646527652177,2.6266577352938434,13.895644839380582,7.612633933092137,14.026977726145276,0.015177320690997542,33.83924402303325,33.91849397117526,basis,absolut,37,37.0,3.160755976966745,55.00000000000001,200,46.555,45.8644224672186,47.24690066120796,53.44,52.74809551802975,54.13058327390425,0.005,29.0,60.0,26.125,20.430000000000003,19.87013633720007,20.98781789436545,16.204631045559058,40.69,40.01101740957955,41.37255830178511,59.31,58.62744169821489,59.988982590420434,0.0,27.0,55.0,22.495,18.194999999999997,17.659902529528633,18.72944785403248,16.257789363960907,49.955,49.2621235490832,50.64789373416184,50.04,49.34710716713445,50.73287746998104,0.005,29.0,60.0,26.225,23.73,23.13883785332143,24.318134095467666,18.670358155157786,44.02,43.333235464814,44.709061286417004,55.98,55.290938713582996,56.666764535186,0.0,27.0,54.0,22.515,21.505,20.93471109997327,22.07366476555109,18.805219478568993,27.0,,
primaer,2019-05-06 til 2026-09-10,15m,RTH,1,1.0,47868,0.2567541027636573,0.47689082433182034,0.2969741450429296,149.6260209265489,277.91289678761166,173.0646527652177,2.6266577352938434,13.895644839380582,7.612633933092137,14.026977726145276,0.015177320690997542,33.83924402303325,33.91849397117526,basis,absolut,40,40.0,6.1607559769667475,55.00000000000001,200,65.5,64.83826526267251,66.15578161958825,34.5,33.84421838041175,35.161734737327485,0.0,27.0,55.0,26.125,39.37500000000001,38.693915650888805,40.048206923298636,31.445064774893055,58.88,58.19642218022252,59.56016725942106,41.12,40.43983274057894,41.80357781977747,0.0,25.0,50.0,22.495,36.385,35.71497436222901,37.048564910852924,31.553215016610093,68.86,68.21466478313994,69.49809161682379,31.14,30.501908383176207,31.785335216860062,0.0,26.5,55.0,26.225,42.635,41.94514034324559,43.31596579907722,34.25637990233084,62.15,61.475545685348635,62.819787838488025,37.85,37.180212161511975,38.524454314651365,0.0,25.0,50.0,22.515,39.63500000000001,38.95329420759396,40.30914298606443,34.311364031025,25.0,,
primaer,2019-05-06 til 2026-09-10,15m,RTH,1,1.0,47868,0.2567541027636573,0.47689082433182034,0.2969741450429296,149.6260209265489,277.91289678761166,173.0646527652177,2.6266577352938434,13.895644839380582,7.612633933092137,14.026977726145276,0.015177320690997542,33.83924402303325,33.91849397117526,basis,absolut,45,45.0,11.160755976966746,55.00000000000001,200,87.385,86.91766342246254,87.83797804162253,12.615,12.162021958377474,13.082336577537465,0.0,22.0,43.0,26.125,61.260000000000005,60.577934647183206,61.92834582901876,57.77418041831951,82.325,81.7901440457585,82.84744082321434,17.675,17.152559176785655,18.2098559542415,0.0,21.0,41.0,22.495,59.830000000000005,59.14354518087161,60.50248708779501,57.807432508146825,88.84,88.39613482937116,89.26894780979062,11.16,10.731052190209379,11.60386517062883,0.0,21.0,42.0,26.225,62.614999999999995,61.9374604873725,63.27864900670222,60.388263557822945,84.2,83.68794228646011,84.69892244730232,15.8,15.301077552697674,16.31205771353988,0.0,20.0,40.0,22.515,61.685,61.00396763069059,62.35159097602211,60.47173609325229,21.0,,
primaer,2019-05-06 til 2026-09-10,15m,RTH,1,1.0,47868,0.2567541027636573,0.47689082433182034,0.2969741450429296,149.6260209265489,277.91289678761166,173.0646527652177,2.6266577352938434,13.895644839380582,7.612633933092137,14.026977726145276,0.015177320690997542,33.83924402303325,33.91849397117526,basis,relativ,be,33.83924402303325,0.0,55.00000000000001,200,26.125,25.520776509494453,26.738393212184537,73.87,73.2565701059473,74.47426209273426,0.005,30.0,62.0,26.125,0.0,-0.013420202074575577,0.013420202074575577,-0.23456856964813458,22.495,21.921630107234506,23.078933796211807,77.505,76.92106620378819,78.0783698927655,0.0,27.0,55.0,22.495,0.0,-0.01440881966280783,0.01440881966280783,-0.2003665976423963,29.19,28.563961568964157,29.824030971690917,70.795,70.16087682452688,71.42113639589972,0.015,30.0,62.0,26.225,2.9650000000000007,2.730197886444794,3.2010238197945386,2.410996576782902,25.13,24.533664130373932,25.73588774305672,74.87,74.26411225694329,75.46633586962608,0.0,28.0,55.0,22.515,2.6150000000000033,2.394296333394303,2.837468411676572,2.447851179342379,27.0,,
primaer,2019-05-06 til 2026-09-10,15m,RTH,1,1.0,47868,0.2567541027636573,0.47689082433182034,0.2969741450429296,149.6260209265489,277.91289678761166,173.0646527652177,2.6266577352938434,13.895644839380582,7.612633933092137,14.026977726145276,0.015177320690997542,33.83924402303325,33.91849397117526,basis,relativ,be+3,36.83924402303326,3.0000000000000027,55.00000000000001,200,45.405,44.71592859214254,46.09583621921306,54.595,53.90416378078694,55.28407140785746,0.0,30.0,61.0,26.125,19.28,18.732339754002435,19.825939961575116,15.325577828572325,39.555,38.87940459972988,40.23460703348215,60.445,59.76539296651786,61.120595400270126,0.0,27.0,54.0,22.495,17.06,16.538419196272194,17.581247176436015,15.338460669349287,48.905,48.212491051765866,49.597929507196994,51.09,50.39706993895808,51.782511422439605,0.005,29.0,61.0,26.225,22.68,22.098227584243887,23.259055688233477,17.805945552287227,42.935,42.25042186167759,43.62229160779518,57.065,56.377708392204816,57.74957813832242,0.0,27.0,55.0,22.515,20.42,19.860596818375146,20.978103934763325,17.902138949337147,27.0,,
primaer,2019-05-06 til 2026-09-10,15m,RTH,1,1.0,47868,0.2567541027636573,0.47689082433182034,0.2969741450429296,149.6260209265489,277.91289678761166,173.0646527652177,2.6266577352938434,13.895644839380582,7.612633933092137,14.026977726145276,0.015177320690997542,33.83924402303325,33.91849397117526,basis,relativ,be+6,39.83924402303325,6.0,55.00000000000001,200,64.475,63.808999807627565,65.1354407485482,35.525,34.864559251451794,36.19100019237244,0.0,27.0,55.0,26.125,38.35000000000001,37.6723217052859,39.02012181055157,30.58140889795064,57.93,57.2443599922258,58.61259431592439,42.07,41.38740568407561,42.75564000777422,0.0,25.0,50.5,22.495,35.435,34.76900055904438,36.094859323161884,30.7100913246656,67.84,67.18928480093734,68.48386335258084,32.16,31.516136647419156,32.810715199062656,0.0,27.0,55.0,26.225,41.615,40.92755201336499,42.29386785635658,33.33477933498035,61.105,60.42728428054127,61.77845059865263,38.895,38.22154940134736,39.57271571945872,0.0,25.0,50.0,22.515,38.59,37.91170143695612,39.26108920028839,33.40414094540988,25.0,,
primaer,2019-05-06 til 2026-09-10,15m,RTH,1,1.0,47868,0.2567541027636573,0.47689082433182034,0.2969741450429296,149.6260209265489,277.91289678761166,173.0646527652177,2.6266577352938434,13.895644839380582,7.612633933092137,14.026977726145276,0.015177320690997542,33.83924402303325,33.91849397117526,basis,relativ,be+11,44.83924402303325,10.999999999999998,55.00000000000001,200,86.91,86.43545026671754,87.37037363162081,13.09,12.629626368379181,13.564549733282455,0.0,22.0,44.0,26.125,60.785,60.10148816006521,61.45487125990975,56.86600737284778,81.735,81.19343789858668,82.26437357293234,18.265,17.73562642706764,18.806562101413316,0.0,21.0,41.0,22.495,59.24,58.55203774959856,59.9141534810818,56.89984006725245,88.375,87.92339604948785,88.81186518320614,11.625,11.188134816793864,12.076603950512167,0.0,21.0,43.0,26.225,62.150000000000006,61.47084635999769,62.81532528181324,59.43151507803454,83.685,83.16644468929782,84.19061784160242,16.315,15.80938215839758,16.833555310702184,0.0,21.0,40.0,22.515,61.17,60.487357646346354,61.83832894832732,59.53930704775854,21.0,,
primaer,2019-05-06 til 2026-09-10,15m,RTH,1,0.75,47868,0.2567541027636573,0.47689082433182034,0.2969741450429296,112.21951569491168,208.43467259070874,129.79848957391323,2.6266577352938434,10.421733629535439,5.742308671510276,10.55306651630013,0.02023642758799673,34.00788091959989,34.11354751712256,basis,absolut,34,34.0,-0.00788091959988968,55.00000000000001,200,25.935,25.332250978843945,26.54699171653638,73.915,73.30190061056014,74.51891430487638,0.15,49.0,100.0,25.985,-0.050000000000000044,-0.0838815715772023,-0.016325448016894985,-0.20987396197320946,22.77,22.194085482493485,23.35637280112197,77.15,76.56292435947536,77.72664808267815,0.08,45.0,91.0,22.825,-0.054999999999999494,-0.0906522740130683,-0.0196376505137833,-0.29103640864163927,31.22,30.5814427062359,31.86577016803139,68.625,67.97839344943213,69.26445320747798,0.155,50.0,101.0,25.805,5.414999999999997,5.101745196946579,5.729503081640015,2.4507544169215034,27.715,27.099005976471414,28.339553070549172,72.225,71.60004526111017,72.84141873619596,0.06,46.0,93.0,22.865,4.850000000000001,4.552916463025051,5.148920121656976,2.38533739635345,45.0,,
primaer,2019-05-06 til 2026-09-10,15m,RTH,1,0.75,47868,0.2567541027636573,0.47689082433182034,0.2969741450429296,112.21951569491168,208.43467259070874,129.79848957391323,2.6266577352938434,10.421733629535439,5.742308671510276,10.55306651630013,0.02023642758799673,34.00788091959989,34.11354751712256,basis,absolut,37,37.0,2.9921190804001077,55.00000000000001,200,50.71,50.01704812810489,51.40267918069544,49.19,48.49736108502382,49.882950013387074,0.1,47.0,96.0,25.985,24.724999999999998,24.125415304746532,25.32129752706987,11.502741304243683,45.96,45.27015552009079,46.651396131242535,54.0,53.308566847678726,54.68989686387245,0.04,45.0,89.0,22.825,23.135,22.549414188501526,23.71839356500301,11.548365331737058,56.5,55.8117450880985,57.18575844317213,43.395,42.70945402780665,44.08308276849449,0.105,47.0,95.0,25.805,30.694999999999993,30.05319907646799,31.331695050082196,14.093882119648898,51.26,50.56709265910568,51.95242341003292,48.705,48.012595705150204,49.39790166823511,0.035,44.0,87.0,22.865,28.394999999999992,27.768099866744073,29.018028649004002,14.083819702048919,45.0,,
primaer,2019-05-06 til 2026-09-10,15m,RTH,1,0.75,47868,0.2567541027636573,0.47689082433182034,0.2969741450429296,112.21951569491168,208.43467259070874,129.79848957391323,2.6266577352938434,10.421733629535439,5.742308671510276,10.55306651630013,0.02023642758799673,34.00788091959989,34.11354751712256,basis,absolut,40,40.0,5.99211908040011,55.00000000000001,200,73.01,72.39041116318509,73.62075133751296,26.955,26.34450698211473,27.57434395971114,0.035,42.0,84.0,25.985,47.02499999999999,46.328147607809306,47.71163979047394,22.937282264289816,67.92,67.26969386296317,68.56342356478605,32.065,31.421659137938267,32.71522919539421,0.015,40.0,78.0,22.825,45.095,44.400651428321574,45.77991667539045,22.94180647633821,77.915,77.33476949048874,78.48450913649894,22.05,21.480824195982763,22.629910619553485,0.035,41.0,82.0,25.805,52.11,51.41180118124582,52.79652673531334,25.621111245621346,72.75,72.12860722106034,73.36265513838691,27.245,26.632381222255226,27.8663583386581,0.005,39.0,77.0,22.865,49.885000000000005,49.18652564762867,50.57247674497617,25.594784096582952,40.0,,
primaer,2019-05-06 til 2026-09-10,15m,RTH,1,0.75,47868,0.2567541027636573,0.47689082433182034,0.2969741450429296,112.21951569491168,208.43467259070874,129.79848957391323,2.6266577352938434,10.421733629535439,5.742308671510276,10.55306651630013,0.02023642758799673,34.00788091959989,34.11354751712256,basis,absolut,45,45.0,10.992119080400109,55.00000000000001,200,93.53,93.18064447614599,93.86263686480956,6.47,6.137363135190443,6.819355523854023,0.0,31.0,61.0,25.985,67.545,66.88890748071965,68.18686077907405,42.62190676653024,91.125,90.72293436773623,91.51127066664915,8.875,8.48872933335084,9.277065632263763,0.0,30.0,59.60000000000218,22.825,68.30000000000001,67.64726454091976,68.93716547122314,42.64848048816714,94.75,94.43221423611723,95.0505985368614,5.25,4.949401463138595,5.567785763882769,0.0,30.0,58.0,25.805,68.94500000000001,68.29651955366404,69.57928177646747,45.235108838955504,92.69,92.32099191073601,93.04261205079378,7.31,6.957387949206222,7.6790080892639905,0.0,29.0,56.0,22.865,69.82499999999999,69.18093707882342,70.45342364698948,45.29907812541311,30.0,,
primaer,2019-05-06 til 2026-09-10,15m,RTH,1,0.75,47868,0.2567541027636573,0.47689082433182034,0.2969741450429296,112.21951569491168,208.43467259070874,129.79848957391323,2.6266577352938434,10.421733629535439,5.742308671510276,10.55306651630013,0.02023642758799673,34.00788091959989,34.11354751712256,basis,relativ,be,34.00788091959989,0.0,55.00000000000001,200,25.985,25.38186152500963,26.597361966765078,73.865,73.25153343428947,74.46930068475265,0.15,49.0,100.0,25.985,0.0,-0.013456999240926968,0.013456999240926968,-0.18488443135107563,22.825,22.248580834228406,23.411856325420878,77.095,76.507442895175,77.67215067094469,0.08,45.0,91.0,22.825,0.0,-0.014316156243798644,0.014316156243803377,-0.2624359588581322,31.28,30.641094910743362,31.9260949191972,68.56,67.91304518906874,69.19982643252865,0.16,50.0,101.0,25.805,5.475000000000002,5.160111923716606,5.791131857746326,2.481560178484682,27.765,27.148651952803114,28.389887890611863,72.175,71.54971159768839,72.79177160322337,0.06,46.0,93.0,22.865,4.900000000000001,4.6014658607214,5.200369744025018,2.4189977965951543,45.0,,
primaer,2019-05-06 til 2026-09-10,15m,RTH,1,0.75,47868,0.2567541027636573,0.47689082433182034,0.2969741450429296,112.21951569491168,208.43467259070874,129.79848957391323,2.6266577352938434,10.421733629535439,5.742308671510276,10.55306651630013,0.02023642758799673,34.00788091959989,34.11354751712256,basis,relativ,be+3,37.00788091959989,2.9999999999999973,55.00000000000001,200,50.78,50.08704913800185,51.472651285750636,49.115,48.42239310349078,49.80794680032851,0.105,47.0,96.0,25.985,24.795,24.194837631002386,25.391854039745642,11.53924104789155,46.03,45.340064141931016,46.72146062435445,53.93,53.238503137900075,54.61998745869895,0.04,45.0,89.0,22.825,23.205,22.618786752190637,23.788999386581445,11.58529657156521,56.535,55.84680212086729,57.220687967879435,43.365,42.67951530982636,44.053033008638145,0.1,47.0,95.0,25.805,30.73,30.087990823011495,31.366892291855848,14.116250706589158,51.28,50.587095859019314,51.97241252867707,48.685,47.99260678066979,49.37789827415777,0.035,44.0,87.0,22.865,28.415000000000003,27.787963936608463,29.038158077677306,14.100168026713893,45.0,,
primaer,2019-05-06 til 2026-09-10,15m,RTH,1,0.75,47868,0.2567541027636573,0.47689082433182034,0.2969741450429296,112.21951569491168,208.43467259070874,129.79848957391323,2.6266577352938434,10.421733629535439,5.742308671510276,10.55306651630013,0.02023642758799673,34.00788091959989,34.11354751712256,basis,relativ,be+6,40.00788091959989,6.0,55.00000000000001,200,73.05,72.43069106236165,73.66045607545195,26.915,26.304802799230515,27.53406350547984,0.035,42.0,84.0,25.985,47.065,46.36810882527442,47.75166671427178,22.95910400278924,67.94,67.28979646885243,68.58331327745454,32.045,31.40176952747908,32.69512648729564,0.015,40.0,78.0,22.825,45.115,44.420620845806845,45.799940632195145,22.957704913214375,77.96,77.38018088688739,78.52908045685523,22.005,21.436253641295128,22.584498457486163,0.035,41.0,82.0,25.805,52.154999999999994,51.45682156290965,52.841494022594425,25.648898854585592,72.8,72.17895206559184,73.41229109024977,27.195,26.58274536858246,27.81601339593648,0.005,39.0,77.0,22.865,49.934999999999995,49.23651636081637,50.62247004051411,25.616504047140328,40.0,,
primaer,2019-05-06 til 2026-09-10,15m,RTH,1,0.75,47868,0.2567541027636573,0.47689082433182034,0.2969741450429296,112.21951569491168,208.43467259070874,129.79848957391323,2.6266577352938434,10.421733629535439,5.742308671510276,10.55306651630013,0.02023642758799673,34.00788091959989,34.11354751712256,basis,relativ,be+11,45.00788091959989,10.999999999999998,55.00000000000001,200,93.53,93.18064447614599,93.86263686480956,6.47,6.137363135190443,6.819355523854023,0.0,31.0,61.0,25.985,67.545,66.88890748071965,68.18686077907405,42.64295759264475,91.135,90.7331328424132,91.52106835125107,8.865,8.478931648748931,9.266867157586796,0.0,30.0,59.0,22.825,68.31,67.6573185617165,68.94711056795879,42.67461201355968,94.75,94.43221423611723,95.0505985368614,5.25,4.949401463138595,5.567785763882769,0.0,30.0,58.0,25.805,68.94500000000001,68.29651955366404,69.57928177646747,45.25367565313796,92.69,92.32099191073601,93.04261205079378,7.31,6.957387949206222,7.6790080892639905,0.0,29.0,56.0,22.865,69.82499999999999,69.18093707882342,70.45342364698948,45.31764535531499,30.0,,
primaer,2019-05-06 til 2026-09-10,15m,RTH,1,0.5,47868,0.2567541027636573,0.47689082433182034,0.2969741450429296,74.81301046327445,138.95644839380583,86.53232638260884,2.6266577352938434,6.947822419690291,3.871983409928415,7.079155306454983,0.030354641381995083,34.34515471273317,34.50365460901718,basis,absolut,34,34.0,-0.34515471273316445,55.00000000000001,200,19.295,18.754019985438244,19.847772948767137,74.025,73.41271200109381,74.62806066641036,6.68,96.0,166.0,22.375,-3.079999999999999,-3.3211297074144386,-2.841359208073788,-0.9875612569061473,18.14,17.612077510772135,18.680159026722844,76.96,76.37126709760567,77.53837831824917,4.9,93.0,162.30000000000018,21.055,-2.9149999999999983,-3.1499792330028824,-2.6827455094096666,-1.000289771314584,28.745,28.12190574891149,29.37625770383352,62.52,61.846779644167974,63.188411772987166,8.735,96.0,167.0,22.08,6.664999999999999,6.320055964652585,7.0118504021513,1.6705327505304612,27.34,26.726692045882572,27.96201102818009,66.105,65.4459414701188,66.75787304851409,6.555,93.5,164.0,20.925,6.414999999999998,6.076278626976657,6.755928693728408,1.6712046168318258,93.0,,
primaer,2019-05-06 til 2026-09-10,15m,RTH,1,0.5,47868,0.2567541027636573,0.47689082433182034,0.2969741450429296,74.81301046327445,138.95644839380583,86.53232638260884,2.6266577352938434,6.947822419690291,3.871983409928415,7.079155306454983,0.030354641381995083,34.34515471273317,34.50365460901718,basis,absolut,37,37.0,2.6548452872668324,55.00000000000001,200,51.985,51.29227957055503,52.676958046302246,40.495,39.816572430832615,41.17707817459394,7.52,92.0,164.0,22.375,29.610000000000003,28.975159093922564,30.24066996270318,6.832372391222775,49.66,48.967195935773624,50.352934648744515,44.535,43.84731451379594,45.224784440297285,5.805,89.0,160.0,21.055,28.605000000000004,27.97686798584973,29.229579833823376,6.821092062891021,64.135,63.4676585732695,64.79691256742441,29.68,29.050804061178976,30.31700028414112,6.185,88.0,159.0,22.08,42.055,41.36666629226837,42.73501102801565,9.436308091727476,61.69,61.01406950317227,62.361440693836,33.465,32.814266783034164,34.12208384934122,4.845,86.0,156.0,20.925,40.765,40.080091890873625,41.44220635483389,9.439038757519882,89.0,,
primaer,2019-05-06 til 2026-09-10,15m,RTH,1,0.5,47868,0.2567541027636573,0.47689082433182034,0.2969741450429296,74.81301046327445,138.95644839380583,86.53232638260884,2.6266577352938434,6.947822419690291,3.871983409928415,7.079155306454983,0.030354641381995083,34.34515471273317,34.50365460901718,basis,absolut,40,40.0,5.654845287266835,55.00000000000001,200,81.845,81.30467210651699,82.37309711706972,15.245,14.753505157434734,15.749843268825096,2.91,77.0,144.0,22.375,59.47,58.78260904827136,60.14351157569527,14.508029451069461,79.555,78.9904154039098,80.10823334481387,18.12,17.592310559737392,18.659933659199837,2.325,76.0,141.0,21.055,58.5,57.81027080402633,59.17607923177681,14.505307576984183,88.31,87.85733267314846,88.7479535242328,9.945,9.53790762907885,10.367476379375692,1.745,71.0,135.0,22.08,66.23,65.56675811749163,66.87774861937653,17.10597705039398,86.605,86.12592661909845,87.07001442123413,12.025,11.581506583094656,12.48307855536649,1.37,70.0,132.0,20.925,65.68,65.01414424054434,66.3302582141647,17.116637525387084,76.0,,
primaer,2019-05-06 til 2026-09-10,15m,RTH,1,0.5,47868,0.2567541027636573,0.47689082433182034,0.2969741450429296,74.81301046327445,138.95644839380583,86.53232638260884,2.6266577352938434,6.947822419690291,3.871983409928415,7.079155306454983,0.030354641381995083,34.34515471273317,34.50365460901718,basis,absolut,45,45.0,10.654845287266834,55.00000000000001,200,98.195,98.00102203491645,98.37046760963563,1.735,1.563088899201453,1.9254483412943262,0.07,51.0,92.0,22.375,75.82,75.219172689157,76.40628449349931,27.525186658576917,97.535,97.31080561839482,97.74093751375132,2.41,2.206421234192769,2.631856757627269,0.055,51.0,91.0,21.055,76.48,75.8842625999118,77.0601415321142,27.536299112957327,98.905,98.75108895266084,99.04012800069157,1.09,0.955198201982511,1.2435867650256431,0.005,47.0,84.0,22.08,76.825,76.23305127146385,77.40294036225035,30.15116087969022,98.52,98.34308909923779,98.67827572187781,1.475,1.3170034122381498,1.6516336870068038,0.005,47.0,83.0,20.925,77.595,77.0095014848545,78.16554383723143,30.15746161871469,51.0,,
primaer,2019-05-06 til 2026-09-10,15m,RTH,1,0.5,47868,0.2567541027636573,0.47689082433182034,0.2969741450429296,74.81301046327445,138.95644839380583,86.53232638260884,2.6266577352938434,6.947822419690291,3.871983409928415,7.079155306454983,0.030354641381995083,34.34515471273317,34.50365460901718,basis,relativ,be,34.34515471273317,0.0,55.00000000000001,200,22.375,21.80275173671666,22.957858255383115,70.475,69.83892949722843,71.10320662627406,7.15,95.0,167.0,22.375,0.0,-0.014442643816476544,0.014442643816471853,-0.07661255850538246,21.055,20.49555341470394,21.625563552583948,73.74,73.12561995568132,74.34526217237486,5.205,92.0,164.0,21.055,0.0,-0.014819075198282863,0.014819075198282863,-0.0845980862708706,32.48,31.834399206302972,33.132329737102935,58.71,58.02603395736357,59.39062077453908,8.81,96.0,168.0,22.08,10.399999999999999,9.97745624897271,10.823902124460433,2.563267755546038,30.985,30.347816989308797,31.629486141904874,62.305,61.631057541697466,62.9742164509618,6.71,93.0,164.0,20.925,10.060000000000002,9.643808090458924,10.477913407851645,2.5799346683047797,92.0,,
primaer,2019-05-06 til 2026-09-10,15m,RTH,1,0.5,47868,0.2567541027636573,0.47689082433182034,0.2969741450429296,74.81301046327445,138.95644839380583,86.53232638260884,2.6266577352938434,6.947822419690291,3.871983409928415,7.079155306454983,0.030354641381995083,34.34515471273317,34.50365460901718,basis,relativ,be+3,37.34515471273316,2.9999999999999973,55.00000000000001,200,56.13,55.441163451018305,56.81648218693385,36.895,36.22884929774525,37.566183967285255,6.975,91.0,163.0,22.375,33.755,33.09683287182033,34.407614023354306,7.711648390269323,53.655,52.963266112979376,54.34533010345049,40.88,40.200487305630425,41.56301543203293,5.465,88.0,160.0,21.055,32.599999999999994,31.947872408284105,33.24722613103479,7.704540451040451,67.69,67.03852366925108,68.33468209508392,26.695,26.086441171415526,27.312509629159514,5.615,87.0,157.0,22.08,45.60999999999999,44.91493660421706,46.29553652239135,10.322906607894835,65.205,64.54200323151366,65.8621569520202,30.345,29.71165814891356,30.985890788451915,4.45,85.0,154.0,20.925,44.28,43.58710899449588,44.963966049032194,10.319581106391837,88.0,,
primaer,2019-05-06 til 2026-09-10,15m,RTH,1,0.5,47868,0.2567541027636573,0.47689082433182034,0.2969741450429296,74.81301046327445,138.95644839380583,86.53232638260884,2.6266577352938434,6.947822419690291,3.871983409928415,7.079155306454983,0.030354641381995083,34.34515471273317,34.50365460901718,basis,relativ,be+6,40.34515471273317,6.0,55.00000000000001,200,84.185,83.67275039560107,84.68412009924305,13.4,12.934910185933404,13.87914685337345,2.415,75.0,140.0,22.375,61.809999999999995,61.129362725564704,62.47614904348207,15.399802351604439,82.005,81.46648039195411,82.53122738009463,16.045,15.542869211650787,16.560171956919277,1.95,74.0,138.0,21.055,60.949999999999996,60.266640682567285,61.61899128648941,15.40816958179809,89.975,89.55105982025138,90.38358689706307,8.645,8.263421139657344,9.042462162543071,1.38,69.0,131.0,22.08,67.89500000000001,67.23999677299115,68.53424681945934,17.995029871359055,88.355,87.90306838511536,88.79220052902085,10.505,10.087614750691133,10.937554177380573,1.14,69.0,128.0,20.925,67.42999999999999,66.77246574348787,68.07157166517553,17.99745542513223,74.0,,
primaer,2019-05-06 til 2026-09-10,15m,RTH,1,0.5,47868,0.2567541027636573,0.47689082433182034,0.2969741450429296,74.81301046327445,138.95644839380583,86.53232638260884,2.6266577352938434,6.947822419690291,3.871983409928415,7.079155306454983,0.030354641381995083,34.34515471273317,34.50365460901718,basis,relativ,be+11,45.34515471273316,10.999999999999998,55.00000000000001,200,98.46,98.27980003927365,98.62158782616869,1.495,1.3358898033699482,1.6727396144327615,0.045,49.0,89.0,22.375,76.08500000000001,75.48650725260602,76.6691671765641,28.425727525905145,97.925,97.7180459510423,98.11354739298007,2.035,1.8483311595342697,2.240090859327847,0.04,49.0,89.0,21.055,76.86999999999999,76.27778317017399,77.4468552276583,28.43688341049661,99.06,98.91652474098804,99.184632681187,0.935,0.8107200901625576,1.0781244080229893,0.005,46.0,82.0,22.08,76.98,76.3895166692117,77.55666955611945,31.0121298951082,98.72,98.55458786607396,98.8667001406192,1.275,1.1286008295679546,1.4401130840994407,0.005,46.0,81.0,20.925,77.79499999999999,77.2114412623993,78.36380310308408,31.02062862216538,49.0,,
primaer,2019-05-06 til 2026-09-10,5m,RTH,1,1.0,143597,0.14616894397075053,0.2847694374952755,0.17118080874795064,85.18141378839458,165.95223739474676,99.75732810595572,2.6266577352938434,8.297611869737338,4.390403576184422,8.428944756502029,0.026330474012936464,34.21101580043121,34.36120143212576,basis,absolut,34,34.0,-0.21101580043120793,55.00000000000001,200,22.845,22.268397677296832,23.432031800910202,75.005,74.4001625984231,75.60023367841112,2.15,75.0,143.0,24.705,-1.8600000000000005,-2.0485270156953694,-1.6730214631890747,-0.7515341674661917,20.825,20.267873445557246,21.393331858316454,77.95,77.37008938044652,78.51917580401724,1.225,71.0,135.0,22.515,-1.69,-1.8701216100913052,-1.5116855642792824,-0.7849511118605463,30.79,30.153972031227827,31.433405994047714,66.725,66.06880806700063,67.37476832692268,2.485,76.0,145.0,24.78,6.010000000000002,5.681080856367379,6.340308248262643,1.879155339060969,28.36,27.73951262469308,28.988798695815138,70.225,69.58743416602464,70.85479797550593,1.415,73.0,137.90000000000055,22.79,5.570000000000003,5.252811316464042,5.889015069849257,1.8709463745692163,71.0,,
primaer,2019-05-06 til 2026-09-10,5m,RTH,1,1.0,143597,0.14616894397075053,0.2847694374952755,0.17118080874795064,85.18141378839458,165.95223739474676,99.75732810595572,2.6266577352938434,8.297611869737338,4.390403576184422,8.428944756502029,0.026330474012936464,34.21101580043121,34.36120143212576,basis,absolut,37,37.0,2.788984199568789,55.00000000000001,200,52.305,51.61240849730374,52.99670621647762,45.43,44.74089191171924,46.12086329783356,2.265,72.0,141.0,24.705,27.6,26.978459077559513,28.21758203300292,8.170844295806921,48.545,47.85268741626098,49.23787140866229,50.085,49.39209930485898,50.77786804901149,1.37,70.0,134.0,22.515,26.029999999999998,25.420299352597574,26.636665125617288,8.170194553879508,61.65,60.97394416059064,62.32158139930212,36.455,35.79061940282506,37.12458285393481,1.895,70.0,137.0,24.78,36.870000000000005,36.19787069226203,37.53518265567071,10.853832922438977,57.75,57.06399861651425,58.43302482461613,41.075,40.39495419453756,41.7584736490639,1.175,68.0,131.0,22.79,34.96,34.29609587670793,35.61787377783613,10.82964221995046,70.0,,
primaer,2019-05-06 til 2026-09-10,5m,RTH,1,1.0,143597,0.14616894397075053,0.2847694374952755,0.17118080874795064,85.18141378839458,165.95223739474676,99.75732810595572,2.6266577352938434,8.297611869737338,4.390403576184422,8.428944756502029,0.026330474012936464,34.21101580043121,34.36120143212576,basis,absolut,40,40.0,5.788984199568792,55.00000000000001,200,78.87,78.29871458208308,79.43019725603743,20.285,19.733428619352015,20.847984083462283,0.845,62.0,121.0,24.705,54.165,53.46828032749307,54.849429947685856,17.10759311861426,75.005,74.4001625984231,75.60023367841112,24.435,23.844421882067152,25.035396921481478,0.56,60.0,117.0,22.515,52.49,51.791974683190325,53.17621572311234,17.084878228357322,84.73,84.2248268920733,85.22183428346969,14.84,14.35406969566164,15.339434279803635,0.43,59.0,115.0,24.78,59.95,59.26399544895974,60.622272819360376,19.805787706386816,81.56,81.01648933737641,82.09138934676226,18.145,17.617019286368002,18.685215330766418,0.295,57.0,111.0,22.79,58.77,58.08091981026533,59.445418830131025,19.791634746624695,60.0,,
primaer,2019-05-06 til 2026-09-10,5m,RTH,1,1.0,143597,0.14616894397075053,0.2847694374952755,0.17118080874795064,85.18141378839458,165.95223739474676,99.75732810595572,2.6266577352938434,8.297611869737338,4.390403576184422,8.428944756502029,0.026330474012936464,34.21101580043121,34.36120143212576,basis,absolut,45,45.0,10.788984199568791,55.00000000000001,200,96.57,96.30868996222047,96.81342379951393,3.425,3.1817543832310355,3.686133775395111,0.005,42.0,80.0,24.705,71.865,71.23455551423469,72.48115600143784,32.150905084632065,95.19,94.88467110742826,95.47797267382099,4.81,4.522027326179008,5.1153288925717275,0.0,42.0,79.0,22.515,72.675,72.04946707905556,73.28488489026185,32.13558199184324,97.595,97.37335717583238,97.79836291198701,2.405,2.2016370880129847,2.6266428241676136,0.0,40.0,75.0,24.78,72.815,72.19136160447806,73.42483358628864,34.79030238498257,96.69,96.43296054006638,96.92910713301457,3.31,3.070892866985426,3.5670394599336235,0.0,40.0,74.0,22.79,73.9,73.28364072086289,74.50121513475284,34.78189359693691,42.0,,
primaer,2019-05-06 til 2026-09-10,5m,RTH,1,1.0,143597,0.14616894397075053,0.2847694374952755,0.17118080874795064,85.18141378839458,165.95223739474676,99.75732810595572,2.6266577352938434,8.297611869737338,4.390403576184422,8.428944756502029,0.026330474012936464,34.21101580043121,34.36120143212576,basis,relativ,be,34.21101580043121,0.0,55.00000000000001,200,24.705,24.112160340030727,25.3075547640476,73.215,72.59685236216691,73.82423140374814,2.08,75.0,142.0,24.705,0.0,-0.013798596860008653,0.013798596860008653,-0.11202415060975608,22.515,21.941443836078403,23.09911238592566,76.25,75.65522122491753,76.83469688213698,1.235,71.0,134.80000000000018,22.515,0.0,-0.014403188919525288,0.014403188919520585,-0.14389643191122725,32.74,32.09301297700285,33.393616107653884,64.585,63.91944154544085,65.2449567628026,2.675,76.0,145.0,24.78,7.9600000000000035,7.585272562526886,8.335884793508447,2.5122465202581785,30.15,29.5178574015804,30.78976642984695,68.255,67.60643053278311,68.89655823080851,1.595,72.0,138.0,22.79,7.359999999999999,6.998739686552846,7.722928256189664,2.4984588894623494,71.0,,
primaer,2019-05-06 til 2026-09-10,5m,RTH,1,1.0,143597,0.14616894397075053,0.2847694374952755,0.17118080874795064,85.18141378839458,165.95223739474676,99.75732810595572,2.6266577352938434,8.297611869737338,4.390403576184422,8.428944756502029,0.026330474012936464,34.21101580043121,34.36120143212576,basis,relativ,be+3,37.21101580043121,3.0000000000000027,55.00000000000001,200,54.45,53.759009165663706,55.13928171343695,43.31,42.6246283254543,43.99794111697638,2.24,72.0,140.0,24.705,29.744999999999997,29.10909950370234,30.37626137482094,8.80267595283399,50.45,49.75705626770746,51.14277089984204,48.13,47.43795840094411,48.82275981390571,1.42,69.0,133.0,22.515,27.935,27.311302675379643,28.555046654799327,8.792281018984134,63.755,63.086202488055974,64.41851460004057,34.57,33.91388949746388,35.23203673522751,1.675,70.0,136.0,24.78,38.974999999999994,38.29526822498616,39.64710445552019,11.4978181861751,59.86,59.178824508715,60.53738854025862,39.075,38.400951590875025,39.75324439695086,1.065,67.0,130.0,22.79,37.07,36.39722283899048,37.73603828265671,11.46495571960964,69.0,,
primaer,2019-05-06 til 2026-09-10,5m,RTH,1,1.0,143597,0.14616894397075053,0.2847694374952755,0.17118080874795064,85.18141378839458,165.95223739474676,99.75732810595572,2.6266577352938434,8.297611869737338,4.390403576184422,8.428944756502029,0.026330474012936464,34.21101580043121,34.36120143212576,basis,relativ,be+6,40.21101580043121,6.0,55.00000000000001,200,80.34,79.78339971464939,80.88494753746616,18.915,18.37823036252389,19.463708519084133,0.745,61.0,120.0,24.705,55.635,54.940084436600024,56.3172272889154,17.7492966360632,76.525,75.93253566346726,77.1072768237564,22.97,22.39225718105579,23.558124288137215,0.505,59.0,115.0,22.515,54.010000000000005,53.31310846442977,54.694609071412394,17.701485708714603,85.82,85.32965328212964,86.29658925481102,13.785,13.31416992423691,14.269739247306742,0.395,58.0,112.0,24.78,61.03999999999999,60.35712060369015,61.70891898238355,20.45555151964247,82.78,82.25046365065319,83.29694646550858,16.985,16.470943190354998,17.511736950429587,0.235,56.0,108.0,22.79,59.99,59.30398415255528,60.66203072904012,20.451394303070597,59.0,,
primaer,2019-05-06 til 2026-09-10,5m,RTH,1,1.0,143597,0.14616894397075053,0.2847694374952755,0.17118080874795064,85.18141378839458,165.95223739474676,99.75732810595572,2.6266577352938434,8.297611869737338,4.390403576184422,8.428944756502029,0.026330474012936464,34.21101580043121,34.36120143212576,basis,relativ,be+11,45.21101580043121,10.999999999999998,55.00000000000001,200,96.815,96.56250161856181,97.0495180455051,3.175,2.940853317256685,3.427130859397513,0.01,42.0,79.0,24.705,72.11,71.48125980328255,72.72454057100856,32.7688973347083,95.48,95.18325022287169,95.75928217746502,4.515,4.235870421908189,4.81159909811565,0.005,41.0,77.0,22.515,72.965,72.34155107310531,73.57285141810458,32.76379709073092,97.775,97.5612246566793,97.9704262981599,2.225,2.029573701840098,2.4387753433206987,0.0,39.0,73.0,24.78,72.995,72.37269663736285,73.60360198901776,35.41969583982349,96.935,96.68695486667367,97.16501870873978,3.065,2.834981291260217,3.3130451333263236,0.0,39.0,73.0,22.79,74.14500000000001,73.53054450395523,74.74440456173532,35.40791257018914,41.0,,
primaer,2019-05-06 til 2026-09-10,5m,RTH,1,0.75,143597,0.14616894397075053,0.2847694374952755,0.17118080874795064,63.88606034129593,124.46417804606007,74.81799607946678,2.6266577352938434,6.2232089023030035,3.325635903829489,6.354541789067697,0.03510729868391529,34.503576622797176,34.70382413172324,basis,absolut,34,34.0,-0.503576622797175,55.00000000000001,200,14.885,14.398445247267563,15.385041444952666,71.72,71.09171927887125,72.33993867485155,13.395,109.0,175.0,19.07,-4.185,-4.464912581033275,-3.909014635779913,-1.254648496167536,14.43,13.949831750083174,14.92382969494811,74.885,74.27922857884899,75.48121378663868,10.685,107.5,173.0,18.42,-3.9899999999999993,-4.263727805192661,-3.720322804200237,-1.2398235877401302,25.29,24.692367841845964,25.897122580046727,57.39,56.7033037840774,58.073857923013364,17.32,112.0,178.0,19.07,6.220000000000001,5.886357108219425,6.55635447198009,1.4436570197882708,24.51,23.918790499019625,25.110999499120588,61.385,60.708125928709755,62.05750141029274,14.105,110.0,176.0,18.435,6.075,5.745107620734008,6.407791566547007,1.4280995985504084,107.5,,
primaer,2019-05-06 til 2026-09-10,5m,RTH,1,0.75,143597,0.14616894397075053,0.2847694374952755,0.17118080874795064,63.88606034129593,124.46417804606007,74.81799607946678,2.6266577352938434,6.2232089023030035,3.325635903829489,6.354541789067697,0.03510729868391529,34.503576622797176,34.70382413172324,basis,absolut,37,37.0,2.496423377202822,55.00000000000001,200,47.095,46.403842710654054,47.78727301883191,36.655,35.989807381388616,37.32531806094881,16.25,107.0,175.0,19.07,28.025,27.40107304527352,28.646064912222503,5.583893977721168,45.685,44.99552778496565,46.37612948619852,40.84,40.16059803112328,41.52292006942456,13.475,105.0,174.0,18.42,27.264999999999993,26.646551831381277,27.881024072580264,5.565730765942229,61.815,61.139464309006186,62.48599787898805,24.785,24.191496312990925,25.388188065318424,13.4,103.0,171.0,19.07,42.745,42.05531834090765,43.426616150719035,8.199386027632343,60.265,59.584899600201865,60.9411578995663,28.265,27.645164476458184,28.893183330900683,11.47,101.0,170.0,18.435,41.83,41.14252690323412,42.50986952845597,8.188233272274521,105.0,,
primaer,2019-05-06 til 2026-09-10,5m,RTH,1,0.75,143597,0.14616894397075053,0.2847694374952755,0.17118080874795064,63.88606034129593,124.46417804606007,74.81799607946678,2.6266577352938434,6.2232089023030035,3.325635903829489,6.354541789067697,0.03510729868391529,34.503576622797176,34.70382413172324,basis,absolut,40,40.0,5.496423377202825,55.00000000000001,200,79.89,79.32878209383144,80.43973799073466,12.715,12.26044759167655,13.183872537027174,7.395,91.0,160.0,19.07,60.82000000000001,60.13624241353684,61.489395332248066,12.183649383039231,78.39,77.81416198207329,78.9549342106611,15.25,14.758437232005091,15.754909273894176,6.36,90.0,158.0,18.42,59.97,59.283889721511464,60.642047236032546,12.18962218443145,88.405,87.95388833492316,88.84136137560743,7.38,7.025789118506955,7.750580034915404,4.215,84.0,150.0,19.07,69.33500000000001,68.68752865966324,69.96576555912588,14.788713629061816,87.25,86.7805920944878,87.70510121933242,9.065,8.674913680305666,9.47080831160762,3.685,83.0,149.0,18.435,68.815,68.16456685519952,69.44874520258806,14.791318389800953,90.0,,
primaer,2019-05-06 til 2026-09-10,5m,RTH,1,0.75,143597,0.14616894397075053,0.2847694374952755,0.17118080874795064,63.88606034129593,124.46417804606007,74.81799607946678,2.6266577352938434,6.2232089023030035,3.325635903829489,6.354541789067697,0.03510729868391529,34.503576622797176,34.70382413172324,basis,absolut,45,45.0,10.496423377202824,55.00000000000001,200,98.61,98.438156300529,98.7631739540965,1.125,0.9879306387020732,1.2808408857821536,0.265,60.0,107.0,19.07,79.54,78.97286195861304,80.09138320122531,23.424134910025153,98.22,98.02727417128094,98.39420587146833,1.535,1.3736855891347033,1.714928465783518,0.245,60.0,106.0,18.42,79.8,79.2351880326062,80.3483891962906,23.425633967168984,99.28,99.1529924157616,99.38808051054873,0.645,0.5431394234973075,0.76581645560078,0.075,55.0,95.5,19.07,80.21000000000001,79.6502045440894,80.75491843642033,26.059083286434173,99.07,98.92722740712954,99.19392617432436,0.865,0.7457637640207534,1.003107619212648,0.065,55.0,95.0,18.435,80.635,80.07940667677687,81.1750869352832,26.062489350330857,60.0,,
primaer,2019-05-06 til 2026-09-10,5m,RTH,1,0.75,143597,0.14616894397075053,0.2847694374952755,0.17118080874795064,63.88606034129593,124.46417804606007,74.81799607946678,2.6266577352938434,6.2232089023030035,3.325635903829489,6.354541789067697,0.03510729868391529,34.503576622797176,34.70382413172324,basis,relativ,be,34.503576622797176,0.0,55.00000000000001,200,19.07,18.53150302546302,19.62037632496761,65.93,65.27015514106238,66.58372659019012,15.0,110.0,177.0,19.07,0.0,-0.015399253056753158,0.015399253056753158,-0.0905191932265958,18.42,17.888840103280423,18.96328889402314,69.66,69.01913787163859,70.29331127063537,11.92,108.0,176.0,18.42,0.0,-0.015592645819169852,0.015592645819169852,-0.10147702139310039,30.71,30.074449763622418,31.35295898742209,51.48,50.7871339609575,52.17229761231644,17.81,111.0,178.0,19.07,11.639999999999997,11.196339747692784,12.08560353462111,2.570489806854931,29.79,29.160107265158043,30.427654832229713,55.55,54.860329752057154,56.237538647720086,14.66,109.0,176.0,18.435,11.354999999999999,10.916226333375954,11.79597263612773,2.5690591538325562,108.0,,
primaer,2019-05-06 til 2026-09-10,5m,RTH,1,0.75,143597,0.14616894397075053,0.2847694374952755,0.17118080874795064,63.88606034129593,124.46417804606007,74.81799607946678,2.6266577352938434,6.2232089023030035,3.325635903829489,6.354541789067697,0.03510729868391529,34.503576622797176,34.70382413172324,basis,relativ,be+3,37.503576622797176,2.9999999999999973,55.00000000000001,200,53.455,52.76310700124819,54.14556602960413,31.525,30.88468770993548,32.17240802233758,15.02,106.0,174.0,19.07,34.385,33.72413010005024,35.04079762886894,6.710954210310839,52.06,51.36730723503202,52.75190157641683,35.5,34.83966891220487,36.16590013342215,12.44,104.0,172.0,18.42,33.63999999999999,32.982824209218656,34.292530145961884,6.703784418557024,67.41,66.75712325501695,68.0561900495095,20.605,20.05011820692666,21.17117159281173,11.985,100.0,168.0,19.07,48.34,47.64236226883162,49.02756081250613,9.298262787426387,65.805,65.14459957995501,66.45933016031152,23.875,23.289214351320204,24.47081953261126,10.32,99.0,167.0,18.435,47.370000000000005,46.67316648958329,48.05721280771297,9.28210813081121,104.0,,
primaer,2019-05-06 til 2026-09-10,5m,RTH,1,0.75,143597,0.14616894397075053,0.2847694374952755,0.17118080874795064,63.88606034129593,124.46417804606007,74.81799607946678,2.6266577352938434,6.2232089023030035,3.325635903829489,6.354541789067697,0.03510729868391529,34.503576622797176,34.70382413172324,basis,relativ,be+6,40.503576622797176,6.0,55.00000000000001,200,83.845,83.32844353428453,84.34855754507774,10.39,9.97469683401657,10.82051626234804,5.765,88.0,155.0,19.07,64.775,64.10515857771858,65.42928246535268,13.310216106739526,82.43,81.89636003753571,82.95118450386532,12.575,12.122654348577008,13.041719550222423,4.995,87.0,154.0,18.42,64.01,63.337075525582584,64.66756766959219,13.311157290270438,91.06,90.65664794091303,91.44758205815964,5.71,5.396847438539938,6.0401631153098085,3.23,80.0,145.0,19.07,71.99,71.35898844962799,72.60384229761435,15.93147922353834,89.955,89.53069515153214,90.36395924722453,7.235,6.8841116562747215,7.602313187603907,2.81,79.0,143.0,18.435,71.52,70.8857990023871,72.13693875893625,15.929411486748991,87.0,,
primaer,2019-05-06 til 2026-09-10,5m,RTH,1,0.75,143597,0.14616894397075053,0.2847694374952755,0.17118080874795064,63.88606034129593,124.46417804606007,74.81799607946678,2.6266577352938434,6.2232089023030035,3.325635903829489,6.354541789067697,0.03510729868391529,34.503576622797176,34.70382413172324,basis,relativ,be+11,45.503576622797176,10.999999999999998,55.00000000000001,200,98.995,98.84704810243778,99.12413428442453,0.86,0.7411318531531258,0.9977414504408368,0.145,58.0,102.0,19.07,79.925,79.36202364812586,80.47266883084923,24.518094205062212,98.64,98.46988324493174,98.79143548753042,1.235,1.0910308481796678,1.3976984283722163,0.125,58.0,102.0,18.42,80.22,79.65973933707167,80.76422164757007,24.519898124949805,99.475,99.3649046241228,99.56609340812565,0.49,0.4022757384341803,0.5967396718412997,0.035,53.0,92.0,19.07,80.405,79.84744450788043,80.94805032228672,27.175405327685812,99.3,99.17460998660388,99.40645525826419,0.675,0.5706097196676444,0.7983346372670768,0.025,53.0,91.0,18.435,80.865,80.31206996563148,81.40279028364465,27.174474700151077,58.0,,
primaer,2019-05-06 til 2026-09-10,5m,RTH,1,0.5,143597,0.14616894397075053,0.2847694374952755,0.17118080874795064,42.59070689419729,82.97611869737338,49.87866405297786,2.6266577352938434,4.148805934868669,2.2608682314745567,4.280138821633361,0.05266094802587293,35.0886982675291,35.389069530918185,basis,absolut,34,34.0,-1.0886982675290924,55.00000000000001,200,3.26,3.022716884686837,3.515234645837823,53.09,52.39784539444313,53.780967822730155,43.65,149.0,189.0,6.9,-3.640000000000001,-3.9057797727281818,-3.3853561625911173,-1.654769002331015,3.245,3.0082670835706904,3.499690208035654,56.14,55.45117866020885,56.826463137022174,40.615,148.0,189.0,6.885,-3.6399999999999997,-3.9057894299875087,-3.3853656522611137,-1.6510913317475253,9.99,9.582065946575787,10.413300778633706,31.1,30.462142058515777,31.745116904404973,58.91,147.0,190.0,6.43,3.5600000000000005,3.3065766849002434,3.8214164983280714,0.9633880573258005,9.985,9.577159338174726,10.408209307395325,33.815,33.16252047073747,34.47369573639864,56.2,147.0,190.0,6.43,3.5549999999999997,3.3017487357732174,3.816242153468193,0.9675770304126651,148.0,,
primaer,2019-05-06 til 2026-09-10,5m,RTH,1,0.5,143597,0.14616894397075053,0.2847694374952755,0.17118080874795064,42.59070689419729,82.97611869737338,49.87866405297786,2.6266577352938434,4.148805934868669,2.2608682314745567,4.280138821633361,0.05266094802587293,35.0886982675291,35.389069530918185,basis,absolut,37,37.0,1.9113017324709047,55.00000000000001,200,19.705,19.159568436949698,20.262067027689678,20.165,19.614684033810338,20.726774757657424,60.13,145.0,189.0,6.9,12.805,12.345291611868095,13.271971558199139,2.809969966691756,19.695,19.149675901791348,20.25196340356915,22.41,21.83742388482208,22.993172664753768,57.895,145.0,189.0,6.885,12.809999999999999,12.350218890329105,13.277053126783327,2.8125018447620382,39.345,38.670072983149126,40.02401930520648,8.31,7.935403320752771,8.700608645605232,52.345,140.0,188.0,6.43,32.915000000000006,32.26389935808741,33.566580907253396,5.431131521683481,39.31,38.63518565322819,39.98892007765133,9.565,9.16512107376561,9.98040888209157,51.125,140.0,188.0,6.43,32.879999999999995,32.2290827696547,33.53141140570912,5.4327485264118724,145.0,,
primaer,2019-05-06 til 2026-09-10,5m,RTH,1,0.5,143597,0.14616894397075053,0.2847694374952755,0.17118080874795064,42.59070689419729,82.97611869737338,49.87866405297786,2.6266577352938434,4.148805934868669,2.2608682314745567,4.280138821633361,0.05266094802587293,35.0886982675291,35.389069530918185,basis,absolut,40,40.0,4.911301732470907,55.00000000000001,200,56.63,55.94195868026769,57.315494921628364,4.415,4.13894290232337,4.708565024911689,38.955,133.0,186.0,6.9,49.730000000000004,49.03363756424831,50.41965932682009,7.281581923963558,56.57,55.88185950197043,57.25561714425235,5.29,4.9882847304736115,5.608887133663265,38.14,133.0,186.0,6.885,49.685,48.98865465308696,50.3746692846117,7.280538486874271,77.275,76.68902386621164,77.85050056692786,1.345,1.194441191689571,1.51424583692997,21.38,122.0,179.0,6.43,70.845,70.20719458625582,71.46710789956482,9.916732045682645,77.245,76.65875931555368,77.82077663974918,1.64,1.4730380087505717,1.8255357185958672,21.115,122.0,179.0,6.43,70.815,70.17701092978106,71.4373051279584,9.918355236164203,133.0,,
primaer,2019-05-06 til 2026-09-10,5m,RTH,1,0.5,143597,0.14616894397075053,0.2847694374952755,0.17118080874795064,42.59070689419729,82.97611869737338,49.87866405297786,2.6266577352938434,4.148805934868669,2.2608682314745567,4.280138821633361,0.05266094802587293,35.0886982675291,35.389069530918185,basis,absolut,45,45.0,9.911301732470907,55.00000000000001,200,96.645,96.38634912348141,96.88573583284459,0.145,0.10098155215314163,0.20816636300105057,3.21,95.0,153.0,6.9,89.745,89.31270239878657,90.15408396347155,14.761722620639958,96.635,96.37599266746452,96.8760961295826,0.19,0.1384650063508281,0.2606656255583147,3.175,95.0,153.0,6.885,89.75000000000001,89.31778898567995,90.15898892616612,14.763190322831868,99.16,99.02373423014892,99.27738478481487,0.05,0.0271621145015576,0.09202228750329448,0.79,83.0,132.0,6.43,92.73,92.35884919977279,93.0792524288739,17.365269036831346,99.145,99.00762580936416,99.26349896668133,0.065,0.03799180580200702,0.11118683512116193,0.79,83.0,132.0,6.43,92.715,92.34349385579475,93.06457874976644,17.365483862274857,95.0,,
primaer,2019-05-06 til 2026-09-10,5m,RTH,1,0.5,143597,0.14616894397075053,0.2847694374952755,0.17118080874795064,42.59070689419729,82.97611869737338,49.87866405297786,2.6266577352938434,4.148805934868669,2.2608682314745567,4.280138821633361,0.05266094802587293,35.0886982675291,35.389069530918185,basis,relativ,be,35.0886982675291,0.0,55.00000000000001,200,6.9,6.556949916531806,7.259603591504413,39.515,38.83953090240467,40.19449609369185,53.585,145.5,188.0,6.9,0.0,-0.019236336874713315,0.019236336874713315,-0.022060119293465352,6.885,6.5423063469702445,7.244252922147656,42.665,41.9810180700397,43.351799098903356,50.45,145.0,188.0,6.885,0.0,-0.019241294701018145,0.019241294701018145,-0.02484389620647503,18.06,17.533011162237695,18.599256101026267,20.575,20.020426266845135,21.140875055056615,61.365,145.0,190.0,6.43,11.63,11.189368272973173,12.078507463560467,2.5890006859859898,18.035,17.5083037258129,18.573973139253862,22.865,22.288214707572596,23.452207089192196,59.1,145.0,190.0,6.43,11.605000000000002,11.164785715887,12.053095828112925,2.59111841974201,145.0,,
primaer,2019-05-06 til 2026-09-10,5m,RTH,1,0.5,143597,0.14616894397075053,0.2847694374952755,0.17118080874795064,42.59070689419729,82.97611869737338,49.87866405297786,2.6266577352938434,4.148805934868669,2.2608682314745567,4.280138821633361,0.05266094802587293,35.0886982675291,35.389069530918185,basis,relativ,be+3,38.0886982675291,3.0000000000000027,55.00000000000001,200,31.28,30.641094910743362,31.9260949191972,12.285,11.83728502213194,12.74720025758003,56.435,142.0,189.0,6.9,24.380000000000003,23.786539166725124,24.976946028863317,4.433596285096062,31.23,30.59138465335251,31.875824380193666,14.05,13.575291899970999,14.538515492462922,54.72,142.0,189.0,6.885,24.345000000000002,23.751839568297367,24.9416675926259,4.429820198173037,54.31,53.61886547664842,54.99947917254795,4.5,4.221328800268764,4.796146480836757,41.19,134.0,186.0,6.43,47.88,47.18476689530965,48.569568505683954,7.061995333096989,54.25,53.558805577184444,54.93956211633866,5.335,5.032034303995811,5.655120276896016,40.415,134.0,186.0,6.43,47.81999999999999,47.124815298776944,48.5095453994797,7.062686871733615,142.0,,
primaer,2019-05-06 til 2026-09-10,5m,RTH,1,0.5,143597,0.14616894397075053,0.2847694374952755,0.17118080874795064,42.59070689419729,82.97611869737338,49.87866405297786,2.6266577352938434,4.148805934868669,2.2608682314745567,4.280138821633361,0.05266094802587293,35.0886982675291,35.389069530918185,basis,relativ,be+6,41.0886982675291,6.0,55.00000000000001,200,70.04,69.4013422062996,70.67096098857174,2.155,1.9627521973076063,2.365623732901045,27.805,126.0,182.0,6.9,63.13999999999999,62.46508285161426,63.8024266581446,8.909592238653213,69.995,69.35607846165142,70.62624201646493,2.75,2.532269879052622,2.9858775282492642,27.255,126.0,182.0,6.885,63.11,62.43498002688474,63.77255009272973,8.910264424543078,86.555,86.07519287856103,87.02076736537718,0.67,0.566027331632741,0.7929189456625414,12.775,113.0,172.0,6.43,80.125,79.56184458275406,80.66823331002608,11.547679083920578,86.51,86.02953437674154,86.9764431504417,0.82,0.7041166547847512,0.9547720116936997,12.67,113.0,172.0,6.43,80.08,79.51638478115495,80.6237134544656,11.546644898078618,126.0,,
primaer,2019-05-06 til 2026-09-10,5m,RTH,1,0.5,143597,0.14616894397075053,0.2847694374952755,0.17118080874795064,42.59070689419729,82.97611869737338,49.87866405297786,2.6266577352938434,4.148805934868669,2.2608682314745567,4.280138821633361,0.05266094802587293,35.0886982675291,35.389069530918185,basis,relativ,be+11,46.0886982675291,10.999999999999998,55.00000000000001,200,98.605,98.43287037261331,98.75846180237275,0.075,0.04545801908539519,0.12371678111665164,1.32,88.0,140.0,6.9,91.705,91.31125029854518,92.07636647289233,16.386907316298565,98.585,98.41173197414037,98.73960788228796,0.105,0.06868970946874327,0.16047356856993727,1.31,88.0,140.0,6.885,91.7,91.30613090357602,92.0714552844285,16.386922286308494,99.695,99.60844826976206,99.7624652666217,0.035,0.01695531775955528,0.07223484532697996,0.27,77.0,120.0,6.43,93.265,92.90709281437461,93.6026020152914,18.98121296519456,99.685,99.5972211169275,99.75369626017738,0.045,0.0236771116140021,0.08550921075141102,0.27,77.0,120.0,6.43,93.255,92.8968318860775,93.59281693916347,18.98175874974953,88.0,,
primaer,2019-05-06 til 2026-09-10,3m,RTH,1,1.0,239326,0.11164662409610462,0.2221227033984261,0.13145050254521268,65.06318665824593,129.44422663246678,76.60409486324815,2.6266577352938434,6.472211331623339,3.3844922196769884,6.603544218388031,0.03428873795823698,34.47629126527457,34.67902914597505,basis,absolut,34,34.0,-0.47629126527456433,55.00000000000001,200,15.94,15.439239020938796,16.453842475203043,72.37,71.7460183405526,72.98538996629728,11.69,105.0,173.0,19.99,-4.050000000000001,-4.325399972421644,-3.778159461164606,-1.2017026025601931,15.36,14.866947573176356,15.866356684790563,75.625,75.02508690817194,76.21507124395269,9.015,104.0,171.0,19.28,-3.9200000000000013,-4.191261614653461,-3.6524615557747353,-1.1909850923478338,26.165,25.560467977448,26.778686381346507,58.815,58.1312727507523,59.495341653578556,15.02,107.0,175.0,19.965,6.2,5.866748033832695,6.535720510456603,1.4690283235735084,25.235,24.637812219894467,25.841699325964402,62.88,62.20802037563804,63.54703277555671,11.885,106.0,173.0,19.19,6.0450000000000035,5.71577449848714,6.376911365319375,1.457540684982896,104.0,,
primaer,2019-05-06 til 2026-09-10,3m,RTH,1,1.0,239326,0.11164662409610462,0.2221227033984261,0.13145050254521268,65.06318665824593,129.44422663246678,76.60409486324815,2.6266577352938434,6.472211331623339,3.3844922196769884,6.603544218388031,0.03428873795823698,34.47629126527457,34.67902914597505,basis,absolut,37,37.0,2.5237087347254326,55.00000000000001,200,47.94,47.248098423583166,48.632692764967985,38.18,37.50901993170923,38.85551980065708,13.88,104.0,172.0,19.99,27.949999999999996,27.326478874827746,28.570444829409546,5.764747651402422,46.39,45.69961583932451,47.08177066100056,42.375,41.69168169042512,43.06124685943048,11.235,102.0,170.0,19.28,27.11,26.492563608754715,27.724827080682847,5.764620682668286,62.125,61.450463811398706,62.79487931424076,26.37,25.76389697296578,26.985178651045715,11.505,99.0,169.0,19.965,42.16,41.47157856849614,42.84039685602261,8.387908334062955,60.34,59.66010400434786,61.0159246900119,30.04,29.408539910136504,30.6791261692232,9.62,98.0,167.0,19.19,41.150000000000006,40.4642000803757,41.828284365431365,8.371468120019703,102.0,,
primaer,2019-05-06 til 2026-09-10,3m,RTH,1,1.0,239326,0.11164662409610462,0.2221227033984261,0.13145050254521268,65.06318665824593,129.44422663246678,76.60409486324815,2.6266577352938434,6.472211331623339,3.3844922196769884,6.603544218388031,0.03428873795823698,34.47629126527457,34.67902914597505,basis,absolut,40,40.0,5.523708734725435,55.00000000000001,200,79.95,79.38939142377288,80.49910561646645,13.785,13.31416992423691,14.269739247306742,6.265,88.0,157.0,19.99,59.96,59.27384313218488,60.63205605047474,12.543281882034576,78.21,77.6324844134216,78.77668091229299,16.49,15.982148822946584,17.010721433533543,5.3,87.0,155.0,19.28,58.93000000000001,58.24126992650485,59.60497097229194,12.553698187189758,88.05,87.59312295568272,88.49226310044772,8.335,7.959876007454497,8.7261263571007,3.615,81.0,147.0,19.965,68.085,67.43075434422582,68.72296479467303,15.134625524397213,86.755,86.27814102768112,87.21774240183464,10.145,9.734186622531585,10.571120571500515,3.1,80.0,145.0,19.19,67.56500000000001,66.9080057977513,68.20570859993774,15.138903820691139,87.0,,
primaer,2019-05-06 til 2026-09-10,3m,RTH,1,1.0,239326,0.11164662409610462,0.2221227033984261,0.13145050254521268,65.06318665824593,129.44422663246678,76.60409486324815,2.6266577352938434,6.472211331623339,3.3844922196769884,6.603544218388031,0.03428873795823698,34.47629126527457,34.67902914597505,basis,absolut,45,45.0,10.523708734725435,55.00000000000001,200,98.455,98.27452900605638,98.6168607797465,1.295,1.1474005730316321,1.4613056591935194,0.25,58.0,105.0,19.99,78.465,77.88740756738915,79.0271318541915,24.044432888862094,97.945,97.73897512776895,98.13261053481118,1.835,1.6580303537233494,2.030468479561209,0.22,58.0,104.0,19.28,78.665,78.08896974964541,79.22482528108543,24.040097850144463,99.125,98.98616327922642,99.2449691782613,0.805,0.6902549909987211,0.9386394365614128,0.07,54.0,94.0,19.965,79.16,78.58956353347565,79.7157327281514,26.66530844010121,98.875,98.71915911421785,99.01206936129792,1.06,0.9271717448195602,1.2116247443519605,0.065,53.0,94.0,19.19,79.685,79.11950997431694,80.2350868606365,26.672903525184093,58.0,,
primaer,2019-05-06 til 2026-09-10,3m,RTH,1,1.0,239326,0.11164662409610462,0.2221227033984261,0.13145050254521268,65.06318665824593,129.44422663246678,76.60409486324815,2.6266577352938434,6.472211331623339,3.3844922196769884,6.603544218388031,0.03428873795823698,34.47629126527457,34.67902914597505,basis,relativ,be,34.47629126527457,0.0,55.00000000000001,200,19.99,19.4415287003962,20.549997303691196,67.23,66.57623692565153,67.87714551185512,12.78,106.0,175.0,19.99,0.0,-0.01512834420136678,0.01512834420136566,-0.09434659696217124,19.28,18.739184629573113,19.832614065713948,70.8,70.16590754990884,71.42610375015721,9.92,104.0,173.0,19.28,0.0,-0.015337119629491863,0.015337119629491863,-0.08604893085182463,31.2,30.56155891643721,31.845661639272322,53.265,52.57296618583549,53.95577981871813,15.535,107.0,176.0,19.965,11.235000000000001,10.798051786389987,11.673710421196368,2.5732910287338737,30.06,29.42841549451946,30.699242903397987,57.435,56.74838860551738,58.11875581832836,12.505,105.0,173.90000000000055,19.19,10.87,10.439474749982521,11.302588010468314,2.5579431897946923,104.0,,
primaer,2019-05-06 til 2026-09-10,3m,RTH,1,1.0,239326,0.11164662409610462,0.2221227033984261,0.13145050254521268,65.06318665824593,129.44422663246678,76.60409486324815,2.6266577352938434,6.472211331623339,3.3844922196769884,6.603544218388031,0.03428873795823698,34.47629126527457,34.67902914597505,basis,relativ,be+3,37.47629126527456,2.9999999999999973,55.00000000000001,200,53.855,53.163436398216746,54.54508300379069,33.29,32.64015506368356,33.94626278131146,12.855,102.0,171.0,19.99,33.865,33.20652879023549,34.5183664919308,6.854434327327751,52.13,51.43733446508024,52.82184746132076,37.42,36.75181530545332,38.093016321718274,10.45,100.0,170.0,19.28,32.85,32.196750960620385,33.49866611525524,6.848240623500092,67.185,66.53101704076096,67.8323826799907,22.36,21.787892424037164,22.942723329144293,10.455,97.0,166.0,19.965,47.22,46.52318546706596,47.9070006466495,9.441753198065738,65.36,64.6976628445448,66.01643780781166,25.845,25.242954588851862,26.45632267301855,8.795,95.0,164.0,19.19,46.17,45.47439541505144,46.85628538363794,9.417009970329012,100.0,,
primaer,2019-05-06 til 2026-09-10,3m,RTH,1,1.0,239326,0.11164662409610462,0.2221227033984261,0.13145050254521268,65.06318665824593,129.44422663246678,76.60409486324815,2.6266577352938434,6.472211331623339,3.3844922196769884,6.603544218388031,0.03428873795823698,34.47629126527457,34.67902914597505,basis,relativ,be+6,40.47629126527457,6.0,55.00000000000001,200,83.59,83.07026620287033,84.09683281488056,11.41,10.97676654198736,11.858054800822792,5.0,85.0,153.0,19.99,63.6,62.92553575647759,64.25929143903589,13.637945277307036,82.025,81.48670752394183,82.55099256666468,13.79,13.319096209095308,14.274811042087784,4.185,84.0,151.0,19.28,62.745000000000005,62.06741024122737,63.40763242872275,13.644431449432718,90.575,90.1622439248752,90.97217234917193,6.58,6.244659895665534,6.932016515446591,2.845,78.0,142.0,19.965,70.61,69.97020986245077,71.23306518410054,16.24997847309772,89.325,88.88946228156723,89.74543408262014,8.305,7.93050890671302,8.695504980005543,2.37,77.0,141.0,19.19,70.135,69.49221974787986,70.76093960857118,16.24718648001045,84.0,,
primaer,2019-05-06 til 2026-09-10,3m,RTH,1,1.0,239326,0.11164662409610462,0.2221227033984261,0.13145050254521268,65.06318665824593,129.44422663246678,76.60409486324815,2.6266577352938434,6.472211331623339,3.3844922196769884,6.603544218388031,0.03428873795823698,34.47629126527457,34.67902914597505,basis,relativ,be+11,45.47629126527457,10.999999999999998,55.00000000000001,200,98.82,98.66068895347424,98.9605606460077,1.03,0.8991741299296095,1.1796338814052774,0.15,56.0,100.0,19.99,78.83,78.25612323307837,79.38878941061719,25.109728546774956,98.375,98.19025352820357,98.54116698336831,1.495,1.3358898033699482,1.6727396144327615,0.13,56.0,100.0,19.28,79.095,78.52334418013234,79.65078180260477,25.10965754144835,99.335,99.21249832429524,99.4385534780489,0.635,0.5339958177685487,0.7549639020506609,0.03,52.0,90.0,19.965,79.36999999999999,78.80182826447695,79.92380613884124,27.752881001794478,99.12,98.98080032820788,99.2403340496404,0.855,0.7365010333186742,0.9923741906358493,0.025,52.0,90.0,19.19,79.93,79.3671894278888,80.47773541471372,27.75356375898645,56.0,,
primaer,2019-05-06 til 2026-09-10,3m,RTH,1,0.75,239326,0.11164662409610462,0.2221227033984261,0.13145050254521268,48.79738999368445,97.08316997435008,57.453071147436106,2.6266577352938434,4.854158498717505,2.5712023864489146,4.985491385482196,0.045718317277649315,34.85727724258831,35.12759441685562,basis,absolut,34,34.0,-0.8572772425883057,55.00000000000001,200,6.855,6.5130206484459885,7.213550142835279,61.345,60.66800425481507,62.01763844707193,31.8,135.0,187.0,11.24,-4.385,-4.673307974885226,-4.104666265995183,-1.5170161309465426,6.81,6.469095724094467,7.167492350431848,64.77,64.10519311245312,65.42913414244957,28.42,134.5,187.0,11.18,-4.37,-4.657860651046799,-4.0901423726006785,-1.5118742884547292,15.315,14.822555894194323,15.820765647017653,41.55,40.86870183155919,42.23454357778898,43.135,136.0,186.0,10.65,4.665000000000001,4.375147217910704,4.960614881019039,1.1229306265125696,15.185,14.69432171861903,15.689049751967532,45.14,44.45132819340208,45.83053839706327,39.675,135.0,186.0,10.565,4.620000000000002,4.331504371571601,4.914291635723813,1.1120304989992638,134.5,,
primaer,2019-05-06 til 2026-09-10,3m,RTH,1,0.75,239326,0.11164662409610462,0.2221227033984261,0.13145050254521268,48.79738999368445,97.08316997435008,57.453071147436106,2.6266577352938434,4.854158498717505,2.5712023864489146,4.985491385482196,0.045718317277649315,34.85727724258831,35.12759441685562,basis,absolut,37,37.0,2.1427227574116916,55.00000000000001,200,30.09,29.45822914054042,30.729417735213666,26.605,25.997116987392964,27.221868379672177,43.305,133.0,186.0,11.24,18.85,18.30934090784668,19.39371858964993,3.633291263229603,29.9,29.269414850467022,30.538304998988387,29.6,28.971313581843795,30.23652148924527,40.5,133.0,186.0,11.18,18.72,18.180814117114675,19.262315010141286,3.6376521695486135,49.54,48.84723228137993,50.232944391791676,13.925,13.452113851735106,14.41174154971284,36.535,128.0,184.0,10.65,38.89,38.21229519984479,39.56368137803376,6.269179481993623,49.33,48.63730548914795,50.02295183916724,15.91,15.409631822019465,16.423461196285743,34.76,128.0,184.0,10.565,38.76500000000001,38.08773464607207,39.43832773159972,6.270826324009614,133.0,,
primaer,2019-05-06 til 2026-09-10,3m,RTH,1,0.75,239326,0.11164662409610462,0.2221227033984261,0.13145050254521268,48.79738999368445,97.08316997435008,57.453071147436106,2.6266577352938434,4.854158498717505,2.5712023864489146,4.985491385482196,0.045718317277649315,34.85727724258831,35.12759441685562,basis,absolut,40,40.0,5.142722757411694,55.00000000000001,200,68.1,67.45062222799385,68.74242606677517,7.265,6.9134208387451865,7.632992482970076,24.635,118.0,178.0,11.24,56.86,56.16777485814129,57.540678603974214,8.786461356075854,67.84,67.18928480093734,68.48386335258084,8.555,8.175279361813594,8.950638506876919,23.605,118.0,178.0,11.18,56.66,55.967447499556535,57.34110779621284,8.79307983100462,83.575,83.05508068951877,84.0820240893138,2.925,2.7003538091511037,3.1677263855311466,13.5,108.0,171.0,10.65,72.925,72.3001148275595,73.53193734965633,11.39857507003305,83.335,82.8121331973395,83.84506375880001,3.62,3.369908827050377,3.887904437513888,13.045,108.0,171.0,10.565,72.77,72.14404960818862,73.37807834855411,11.396240927814002,118.0,,
primaer,2019-05-06 til 2026-09-10,3m,RTH,1,0.75,239326,0.11164662409610462,0.2221227033984261,0.13145050254521268,48.79738999368445,97.08316997435008,57.453071147436106,2.6266577352938434,4.854158498717505,2.5712023864489146,4.985491385482196,0.045718317277649315,34.85727724258831,35.12759441685562,basis,absolut,45,45.0,10.142722757411693,55.00000000000001,200,98.245,98.05353563723457,98.41793480371189,0.305,0.23753473337830028,0.3915517302379385,1.45,82.0,137.0,11.24,87.005,86.52869370858511,87.46117787499615,17.367394348823254,98.125,97.92756410062535,98.30395242897457,0.495,0.4067872006368984,0.6022262892780206,1.38,81.0,136.0,11.18,86.945,86.46771871303156,87.40202431330559,17.36796417197305,99.475,99.3649046241228,99.56609340812565,0.135,0.09280055236101935,0.196351203514295,0.39,72.0,118.60000000000218,10.65,88.825,88.37875064291195,89.25261490182996,20.005498757782924,99.445,99.33211711612617,99.53889243828561,0.17,0.12168451388297011,0.23745379946841683,0.385,72.0,118.0,10.565,88.88,88.4346296755951,89.30661138193058,20.006437411416346,81.0,,
primaer,2019-05-06 til 2026-09-10,3m,RTH,1,0.75,239326,0.11164662409610462,0.2221227033984261,0.13145050254521268,48.79738999368445,97.08316997435008,57.453071147436106,2.6266577352938434,4.854158498717505,2.5712023864489146,4.985491385482196,0.045718317277649315,34.85727724258831,35.12759441685562,basis,relativ,be,34.85727724258831,0.0,55.00000000000001,200,11.24,10.80967333729865,11.68521329777058,50.555,49.8620507252055,51.24773611477224,38.205,135.0,187.0,11.24,0.0,-0.01782217528072191,0.01782217528072191,-0.02440370131523598,11.18,10.750706814149105,11.624202865246858,54.4,53.708957217413875,55.089352865292405,34.42,134.5,186.5,11.18,0.0,-0.017841428410941083,0.017841428410939185,-0.02998652543123105,23.195,22.615222582674896,23.785072470292864,31.7,31.058695265492016,32.34833325416142,45.105,135.0,186.0,10.65,12.545,12.088283276642697,13.006828826744885,2.5991877965199084,23.035,22.45666699909697,23.62368950540875,35.01,34.35185826851965,35.673898972442366,41.955,135.0,186.0,10.565,12.47,12.014490116330672,12.930683250386062,2.5936556225299476,134.5,,
primaer,2019-05-06 til 2026-09-10,3m,RTH,1,0.75,239326,0.11164662409610462,0.2221227033984261,0.13145050254521268,48.79738999368445,97.08316997435008,57.453071147436106,2.6266577352938434,4.854158498717505,2.5712023864489146,4.985491385482196,0.045718317277649315,34.85727724258831,35.12759441685562,basis,relativ,be+3,37.8572772425883,2.9999999999999973,55.00000000000001,200,40.64,39.96115866263572,41.32243625233456,19.15,18.610616873969565,19.701231750692088,40.21,130.0,185.0,11.24,29.4,28.768196892243886,30.03118459541255,5.106361639462811,40.39,39.71187589883368,41.07181503416465,21.81,21.243125996924643,22.387700995918532,37.8,130.0,185.0,11.18,29.209999999999997,28.579441740858602,29.84003695075501,5.1042474976959555,61.1,60.422269464381074,61.77346733517339,9.18,8.787629955503686,9.588047868116696,29.72,124.0,182.0,10.65,50.449999999999996,49.75267295067414,51.13862697038575,7.747530155782725,60.795,60.11637979043817,61.46947415111054,10.87,10.446110530283022,11.308918211467727,28.335,124.0,181.0,10.565,50.23,49.53271328664486,50.91870949335113,7.741837435854496,130.0,,
primaer,2019-05-06 til 2026-09-10,3m,RTH,1,0.75,239326,0.11164662409610462,0.2221227033984261,0.13145050254521268,48.79738999368445,97.08316997435008,57.453071147436106,2.6266577352938434,4.854158498717505,2.5712023864489146,4.985491385482196,0.045718317277649315,34.85727724258831,35.12759441685562,basis,relativ,be+6,40.85727724258831,6.0,55.00000000000001,200,77.48,76.89584299635857,78.05360270199793,4.58,4.298894110133839,4.878550445202706,17.94,112.5,175.0,11.24,66.24000000000001,65.57685462289678,66.88775227012525,10.253920425389587,77.21,76.62345120767428,77.78609819015252,5.525,5.216821928741339,5.850259678449167,17.265,112.0,174.89999999999964,11.18,66.03,65.36591266991964,66.6787942189467,10.25252279537793,89.6,89.169305891235,90.01548485312152,1.67,1.5014593073078395,1.8571028978752329,8.73,101.0,165.0,10.65,78.95,78.37482518657507,79.50503173707438,12.87679793147129,89.425,88.99121314405598,89.84364481292019,2.075,1.8864526070199283,2.2819540489576995,8.5,101.0,165.0,10.565,78.86,78.28395646320607,79.41592916775463,12.876899029695767,112.0,,
primaer,2019-05-06 til 2026-09-10,3m,RTH,1,0.75,239326,0.11164662409610462,0.2221227033984261,0.13145050254521268,48.79738999368445,97.08316997435008,57.453071147436106,2.6266577352938434,4.854158498717505,2.5712023864489146,4.985491385482196,0.045718317277649315,34.85727724258831,35.12759441685562,basis,relativ,be+11,45.85727724258831,10.999999999999998,55.00000000000001,200,99.105,98.96471776750045,99.2264223714295,0.16,0.11336372618005737,0.22577842789245167,0.735,76.0,126.0,11.24,87.865,87.40264211473234,88.30825868785081,18.83590650831179,99.015,98.86840925215175,99.1427654532683,0.265,0.202671224195328,0.34643060230539907,0.72,76.0,126.0,11.18,87.835,87.37207317738311,88.2786473794183,18.835603038789127,99.77,99.69337509358469,99.82750963739066,0.085,0.05307884848425495,0.1360921109966698,0.145,68.0,110.0,10.65,89.12,88.67932794688183,89.54305808677711,21.469068589614885,99.76,99.68196716746093,99.81892140423555,0.095,0.0608290851175394,0.14833803364226328,0.145,68.0,110.0,10.565,89.19500000000001,88.75559200440892,89.61670549426698,21.46838530206981,76.0,,
primaer,2019-05-06 til 2026-09-10,3m,RTH,1,0.5,239326,0.11164662409610462,0.2221227033984261,0.13145050254521268,32.53159332912296,64.72211331623339,38.302047431624075,2.6266577352938434,3.2361056658116696,1.7579125532208402,3.367438552576362,0.06857747591647397,35.619249197215794,36.02472495861677,basis,absolut,34,34.0,-1.619249197215794,55.00000000000001,200,0.475,0.3887565478015252,0.580264623555638,38.6,37.92755010228945,39.276828319789736,60.925,150.0,189.00000000000006,2.135,-1.66,-1.8459824120368944,-1.4898571517682044,-1.888696518025103,0.475,0.3887565478015252,0.580264623555638,41.145,40.46476552057824,41.82863543797537,58.38,150.0,189.00000000000006,2.135,-1.66,-1.8459824120368944,-1.4898571517682044,-1.8868166190388775,3.26,3.022716884686837,3.515234645837823,14.78,14.294904722447427,15.27862229734458,81.96,165.0,193.0,1.855,1.4049999999999996,1.246339494516113,1.5749278091494556,0.7411699219441816,3.26,3.022716884686837,3.515234645837823,16.45,15.942657460322618,16.970228159042,80.29,165.0,193.0,1.855,1.4049999999999996,1.246339494516113,1.5749278091494556,0.7415526671533524,150.0,,
primaer,2019-05-06 til 2026-09-10,3m,RTH,1,0.5,239326,0.11164662409610462,0.2221227033984261,0.13145050254521268,32.53159332912296,64.72211331623339,38.302047431624075,2.6266577352938434,3.2361056658116696,1.7579125532208402,3.367438552576362,0.06857747591647397,35.619249197215794,36.02472495861677,basis,absolut,37,37.0,1.380750802784203,55.00000000000001,200,5.73,5.416315412392973,6.06068746001453,11.24,10.80967333729865,11.68521329777058,83.03,162.0,193.0,2.135,3.5949999999999998,3.342702062796601,3.860039080635654,1.5523319895330985,5.73,5.416315412392973,6.06068746001453,12.635,12.181706331279413,13.10264452319328,81.635,162.0,193.0,2.135,3.5949999999999998,3.342702062796601,3.860039080635654,1.5500561611184906,20.385,19.8323883015112,20.94898599409187,2.545,2.3356813837666266,2.7725447583182627,77.07,158.0,193.0,1.855,18.529999999999998,17.99606918284736,19.073419076743615,4.175303594527457,20.385,19.8323883015112,20.94898599409187,2.99,2.762842397291872,3.235212832703085,76.625,158.0,193.0,1.855,18.529999999999998,17.99606918284736,19.073419076743615,4.175017969796156,162.0,,
primaer,2019-05-06 til 2026-09-10,3m,RTH,1,0.5,239326,0.11164662409610462,0.2221227033984261,0.13145050254521268,32.53159332912296,64.72211331623339,38.302047431624075,2.6266577352938434,3.2361056658116696,1.7579125532208402,3.367438552576362,0.06857747591647397,35.619249197215794,36.02472495861677,basis,absolut,40,40.0,4.380750802784206,55.00000000000001,200,28.28,27.660061325148444,28.908280721128744,1.695,1.5251550106812466,1.8833975926990205,70.025,155.0,192.0,2.135,26.145000000000003,25.53899416877311,26.757279467046008,4.994747746121153,28.28,27.660061325148444,28.908280721128744,2.06,1.8721547999445893,2.266257617114722,69.66,155.0,192.0,2.135,26.145000000000003,25.53899416877311,26.757279467046008,4.994210414826254,57.525,56.83855998943137,58.208549867924255,0.225,0.1682075873942153,0.3009096019910002,42.25,146.0,189.0,1.855,55.67000000000001,54.97860023656105,56.355756025954484,7.6068614390896565,57.525,56.83855998943137,58.208549867924255,0.265,0.202671224195328,0.34643060230539907,42.21,146.0,189.0,1.855,55.67000000000001,54.97860023656105,56.355756025954484,7.607064028190224,155.0,,
primaer,2019-05-06 til 2026-09-10,3m,RTH,1,0.5,239326,0.11164662409610462,0.2221227033984261,0.13145050254521268,32.53159332912296,64.72211331623339,38.302047431624075,2.6266577352938434,3.2361056658116696,1.7579125532208402,3.367438552576362,0.06857747591647397,35.619249197215794,36.02472495861677,basis,absolut,45,45.0,9.380750802784204,55.00000000000001,200,86.355,85.87227962016954,86.8237574381911,0.01,0.002742403527272684,0.03645736136206778,13.635,126.0,178.0,2.135,84.22,83.70501124966829,84.71588252237532,10.728904202124426,86.355,85.87227962016954,86.8237574381911,0.02,0.007777875605022842,0.051418048563195526,13.625,126.0,178.0,2.135,84.22,83.70501124966829,84.71588252237532,10.728764602966827,96.955,96.70770637823446,97.18425951573676,0.0,0.0,0.019203605610462554,3.045,108.0,159.0,1.855,95.10000000000001,94.78777222602729,95.38693372229653,13.35476886270815,96.955,96.70770637823446,97.18425951573676,0.0,0.0,0.019203605610462554,3.045,108.0,159.0,1.855,95.10000000000001,94.78777222602729,95.38693372229653,13.35476886270815,126.0,,
primaer,2019-05-06 til 2026-09-10,3m,RTH,1,0.5,239326,0.11164662409610462,0.2221227033984261,0.13145050254521268,32.53159332912296,64.72211331623339,38.302047431624075,2.6266577352938434,3.2361056658116696,1.7579125532208402,3.367438552576362,0.06857747591647397,35.619249197215794,36.02472495861677,basis,relativ,be,35.619249197215794,0.0,55.00000000000001,200,2.135,1.9436703762453833,2.3447132354055125,21.175,20.61435371669518,21.746717161939248,76.69,161.0,193.40000000000003,2.135,0.0,-0.020832071557655152,0.02083207155765505,-0.026082479944054222,2.135,1.9436703762453833,2.3447132354055125,23.045,22.466576376000873,23.63377628778372,74.82,161.0,193.40000000000003,2.135,0.0,-0.020832071557655152,0.02083207155765505,-0.02074270397175146,9.795,9.390732217851617,10.214709401419753,6.07,5.74743538065765,6.409436907231701,84.135,160.0,193.0,1.855,7.9399999999999995,7.571412700951652,8.321569589886794,2.5980907218280613,9.795,9.390732217851617,10.214709401419753,6.945,6.600883489075763,7.305652735715407,83.26,160.0,193.0,1.855,7.9399999999999995,7.571412700951652,8.321569589886794,2.599528273842588,161.0,,
primaer,2019-05-06 til 2026-09-10,3m,RTH,1,0.5,239326,0.11164662409610462,0.2221227033984261,0.13145050254521268,32.53159332912296,64.72211331623339,38.302047431624075,2.6266577352938434,3.2361056658116696,1.7579125532208402,3.367438552576362,0.06857747591647397,35.619249197215794,36.02472495861677,basis,relativ,be+3,38.6192491972158,3.0000000000000027,55.00000000000001,200,15.11,14.62034621449299,15.613054061501991,4.23,3.959733178903444,4.517845801672373,80.66,159.0,192.0,2.135,12.975,12.514630486498508,13.446562725386002,3.416693917738294,15.11,14.62034621449299,15.613054061501991,4.945,4.653084675352752,5.254219693662836,79.945,159.0,192.0,2.135,12.975,12.514630486498508,13.446562725386002,3.4155465281713275,39.1,38.425869326312984,39.778317059710105,0.75,0.6395239046146146,0.8793916469116909,60.15,153.0,191.0,1.855,37.245,36.57589511961976,37.91615778764417,6.032297662517745,39.1,38.425869326312984,39.778317059710105,0.925,0.8014285330246963,1.0674198058819724,59.975,153.0,191.0,1.855,37.245,36.57589511961976,37.91615778764417,6.031344145593697,159.0,,
primaer,2019-05-06 til 2026-09-10,3m,RTH,1,0.5,239326,0.11164662409610462,0.2221227033984261,0.13145050254521268,32.53159332912296,64.72211331623339,38.302047431624075,2.6266577352938434,3.2361056658116696,1.7579125532208402,3.367438552576362,0.06857747591647397,35.619249197215794,36.02472495861677,basis,relativ,be+6,41.619249197215794,6.0,55.00000000000001,200,48.52,47.827702387683566,49.21286603904251,0.505,0.41581749750424013,0.6131921516895567,50.975,148.0,190.0,2.135,46.385000000000005,45.69277210494437,47.07523542171413,6.837128103501566,48.52,47.827702387683566,49.21286603904251,0.635,0.5339958177685487,0.7549639020506609,50.845,148.0,190.0,2.135,46.385000000000005,45.69277210494437,47.07523542171413,6.837690635423073,76.85,76.26031529309158,77.42937237069559,0.04,0.020270340374573273,0.07891790235140093,23.11,135.0,184.0,1.855,74.995,74.38759415251299,75.5881896912204,9.462446384286523,76.85,76.26031529309158,77.42937237069559,0.085,0.05307884848425495,0.1360921109966698,23.065,135.0,184.0,1.855,74.995,74.38759415251299,75.5881896912204,9.462506048684686,148.0,,
primaer,2019-05-06 til 2026-09-10,3m,RTH,1,0.5,239326,0.11164662409610462,0.2221227033984261,0.13145050254521268,32.53159332912296,64.72211331623339,38.302047431624075,2.6266577352938434,3.2361056658116696,1.7579125532208402,3.367438552576362,0.06857747591647397,35.619249197215794,36.02472495861677,basis,relativ,be+11,46.619249197215794,10.999999999999998,55.00000000000001,200,94.85,94.53498960910981,95.1477847566576,0.01,0.002742403527272684,0.03645736136206778,5.14,113.0,166.0,2.135,92.715,92.34248515798163,93.06349700380974,12.581262097925082,94.85,94.53498960910981,95.1477847566576,0.01,0.002742403527272684,0.03645736136206778,5.14,113.0,166.0,2.135,92.715,92.34248515798163,93.06349700380974,12.581262097925082,99.21,99.0775039670532,99.32359584430498,0.0,0.0,0.019203605610462554,0.79,96.0,142.0,1.855,97.355,97.11916094793993,97.56515172404815,15.221931100490185,99.21,99.0775039670532,99.32359584430498,0.0,0.0,0.019203605610462554,0.79,96.0,142.0,1.855,97.355,97.11916094793993,97.56515172404815,15.221931100490185,113.0,,
primaer,2019-05-06 til 2026-09-10,1m,RTH,1,1.0,717966,0.06297857052942663,0.13057612484410036,0.07507646067442303,36.70139176172866,76.09454251414792,43.75155822262676,2.6266577352938434,3.804727125707396,1.966402474851125,3.936060012472088,0.06003575282800851,35.33452509426695,35.718944713183745,basis,absolut,34,34.0,-1.3345250942669473,55.00000000000001,200,1.565,1.4020519795078297,1.7465505532470247,47.015,46.32392347205499,47.707222983199955,51.42,148.0,191.8,4.465,-2.9000000000000004,-3.140067915170569,-2.6734375648460245,-1.7789366672469509,1.565,1.4020519795078297,1.7465505532470247,49.86,49.16714422753818,50.552909542557536,48.575,148.0,191.8,4.465,-2.9000000000000004,-3.140067915170569,-2.6734375648460245,-1.7684069512749947,6.65,6.312953999217319,7.003695526846954,23.625,23.0413989065209,24.218730995438612,69.725,153.0,191.0,4.045,2.6050000000000004,2.388231100276042,2.8313331685968044,0.8500749503383662,6.645,6.3080754834525035,6.9985759629723265,26.025,25.42155070116232,26.63765742772789,67.33,153.0,191.0,4.045,2.5999999999999996,2.3834343421112876,2.826125682768171,0.8503698751848255,148.0,,
primaer,2019-05-06 til 2026-09-10,1m,RTH,1,1.0,717966,0.06297857052942663,0.13057612484410036,0.07507646067442303,36.70139176172866,76.09454251414792,43.75155822262676,2.6266577352938434,3.804727125707396,1.966402474851125,3.936060012472088,0.06003575282800851,35.33452509426695,35.718944713183745,basis,absolut,37,37.0,1.6654749057330498,55.00000000000001,200,12.23,11.783172464814538,12.691333938863606,16.58,16.071008348320294,17.101827341669736,71.19,152.0,191.0,4.465,7.765,7.398798003068295,8.141359881665144,2.139762407397792,12.22,11.773334137492416,12.68117610690685,18.755,18.220027951309184,19.301972381836787,69.025,152.0,191.0,4.465,7.755000000000001,7.389017004767008,8.131141990693024,2.137779615166381,30.37,29.7365053802921,31.011033955270573,5.49,5.182774079095822,5.8143209706186125,64.14,148.5,190.0,4.045,26.325000000000003,25.71684043223318,26.93780722277085,4.762328715421225,30.35,29.716627577373078,30.99091943963184,6.42,6.08860113984406,6.768136722806018,63.23,148.0,190.0,4.045,26.305,25.69699330531129,26.917662122504048,4.763114895876239,152.0,,
primaer,2019-05-06 til 2026-09-10,1m,RTH,1,1.0,717966,0.06297857052942663,0.13057612484410036,0.07507646067442303,36.70139176172866,76.09454251414792,43.75155822262676,2.6266577352938434,3.804727125707396,1.966402474851125,3.936060012472088,0.06003575282800851,35.33452509426695,35.718944713183745,basis,absolut,40,40.0,4.665474905733053,55.00000000000001,200,43.055,42.37016356639034,43.74250381442896,3.345,3.104625056003373,3.6032938283917493,53.6,144.0,189.0,4.465,38.589999999999996,37.91495297212782,39.26447413048083,6.05540659157184,43.045,42.360184934015535,43.732486287524885,3.885,3.625926668954002,4.1617848165005284,53.07,144.0,189.0,4.465,38.58,37.904987508443945,39.25444370966815,6.057965508453107,68.28,67.63156167635496,68.92141748543385,0.755,0.6441293945850521,0.8847842365806925,30.965,133.0,184.0,4.045,64.235,63.5649927773971,64.89373118426077,8.679187862226245,68.255,67.60643053278311,68.89655823080851,1.0,0.8712066073618286,1.1476129261364247,30.745,133.0,184.0,4.045,64.21,63.539895621808384,64.86883953955414,8.678716849069456,144.0,,
primaer,2019-05-06 til 2026-09-10,1m,RTH,1,1.0,717966,0.06297857052942663,0.13057612484410036,0.07507646067442303,36.70139176172866,76.09454251414792,43.75155822262676,2.6266577352938434,3.804727125707396,1.966402474851125,3.936060012472088,0.06003575282800851,35.33452509426695,35.718944713183745,basis,absolut,45,45.0,9.665474905733051,55.00000000000001,200,92.665,92.29542940428807,93.01818415904451,0.09,0.05693909743673825,0.14222994168362543,7.245,110.0,166.0,4.465,88.2,87.74120403976589,88.63584882299386,12.634478333531176,92.655,92.28520474383551,93.00841266021818,0.135,0.09280055236101935,0.196351203514295,7.21,109.0,166.0,4.465,88.19,87.73104247413319,88.62601509527993,12.634554590202876,98.31,98.12186053728867,98.4795849389705,0.01,0.002742403527272684,0.03645736136206778,1.68,95.0,146.0,4.045,94.265,93.93009986046732,94.57533031837167,15.266302526039269,98.305,98.11660240730097,98.47484498931875,0.025,0.010678963454394948,0.058515040353262375,1.67,95.0,146.0,4.045,94.26,93.92496705995215,94.57046070126782,15.266183338285012,109.0,,
primaer,2019-05-06 til 2026-09-10,1m,RTH,1,1.0,717966,0.06297857052942663,0.13057612484410036,0.07507646067442303,36.70139176172866,76.09454251414792,43.75155822262676,2.6266577352938434,3.804727125707396,1.966402474851125,3.936060012472088,0.06003575282800851,35.33452509426695,35.718944713183745,basis,relativ,be,35.33452509426695,0.0,55.00000000000001,200,4.465,4.187401754276747,4.7600869693527015,31.395,30.755431798153417,32.041713863494245,64.14,152.0,190.0,4.465,0.0,-0.02004678234130188,0.02004678234130188,-0.03212910137348,4.465,4.187401754276747,4.7600869693527015,34.17,33.51579014767115,34.830289713865135,61.365,152.0,190.0,4.465,0.0,-0.02004678234130188,0.02004678234130188,-0.028259454109224858,14.33,13.85125730158462,14.82244255065788,13.15,12.68870687110645,13.62544618622846,72.52,152.0,191.0,4.045,10.285000000000002,9.868748551173184,10.71134776218892,2.5919199643079156,14.325,13.846328789896528,14.817372982706534,14.98,14.49213206669807,15.48131813867149,70.695,152.0,191.0,4.045,10.28,9.863839622669811,10.706257843362629,2.593351639724214,152.0,,
primaer,2019-05-06 til 2026-09-10,1m,RTH,1,1.0,717966,0.06297857052942663,0.13057612484410036,0.07507646067442303,36.70139176172866,76.09454251414792,43.75155822262676,2.6266577352938434,3.804727125707396,1.966402474851125,3.936060012472088,0.06003575282800851,35.33452509426695,35.718944713183745,basis,relativ,be+3,38.334525094266944,2.9999999999999973,55.00000000000001,200,23.57,22.986883288018138,24.163267737907546,8.515,8.136109340705053,8.909823890869948,67.915,150.0,191.0,4.465,19.105,18.56349597284413,19.65353847214402,3.8814321583579794,23.56,22.97697150449778,24.153183362149033,9.885,9.479033943970066,10.306373108811208,66.555,150.0,191.0,4.465,19.095000000000002,18.55360659762424,19.643431390348105,3.8851885428838635,47.37,46.67857868508474,48.06243142457037,2.41,2.206421234192769,2.631856757627269,50.22,143.0,189.0,4.045,43.325,42.637041102398754,44.01071374675175,6.5097264930317476,47.345,46.65360181758079,48.03741789387712,2.885,2.66191440077834,3.126181156788398,49.77,143.0,189.0,4.045,43.3,42.61209306027826,43.98567224101135,6.510283409432707,150.0,,
primaer,2019-05-06 til 2026-09-10,1m,RTH,1,1.0,717966,0.06297857052942663,0.13057612484410036,0.07507646067442303,36.70139176172866,76.09454251414792,43.75155822262676,2.6266577352938434,3.804727125707396,1.966402474851125,3.936060012472088,0.06003575282800851,35.33452509426695,35.718944713183745,basis,relativ,be+6,41.33452509426695,6.0,55.00000000000001,200,60.52,59.840601367685565,61.19535819369399,1.375,1.2226928238886186,1.5459826825675562,38.105,136.0,186.0,4.465,56.055,55.36308527699742,56.738952668017774,7.818068241499096,60.505,59.825559554048,61.18040576841324,1.705,1.534636111189584,1.8939126514695606,37.79,136.0,186.0,4.465,56.04,55.348063216239986,56.723981248497566,7.818177330429849,82.005,81.46648039195411,82.53122738009463,0.295,0.22878591743635746,0.3803043869010034,17.7,123.0,178.0,4.045,77.96,77.37655586776204,78.52579275441909,10.436565315643922,81.98,81.44119682056579,82.50652055328574,0.42,0.33939739136571234,0.5196449039576223,17.6,123.0,178.0,4.045,77.935,77.3513285020801,78.50103224143481,10.435736334534045,136.0,,
primaer,2019-05-06 til 2026-09-10,1m,RTH,1,1.0,717966,0.06297857052942663,0.13057612484410036,0.07507646067442303,36.70139176172866,76.09454251414792,43.75155822262676,2.6266577352938434,3.804727125707396,1.966402474851125,3.936060012472088,0.06003575282800851,35.33452509426695,35.718944713183745,basis,relativ,be+11,46.33452509426695,10.999999999999998,55.00000000000001,200,97.16,96.92057133154725,97.38131582764098,0.04,0.020270340374573273,0.07891790235140093,2.8,99.0,153.0,4.465,92.69500000000001,92.32179415538302,93.04369681550682,14.38766913688741,97.155,96.9153758630582,97.37651321649057,0.06,0.034327006692676625,0.10485355459105336,2.785,99.0,153.0,4.465,92.69000000000001,92.31668077923347,93.038810428122,14.387555739586201,99.45,99.33757631987416,99.5434313141771,0.005,0.0008826282272974824,0.02831905702260402,0.545,86.0,132.0,4.045,95.405,95.10285226729029,95.68416125879551,16.99171062103843,99.45,99.33757631987416,99.5434313141771,0.005,0.0008826282272974824,0.02831905702260402,0.545,86.0,132.0,4.045,95.405,95.10285226729029,95.68416125879551,16.99171062103843,99.0,,
primaer,2019-05-06 til 2026-09-10,1m,RTH,1,0.75,717966,0.06297857052942663,0.13057612484410036,0.07507646067442303,27.526043821296494,57.07090688561094,32.813668666970074,2.6266577352938434,2.8535453442805467,1.507635077829517,2.9848782310452395,0.08004767043734466,36.00158901457816,36.51414850646722,basis,absolut,34,34.0,-2.0015890145781534,55.00000000000001,200,0.11,0.07265667231905741,0.1665046853590621,30.84,30.20367459309706,31.483684228572876,69.05,169.5,190.70000000000002,0.8,-0.69,-0.814736080639853,-0.5822719936881963,-1.9886895637727047,0.11,0.07265667231905741,0.1665046853590621,33.245,32.595385115363634,33.90105001287644,66.645,169.5,190.70000000000002,0.8,-0.69,-0.814736080639853,-0.5822719936881963,-1.9927153627314527,1.355,1.2038561803447974,1.5248270075536214,8.34,7.964770667860079,8.731229776334558,90.305,171.0,196.0,0.73,0.625,0.5200751087601185,0.7421805400773637,0.633222943932851,1.355,1.2038561803447974,1.5248270075536214,9.325,8.929777544654165,9.735844588509947,89.32,171.0,196.0,0.73,0.625,0.5200751087601185,0.7421805400773637,0.6334100182463368,169.5,,
primaer,2019-05-06 til 2026-09-10,1m,RTH,1,0.75,717966,0.06297857052942663,0.13057612484410036,0.07507646067442303,27.526043821296494,57.07090688561094,32.813668666970074,2.6266577352938434,2.8535453442805467,1.507635077829517,2.9848782310452395,0.08004767043734466,36.00158901457816,36.51414850646722,basis,absolut,37,37.0,0.9984109854218437,55.00000000000001,200,1.945,1.7626305445240993,2.145826040828116,7.675,7.314154034945192,8.052101817204063,90.38,169.0,196.0,0.8,1.1449999999999998,1.0031414534597711,1.3006105820660692,0.9521592966536316,1.945,1.7626305445240993,2.145826040828116,8.7,8.317291790148047,9.098570388086193,89.355,169.0,196.0,0.8,1.1449999999999998,1.0031414534597711,1.3006105820660692,0.9525819216710161,11.375,10.942362434495818,11.822472350838263,1.015,0.8851865254241859,1.163627246992384,87.61,165.0,194.0,0.73,10.645,10.224118039605115,11.079571876119061,3.579236303580029,11.375,10.942362434495818,11.822472350838263,1.225,1.0816446702680846,1.3870884470049216,87.4,165.0,194.0,0.73,10.645,10.224118039605115,11.079571876119061,3.5783796002751633,169.0,,
primaer,2019-05-06 til 2026-09-10,1m,RTH,1,0.75,717966,0.06297857052942663,0.13057612484410036,0.07507646067442303,27.526043821296494,57.07090688561094,32.813668666970074,2.6266577352938434,2.8535453442805467,1.507635077829517,2.9848782310452395,0.08004767043734466,36.00158901457816,36.51414850646722,basis,absolut,40,40.0,3.998410985421846,55.00000000000001,200,14.41,13.930116219715808,14.903552906757719,0.995,0.8665483721428117,1.1422730817160027,84.595,164.0,194.0,0.8,13.61,13.140791299287583,14.091722634408704,3.9021041676410633,14.41,13.930116219715808,14.903552906757719,1.19,1.0488136345964947,1.349932925200439,84.4,164.0,194.0,0.8,13.61,13.140791299287583,14.091722634408704,3.901519968272971,42.185,41.50212956188118,42.870871961675725,0.095,0.0608290851175394,0.14833803364226328,57.72,157.0,193.0,0.73,41.455000000000005,40.772924322466814,42.13864499576156,6.522779192065007,42.185,41.50212956188118,42.870871961675725,0.1,0.06474660464272733,0.15441859375651432,57.715,157.0,193.0,0.73,41.455000000000005,40.772924322466814,42.13864499576156,6.522956430811708,164.0,,
primaer,2019-05-06 til 2026-09-10,1m,RTH,1,0.75,717966,0.06297857052942663,0.13057612484410036,0.07507646067442303,27.526043821296494,57.07090688561094,32.813668666970074,2.6266577352938434,2.8535453442805467,1.507635077829517,2.9848782310452395,0.08004767043734466,36.00158901457816,36.51414850646722,basis,absolut,45,45.0,8.998410985421845,55.00000000000001,200,71.615,70.98603993377988,72.23565834751471,0.01,0.002742403527272684,0.03645736136206778,28.375,144.0,187.0,0.8,70.815,70.17940898355076,71.43978640965241,8.802661709906973,71.615,70.98603993377988,72.23565834751471,0.015,0.005101481799495055,0.04409636272928435,28.37,144.0,187.0,0.8,70.815,70.17940898355076,71.43978640965241,8.802631369685338,92.605,92.23408435852463,92.9595522491347,0.0,0.0,0.019203605610462554,7.395,124.0,172.0,0.73,91.875,91.48548480476808,92.24348170014535,11.446083873893022,92.605,92.23408435852463,92.9595522491347,0.0,0.0,0.019203605610462554,7.395,124.0,172.0,0.73,91.875,91.48548480476808,92.24348170014535,11.446083873893022,144.0,,
primaer,2019-05-06 til 2026-09-10,1m,RTH,1,0.75,717966,0.06297857052942663,0.13057612484410036,0.07507646067442303,27.526043821296494,57.07090688561094,32.813668666970074,2.6266577352938434,2.8535453442805467,1.507635077829517,2.9848782310452395,0.08004767043734466,36.00158901457816,36.51414850646722,basis,relativ,be,36.00158901457816,0.0,55.00000000000001,200,0.8,0.6856368279388781,0.9332595199818171,12.91,12.452404427978042,13.381840806663792,86.29,164.5,195.0,0.8,0.0,-0.021285910663917464,0.021285910663917464,-0.02706133704138294,0.8,0.6856368279388781,0.9332595199818171,14.37,13.890686118870882,14.86299837048713,84.83,164.5,195.0,0.8,0.0,-0.021285910663917464,0.021285910663917464,-0.027250722699282207,6.21,5.883865676078466,6.552952841715178,2.26,2.0630043857944877,2.4753312168423816,91.53,166.0,194.0,0.73,5.48,5.17175084734007,5.803533482185955,2.5987408900939206,6.21,5.883865676078466,6.552952841715178,2.595,2.383597110808329,2.8246098276709497,91.195,166.0,194.0,0.73,5.48,5.17175084734007,5.803533482185955,2.598609812945159,164.5,,
primaer,2019-05-06 til 2026-09-10,1m,RTH,1,0.75,717966,0.06297857052942663,0.13057612484410036,0.07507646067442303,27.526043821296494,57.07090688561094,32.813668666970074,2.6266577352938434,2.8535453442805467,1.507635077829517,2.9848782310452395,0.08004767043734466,36.00158901457816,36.51414850646722,basis,relativ,be+3,39.00158901457815,2.9999999999999973,55.00000000000001,200,8.085,7.715195943649721,8.470902438933532,2.015,1.8292777598576144,2.219151940446747,89.9,166.0,193.4000000000001,0.8,7.285,6.931769738079447,7.652918964713701,2.921002710146579,8.085,7.715195943649721,8.470902438933532,2.355,2.153808955882411,2.574490159903798,89.56,166.0,193.4000000000001,0.8,7.285,6.931769738079447,7.652918964713701,2.9207416298678934,29.825,29.1948864768103,30.46286217805353,0.195,0.1426864289798028,0.266442282568779,69.98,160.0,193.0,0.73,29.095000000000006,28.46866561438753,29.72788354015658,5.545512407402986,29.825,29.1948864768103,30.46286217805353,0.235,0.17678077779390328,0.3123325708701901,69.94,160.0,193.0,0.73,29.095000000000006,28.46866561438753,29.72788354015658,5.545363111389006,166.0,,
primaer,2019-05-06 til 2026-09-10,1m,RTH,1,0.75,717966,0.06297857052942663,0.13057612484410036,0.07507646067442303,27.526043821296494,57.07090688561094,32.813668666970074,2.6266577352938434,2.8535453442805467,1.507635077829517,2.9848782310452395,0.08004767043734466,36.00158901457816,36.51414850646722,basis,relativ,be+6,42.00158901457816,6.0,55.00000000000001,200,34.08,33.42622493730232,34.739889490724046,0.155,0.1092225196048294,0.2199215548282407,65.765,159.0,192.0,0.8,33.28,32.62921523498129,33.93556952195,5.870502419010518,34.08,33.42622493730232,34.739889490724046,0.185,0.13425368836908258,0.25487886390062126,65.735,159.0,192.0,0.8,33.28,32.62921523498129,33.93556952195,5.8703987814246075,67.855,67.20436133424624,68.49878105819026,0.005,0.0008826282272974824,0.02831905702260402,32.14,146.0,188.0,0.73,67.125,66.46929134469882,67.77162457987562,8.485412150242825,67.855,67.20436133424624,68.49878105819026,0.005,0.0008826282272974824,0.02831905702260402,32.14,146.0,188.0,0.73,67.125,66.46929134469882,67.77162457987562,8.485412150242825,159.0,,
primaer,2019-05-06 til 2026-09-10,1m,RTH,1,0.75,717966,0.06297857052942663,0.13057612484410036,0.07507646067442303,27.526043821296494,57.07090688561094,32.813668666970074,2.6266577352938434,2.8535453442805467,1.507635077829517,2.9848782310452395,0.08004767043734466,36.00158901457816,36.51414850646722,basis,relativ,be+11,47.00158901457815,10.999999999999998,55.00000000000001,200,88.85,88.40630384297167,89.278774955469,0.005,0.0008826282272974824,0.02831905702260402,11.145,130.0,177.0,0.8,88.05,87.59068760559134,88.49033444011873,10.764452034759229,88.85,88.40630384297167,89.278774955469,0.005,0.0008826282272974824,0.02831905702260402,11.145,130.0,177.0,0.8,88.05,87.59068760559134,88.49033444011873,10.764452034759229,98.33,98.14289710212476,98.49854069269215,0.0,0.0,0.019203605610462554,1.67,109.0,156.0,0.73,97.6,97.37435104990261,97.79983931763672,13.408507300935257,98.33,98.14289710212476,98.49854069269215,0.0,0.0,0.019203605610462554,1.67,109.0,156.0,0.73,97.6,97.37435104990261,97.79983931763672,13.408507300935257,130.0,,
primaer,2019-05-06 til 2026-09-10,1m,RTH,1,0.5,717966,0.06297857052942663,0.13057612484410036,0.07507646067442303,18.35069588086433,38.04727125707396,21.87577911131338,2.6266577352938434,1.902363562853698,1.0488676808079085,2.0336964496183905,0.12007150565601701,37.335716855200566,38.10455609303416,basis,absolut,34,34.0,-3.3357168552005656,55.00000000000001,200,0.0,0.0,0.019203605610462554,12.8,12.344116747018598,13.270170735555586,87.2,nan,nan,0.015,-0.015,-0.04409636272928435,0.006604609022334019,-2.2030564837499176,0.0,0.0,0.019203605610462554,13.845,13.373286734255274,14.330599392961647,86.155,nan,nan,0.015,-0.015,-0.04409636272928435,0.006604609022334019,-2.2024448085973405,0.03,0.01374997137187844,0.06544211207521783,0.545,0.45203192331768904,0.6569623629916195,99.425,192.5,197.5,0.01,0.019999999999999997,-0.004326879878677935,0.05295599463870142,0.4222831578010939,0.03,0.01374997137187844,0.06544211207521783,0.635,0.5339958177685487,0.7549639020506609,99.335,192.5,197.5,0.01,0.019999999999999997,-0.004326879878677935,0.05295599463870142,0.42223605340039444,nan,,
primaer,2019-05-06 til 2026-09-10,1m,RTH,1,0.5,717966,0.06297857052942663,0.13057612484410036,0.07507646067442303,18.35069588086433,38.04727125707396,21.87577911131338,2.6266577352938434,1.902363562853698,1.0488676808079085,2.0336964496183905,0.12007150565601701,37.335716855200566,38.10455609303416,basis,absolut,37,37.0,-0.3357168552005685,55.00000000000001,200,0.005,0.0008826282272974824,0.02831905702260402,1.62,1.4540988699629063,1.8044825388257766,98.375,132.0,132.0,0.015,-0.009999999999999998,-0.038185067563295476,0.0125503741989054,-0.23857930428979698,0.005,0.0008826282272974824,0.02831905702260402,1.84,1.6627812716850714,2.035715641238926,98.155,132.0,132.0,0.015,-0.009999999999999998,-0.038185067563295476,0.0125503741989054,-0.23863889747491238,0.57,0.4747365918393096,0.6842480926671937,0.03,0.01374997137187844,0.06544211207521783,99.4,180.5,199.0,0.01,0.5599999999999999,0.46368431603250065,0.6737599954831953,2.3868171859973226,0.57,0.4747365918393096,0.6842480926671937,0.045,0.0236771116140021,0.08550921075141102,99.385,180.5,199.0,0.01,0.5599999999999999,0.46368431603250065,0.6737599954831953,2.3867980813803498,132.0,,
primaer,2019-05-06 til 2026-09-10,1m,RTH,1,0.5,717966,0.06297857052942663,0.13057612484410036,0.07507646067442303,18.35069588086433,38.04727125707396,21.87577911131338,2.6266577352938434,1.902363562853698,1.0488676808079085,2.0336964496183905,0.12007150565601701,37.335716855200566,38.10455609303416,basis,absolut,40,40.0,2.664283144799434,55.00000000000001,200,0.245,0.18538359138366103,0.32372591655931027,0.1,0.06474660464272733,0.15441859375651432,99.655,180.0,198.0,0.015,0.22999999999999998,0.1692830894947483,0.3072975589242711,1.7266730356700917,0.245,0.18538359138366103,0.32372591655931027,0.115,0.07664595208507284,0.17251348523248564,99.64,180.0,198.0,0.015,0.22999999999999998,0.1692830894947483,0.3072975589242711,1.7267665525825142,6.575,6.239782169233534,6.926896162239153,0.0,0.0,0.019203605610462554,93.425,180.0,197.0,0.01,6.565,6.2294687026460975,6.916770603162105,4.352595913562771,6.575,6.239782169233534,6.926896162239153,0.0,0.0,0.019203605610462554,93.425,180.0,197.0,0.01,6.565,6.2294687026460975,6.916770603162105,4.352595913562771,180.0,,
primaer,2019-05-06 til 2026-09-10,1m,RTH,1,0.5,717966,0.06297857052942663,0.13057612484410036,0.07507646067442303,18.35069588086433,38.04727125707396,21.87577911131338,2.6266577352938434,1.902363562853698,1.0488676808079085,2.0336964496183905,0.12007150565601701,37.335716855200566,38.10455609303416,basis,absolut,45,45.0,7.664283144799433,55.00000000000001,200,12.575,12.122654348577008,13.041719550222423,0.0,0.0,0.019203605610462554,87.425,177.0,196.0,0.015,12.559999999999999,12.107479136641984,13.026565757873938,5.006965416238233,12.575,12.122654348577008,13.041719550222423,0.0,0.0,0.019203605610462554,87.425,177.0,196.0,0.015,12.559999999999999,12.107479136641984,13.026565757873938,5.006965416238233,55.15,54.45981014224528,55.83821188637683,0.0,0.0,0.019203605610462554,44.85,166.0,193.0,0.01,55.14,54.449408760571,55.82822118594164,7.622081032461919,55.15,54.45981014224528,55.83821188637683,0.0,0.0,0.019203605610462554,44.85,166.0,193.0,0.01,55.14,54.449408760571,55.82822118594164,7.622081032461919,177.0,,
primaer,2019-05-06 til 2026-09-10,1m,RTH,1,0.5,717966,0.06297857052942663,0.13057612484410036,0.07507646067442303,18.35069588086433,38.04727125707396,21.87577911131338,2.6266577352938434,1.902363562853698,1.0488676808079085,2.0336964496183905,0.12007150565601701,37.335716855200566,38.10455609303416,basis,relativ,be,37.335716855200566,0.0,55.00000000000001,200,0.015,0.005101481799495055,0.04409636272928435,1.245,1.1004195830118546,1.4083058528189074,98.74,178.0,189.2,0.015,0.0,-0.021554008040350597,0.021554008040350597,-0.017492930934770102,0.015,0.005101481799495055,0.04409636272928435,1.4,1.2462508834662038,1.572415021187166,98.585,178.0,189.2,0.015,0.0,-0.021554008040350597,0.021554008040350597,-0.017246813757896474,0.8,0.6856368279388781,0.9332595199818171,0.02,0.007777875605022842,0.051418048563195526,99.18,182.0,199.0,0.01,0.79,0.6747834171095727,0.9228519992676095,2.6081786363767923,0.8,0.6856368279388781,0.9332595199818171,0.025,0.010678963454394948,0.058515040353262375,99.175,182.0,199.0,0.01,0.79,0.6747834171095727,0.9228519992676095,2.6082095302112416,178.0,,
primaer,2019-05-06 til 2026-09-10,1m,RTH,1,0.5,717966,0.06297857052942663,0.13057612484410036,0.07507646067442303,18.35069588086433,38.04727125707396,21.87577911131338,2.6266577352938434,1.902363562853698,1.0488676808079085,2.0336964496183905,0.12007150565601701,37.335716855200566,38.10455609303416,basis,relativ,be+3,40.335716855200566,2.9999999999999973,55.00000000000001,200,0.36,0.28599057300619346,0.45307476664387375,0.075,0.04545801908539519,0.12371678111665164,99.565,183.0,199.0,0.015,0.345,0.2702124088303704,0.43691423593689743,1.9466315054927508,0.36,0.28599057300619346,0.45307476664387375,0.09,0.05693909743673825,0.14222994168362543,99.55,183.0,199.0,0.015,0.345,0.2702124088303704,0.43691423593689743,1.946606849345459,8.145,7.7739095865185766,8.532165751737942,0.0,0.0,0.019203605610462554,91.855,180.0,197.0,0.01,8.135,7.763613252753963,8.522056360613895,4.572659224603664,8.145,7.7739095865185766,8.532165751737942,0.0,0.0,0.019203605610462554,91.855,180.0,197.0,0.01,8.135,7.763613252753963,8.522056360613895,4.572659224603664,183.0,,
primaer,2019-05-06 til 2026-09-10,1m,RTH,1,0.5,717966,0.06297857052942663,0.13057612484410036,0.07507646067442303,18.35069588086433,38.04727125707396,21.87577911131338,2.6266577352938434,1.902363562853698,1.0488676808079085,2.0336964496183905,0.12007150565601701,37.335716855200566,38.10455609303416,basis,relativ,be+6,43.335716855200566,6.0,55.00000000000001,200,4.42,4.1437883413106364,4.713717665563862,0.005,0.0008826282272974824,0.02831905702260402,95.575,181.0,197.0,0.015,4.405,4.128624145407217,4.698418824164108,3.9148783790762156,4.42,4.1437883413106364,4.713717665563862,0.005,0.0008826282272974824,0.02831905702260402,95.575,181.0,197.0,0.015,4.405,4.128624145407217,4.698418824164108,3.9148783790762156,34.35,33.694928452720795,35.01108227583528,0.0,0.0,0.019203605610462554,65.65,173.0,195.0,0.01,34.34,33.684620727837505,35.001059984700134,6.53539935462051,34.35,33.694928452720795,35.01108227583528,0.0,0.0,0.019203605610462554,65.65,173.0,195.0,0.01,34.34,33.684620727837505,35.001059984700134,6.53539935462051,181.0,,
primaer,2019-05-06 til 2026-09-10,1m,RTH,1,0.5,717966,0.06297857052942663,0.13057612484410036,0.07507646067442303,18.35069588086433,38.04727125707396,21.87577911131338,2.6266577352938434,1.902363562853698,1.0488676808079085,2.0336964496183905,0.12007150565601701,37.335716855200566,38.10455609303416,basis,relativ,be+11,48.335716855200566,10.999999999999998,55.00000000000001,200,46.66,45.96930336861618,47.35197943223859,0.0,0.0,0.019203605610462554,53.34,169.0,194.0,0.015,46.645,45.9539525795667,47.336961104302645,7.182508122597825,46.66,45.96930336861618,47.35197943223859,0.0,0.0,0.019203605610462554,53.34,169.0,194.0,0.015,46.645,45.9539525795667,47.336961104302645,7.182508122597825,89.05,88.60970760788878,89.47529437612944,0.0,0.0,0.019203605610462554,10.95,147.0,184.0,0.01,89.03999999999999,88.5989134070035,89.46535629661955,9.806684134130421,89.05,88.60970760788878,89.47529437612944,0.0,0.0,0.019203605610462554,10.95,147.0,184.0,0.01,89.03999999999999,88.5989134070035,89.46535629661955,9.806684134130421,169.0,,
reference_K3,2016-01-04 til 2026-09-10,15m,RTH,1,0.5,69610,0.23192009612208075,0.4587048458262957,0.27233514634498407,67.57687760805189,133.65741797686604,79.35301494200148,2.6266577352938434,6.682870898843301,3.510176767167287,6.814203785607994,0.03310091919271937,34.43669730642398,34.62897262508859,basis,absolut,40,40.0,5.563302693576022,55.00000000000001,200,80.935,80.38467726033602,81.47344146887279,13.865,13.392993010832384,14.350885434942292,5.2,85.0,154.0,20.55,60.385,59.70000481867165,61.05577203525582,13.096020219494516,79.24,78.67230378292739,79.79646594851161,16.375,15.86861408885194,16.89430033592109,4.385,84.0,152.0,19.705,59.535000000000004,58.847741045427746,60.208293611387894,13.106106946194496,88.51,88.06061883229182,88.944590550667,8.46,8.082254724396922,8.85369963114425,3.03,78.0,144.0,20.415,68.095,67.44084993781111,68.73295484391251,15.671216549333403,87.06,86.58770565324971,87.5180606342718,10.395,9.979605975224102,10.825605200779945,2.545,78.0,142.0,19.565,67.495,66.83767670038048,68.13610640694304,15.668903489249068,84.0,,
reference_K3,2016-01-04 til 2026-09-10,5m,RTH,1,0.75,208823,0.13150721335363644,0.27101015766016207,0.15657791980772787,57.47785774047388,118.45040960852702,68.43551141036362,2.6266577352938434,5.922520480426352,3.0052257737883865,6.053853367191044,0.038381502251710685,34.61271674172369,34.85662006121489,basis,absolut,40,40.0,5.387283258276315,55.00000000000001,200,77.125,76.53770533681553,77.70187670714078,11.15,10.721225044530998,11.593696157028331,11.725,100.0,167.60000000000036,16.63,60.495,59.81038690729152,61.16550706508347,10.934408406085875,76.09,75.49389030846943,76.67608925012303,13.355,12.890589511008127,13.833484811543778,10.555,99.0,166.0,16.26,59.830000000000005,59.14361462561194,60.50255971442346,10.93226407191391,87.585,87.12076381986559,88.03480082979704,5.92,5.601315399231402,6.25561449947478,6.495,92.0,159.0,16.42,71.165,70.52835313744413,71.78412603682953,13.539230806104134,86.7,86.22232677057077,87.16357778291113,7.4,7.045334058278282,7.771027413701831,5.9,91.0,157.0,16.095,70.60499999999999,69.96484982459724,71.22775280738995,13.528936479480292,99.0,,
reference_12m,2025-09-11 til 2026-09-10,15m,RTH,1,0.5,6502,0.23880737573957173,0.375985553190898,0.2545380295002433,69.58369314299641,109.55467048876386,74.16729103578089,2.6266577352938434,5.477733524438193,3.6105175439145127,5.609066411202885,0.03541531177168992,34.513843725723,34.59160598154129,basis,absolut,40,40.0,5.486156274277004,55.00000000000001,200,82.735,82.20493166715144,83.25249573225538,8.3,7.925614533852156,8.690401273226971,8.965,97.0,164.0,16.115,66.62,65.95830247844442,67.26552345692637,12.069173251385061,81.955,81.4159136303728,82.48181334528155,9.855,9.449598856959362,10.275819717985277,8.19,96.0,163.0,15.87,66.085,65.42083098616108,66.73318102497504,12.073585405559076,91.165,90.76372917183102,91.55046049966988,4.19,3.9210039149118683,4.4765904285484375,4.645,87.0,153.0,15.865,75.29999999999998,74.69293440492278,75.88852877455845,14.681135594745948,90.6,90.18772048755059,90.99668618469371,5.145,4.847356766302379,5.459870788290767,4.255,87.0,152.0,15.56,75.04,74.43082756566892,75.63061536838089,14.688437807863432,96.0,,
reference_12m,2025-09-11 til 2026-09-10,5m,RTH,1,0.75,19506,0.13473813640076654,0.2313493114764438,0.1466876763175853,58.88999727668302,101.1158435670093,64.11278268812701,2.6266577352938434,5.055792178350465,3.075832750598843,5.187125065115158,0.04096932975240009,34.69897765841334,34.82009274736025,basis,absolut,40,40.0,5.301022341586659,55.00000000000001,200,76.025,75.42835289180324,76.6116516314765,6.565,6.230026886915168,6.91665528527864,17.41,111.0,174.0,12.485,63.54,62.86558350092769,64.19982007390058,10.094021978404857,75.605,75.0049254567706,76.19524037679628,7.82,7.455951801976089,8.200248359716898,16.575,110.0,174.0,12.38,63.224999999999994,62.54944539277675,63.88610668763703,10.09272350056937,88.5,88.05045351811681,88.93475970556314,2.74,2.5226721866942796,2.975479061328729,8.76,100.0,165.0,11.78,76.72,76.12448048066202,77.2961027285721,12.704896259598597,88.22,87.76586758002787,88.65945318384348,3.34,3.0998057232681826,3.5981150814875003,8.44,100.0,165.0,11.705,76.515,75.91772797079935,77.09292113199436,12.70840147913727,110.0,,
"primaer, R fast ved E[R]",2019-05-06 til 2026-09-10,15m,RTH,1,0.5,1,0.2969741450429296,0.2969741450429296,0.2969741450429296,86.53232638260884,86.53232638260884,86.53232638260884,2.6266577352938434,4.3266163191304425,4.457949205895135,4.457949205895135,0.030354641381995083,34.34515471273317,34.34515471273317,R fast ved E[R],absolut,40,40.0,5.654845287266835,55.00000000000001,200,87.915,87.45596431338295,88.35947359248263,8.11,7.739659217541337,8.496429563239111,3.975,84.0,151.0,18.97,68.94500000000001,68.29532469223587,69.57803663645285,14.549570057824717,86.86,86.38470299780529,87.32114010413868,9.605,9.2043526878635,10.021161905109192,3.535,83.0,150.0,18.55,68.31,67.65683982198583,68.94661060150314,14.553705747357203,93.815,93.47267142029487,94.14050046010868,4.19,3.9210039149118683,4.4765904285484375,1.995,76.0,139.0,19.095,74.72000000000001,74.10887810574637,75.31377542769819,17.13706135883697,93.155,92.7966845453635,93.4967408226341,5.07,4.774489300018943,5.38276705998262,1.775,76.0,137.0,18.7,74.455,73.84172280059272,75.05076001949121,17.138822519214916,83.0,,
"primaer, R fast ved R_p50",2019-05-06 til 2026-09-10,15m,RTH,1,0.5,1,0.2567541027636573,0.2567541027636573,0.2567541027636573,74.81301046327445,74.81301046327445,74.81301046327445,2.6266577352938434,3.7406505231637226,3.871983409928415,3.871983409928415,0.03510963827051532,34.50365460901718,34.50365460901718,R fast ved R_p50,absolut,40,40.0,5.496345390982821,55.00000000000001,200,85.21,84.7112421789631,85.69523464196601,5.5,5.192501671606634,5.824589537386677,9.29,100.0,165.0,14.41,70.8,70.16102331338801,71.421468214258,12.232912894305676,84.71,84.2045633556711,85.20210550131412,6.435,6.10322912445349,6.783502977114905,8.855,99.0,164.0,14.27,70.44,69.79882649088903,71.06378571248649,12.228776988867063,93.06,92.69946362450479,93.40399823034349,2.685,2.4698991910474044,2.9182731809417755,4.255,90.0,154.0,13.85,79.21000000000001,78.63762182830769,79.76269261264507,14.851111574976462,92.785,92.41814067061875,93.13542680406034,3.14,2.9071581564885065,3.3908394626896183,4.075,90.0,153.0,13.72,79.065,78.49117185160313,79.61912104441691,14.85497173151402,99.0,,
primaer,2019-05-06 til 2026-09-10,15m,RTH,1,0.5,47868,0.2567541027636573,0.47689082433182034,0.2969741450429296,74.81301046327445,138.95644839380583,86.53232638260884,2.085,6.947822419690291,3.8449005231637225,7.052072419690292,0.02409504155454025,34.13650138515134,34.26231613418075,slippage 0,absolut,40,40.0,5.863498614848661,55.00000000000001,200,83.43,82.90829526706645,83.93886520222239,13.975,13.50138351460998,14.46245268323236,2.595,76.0,142.0,22.415,61.01500000000001,60.33188407254894,61.68383168183349,15.037358359720939,81.14,80.5918866059662,81.67615338845961,16.76,16.24874372340642,17.28402283360341,2.1,75.0,139.0,21.155,59.985,59.29892006977096,60.65699253876051,15.028342279882779,88.31,87.85733267314846,88.7479535242328,9.945,9.53790762907885,10.367476379375692,1.745,71.0,135.0,22.08,66.23,65.56675811749163,66.87774861937653,17.10597705039398,86.605,86.12592661909845,87.07001442123413,12.025,11.581506583094656,12.48307855536649,1.37,70.0,132.0,20.925,65.68,65.01414424054434,66.3302582141647,17.116637525387084,75.0,1.73,0.0
primaer,2019-05-06 til 2026-09-10,15m,RTH,1,0.5,47868,0.2567541027636573,0.47689082433182034,0.2969741450429296,74.81301046327445,138.95644839380583,86.53232638260884,3.085,6.947822419690291,3.8949005231637224,7.102072419690292,0.03565141640084253,34.52171388002809,34.707871434347375,"slippage 1,0",absolut,40,40.0,5.478286119971915,55.00000000000001,200,80.475,79.91980665645148,81.01848874592892,16.27,15.764959831636263,16.787994920708552,3.255,78.0,146.0,22.35,58.12499999999999,57.43446688652374,58.80202683609718,14.049662138320132,77.96,77.38018088688739,78.52908045685523,19.51,18.966673966101226,20.065036392600028,2.53,77.0,142.0,21.11,56.85,56.15697466432849,57.5298819492113,14.022671211935839,88.31,87.85733267314846,88.7479535242328,9.945,9.53790762907885,10.367476379375692,1.745,71.0,135.0,22.08,66.23,65.56675811749163,66.87774861937653,17.10597705039398,86.605,86.12592661909845,87.07001442123413,12.025,11.581506583094656,12.48307855536649,1.37,70.0,132.0,20.925,65.68,65.01414424054434,66.3302582141647,17.116637525387084,77.0,1.73,1.0
primaer,2019-05-06 til 2026-09-10,15m,RTH,1,0.5,47868,0.2567541027636573,0.47689082433182034,0.2969741450429296,74.81301046327445,138.95644839380583,86.53232638260884,2.511657735293843,6.947822419690291,3.8662334099284146,7.073405306454984,0.02902565827467032,34.30085527582234,34.452415749498016,"spread 1,50",absolut,40,40.0,5.699144724177657,55.00000000000001,200,82.18,81.6434761174777,82.70416444195139,14.975,14.487201009572162,15.476251116157961,2.845,77.0,143.0,22.305,59.875,59.18865743706857,60.54734857418346,14.619220627737958,79.905,79.34393424455523,80.45458007892917,17.84,17.31559883995436,18.376752919174287,2.255,76.0,140.0,20.975,58.93000000000001,58.24125947069425,59.604960031304266,14.617256019935244,88.31,87.85733267314846,88.7479535242328,9.945,9.53790762907885,10.367476379375692,1.745,71.0,135.0,22.08,66.23,65.56675811749163,66.87774861937653,17.10597705039398,86.605,86.12592661909845,87.07001442123413,12.025,11.581506583094656,12.48307855536649,1.37,70.0,132.0,20.925,65.68,65.01414424054434,66.3302582141647,17.116637525387084,76.0,1.5,0.5416577352938432
primaer,2019-05-06 til 2026-09-10,15m,RTH,1,0.5,47868,0.2567541027636573,0.47689082433182034,0.2969741450429296,74.81301046327445,138.95644839380583,86.53232638260884,2.846657735293843,6.947822419690291,3.882983409928415,7.0901553064549825,0.03289704384818158,34.42990146160605,34.60167677505383,"spread 2,17",absolut,40,40.0,5.570098538393953,55.00000000000001,200,81.27,80.72330023231785,81.80468983273336,15.69,15.192531918626365,16.200645595543538,3.04,78.0,145.0,22.32,58.94999999999999,58.261329676787355,59.62493064566695,14.294423411917304,78.8,78.22804342481272,79.36089529835564,18.825,18.289239680774337,19.372733767323783,2.375,76.0,141.10000000000036,21.0,57.800000000000004,57.10877614700329,58.47778721166993,14.277766608789593,88.31,87.85733267314846,88.7479535242328,9.945,9.53790762907885,10.367476379375692,1.745,71.0,135.0,22.08,66.23,65.56675811749163,66.87774861937653,17.10597705039398,86.605,86.12592661909845,87.07001442123413,12.025,11.581506583094656,12.48307855536649,1.37,70.0,132.0,20.925,65.68,65.01414424054434,66.3302582141647,17.116637525387084,76.0,2.17,0.5416577352938432
primaer,2019-05-06 til 2026-09-10,15m,RTH,2,1.0,47868,0.2567541027636573,0.47689082433182034,0.2969741450429296,149.6260209265489,277.91289678761166,173.0646527652177,2.6266577352938434,27.791289678761164,15.225267866184273,28.053955452290552,0.015177320690997542,33.83924402303325,33.91849397117526,basis,absolut,34,34.0,0.1607559769667477,55.00000000000001,200,25.505,24.905642942405898,26.113764903982666,74.495,73.88623509601734,75.0943570575941,0.0,11.0,25.0,24.92,0.5849999999999994,0.4779401823019339,0.6928532920195528,1.991693546461911,19.28,18.739184629573113,19.832614065713948,80.72,80.16738593428605,81.26081537042688,0.0,9.0,20.0,18.795,0.4849999999999993,0.3871499113793254,0.5841031090411934,1.747195937487731,27.27,26.657199517124752,27.89153044198577,72.73,72.10846955801422,73.34280048287525,0.0,11.0,25.0,24.885,2.385000000000001,2.1724495265706705,2.5988963597916577,6.859982528741775,20.85,20.2926199487032,21.418575753367694,79.15,78.5814242466323,79.7073800512968,0.0,10.0,20.0,18.995,1.8549999999999982,1.6669692139466508,2.0452078102357847,6.964288669081583,9.0,,
primaer,2019-05-06 til 2026-09-10,15m,RTH,2,1.0,47868,0.2567541027636573,0.47689082433182034,0.2969741450429296,149.6260209265489,277.91289678761166,173.0646527652177,2.6266577352938434,27.791289678761164,15.225267866184273,28.053955452290552,0.015177320690997542,33.83924402303325,33.91849397117526,basis,absolut,37,37.0,3.160755976966745,55.00000000000001,200,37.2,36.53265734869692,37.87225877433936,62.8,62.12774122566065,63.46734265130307,0.0,11.0,25.0,24.92,12.28,11.82453654559622,12.735769571543882,33.602953096270284,28.7,28.077207577452974,29.330973158537084,71.3,70.66902684146292,71.92279242254702,0.0,10.0,20.0,18.795,9.904999999999998,9.491508259896454,10.320845158962982,33.62877018989194,39.345,38.670072983149126,40.02401930520648,60.655,59.97598069479354,61.32992701685088,0.0,11.0,25.0,24.885,14.460000000000003,13.97198804038115,14.947813162067591,38.763488189775934,30.63,29.99492975431441,31.27250972249909,69.37,68.7274902775009,70.0050702456856,0.0,10.0,20.0,18.995,11.635000000000002,11.19099900957984,12.080961844762795,38.97161985678898,10.0,,
primaer,2019-05-06 til 2026-09-10,15m,RTH,2,1.0,47868,0.2567541027636573,0.47689082433182034,0.2969741450429296,149.6260209265489,277.91289678761166,173.0646527652177,2.6266577352938434,27.791289678761164,15.225267866184273,28.053955452290552,0.015177320690997542,33.83924402303325,33.91849397117526,basis,absolut,40,40.0,6.1607559769667475,55.00000000000001,200,49.64,48.947201716248784,50.33293654971162,50.36,49.667063450288396,51.05279828375122,0.0,11.0,24.0,24.92,24.72,24.12006143849596,25.31683210532762,65.08588035545715,39.16,38.4856726513778,39.83849069031855,60.84,60.16150930968145,61.51432734862221,0.0,10.0,20.0,18.795,20.365,19.806121818260912,20.923576576449385,65.00904709222095,51.895,51.20224843550666,52.58702374784071,48.105,47.4129762521593,48.79775156449334,0.0,11.0,24.0,24.885,27.01,26.392386806029727,27.623805091069087,70.62372193351045,41.245,40.56449845673764,41.92886409460475,58.755,58.07113590539525,59.43550154326236,0.0,10.0,19.0,18.995,22.249999999999996,21.67251379559151,22.826538774463828,70.64321454773743,10.0,,
primaer,2019-05-06 til 2026-09-10,15m,RTH,2,1.0,47868,0.2567541027636573,0.47689082433182034,0.2969741450429296,149.6260209265489,277.91289678761166,173.0646527652177,2.6266577352938434,27.791289678761164,15.225267866184273,28.053955452290552,0.015177320690997542,33.83924402303325,33.91849397117526,basis,absolut,45,45.0,11.160755976966746,55.00000000000001,200,68.12,67.47072606290784,68.76231455041894,31.88,31.237685449581065,32.529273937092164,0.0,10.0,21.0,24.92,43.2,42.508687757055334,43.88231567150695,116.96984697884655,56.155,55.46620152714934,56.84143450900001,43.845,43.158565491,44.533798472850656,0.0,9.0,18.0,18.795,37.36,36.68605261463115,38.02787273406424,116.37867854247912,69.94,69.30075709660201,70.57158450548054,30.06,29.42841549451946,30.699242903397987,0.0,10.0,21.0,24.885,45.055,44.360496442100064,45.73992649062345,122.43798500213474,58.125,57.439762009214704,58.80711740487361,41.875,41.19288259512639,42.56023799078531,0.0,9.0,18.0,18.995,39.13,38.44992741090908,39.80331944457983,121.91655392586264,9.0,,
primaer,2019-05-06 til 2026-09-10,15m,RTH,2,1.0,47868,0.2567541027636573,0.47689082433182034,0.2969741450429296,149.6260209265489,277.91289678761166,173.0646527652177,2.6266577352938434,27.791289678761164,15.225267866184273,28.053955452290552,0.015177320690997542,33.83924402303325,33.91849397117526,basis,relativ,be,33.83924402303325,0.0,55.00000000000001,200,24.92,24.32538200738925,25.524250521184953,75.08,74.47574947881506,75.67461799261075,0.0,11.0,25.0,24.92,0.0,-0.013740583495072784,0.013740583495077717,0.27899551816419277,18.795,18.259577162448874,19.342407807812613,81.205,80.6575921921874,81.74042283755114,0.0,9.0,20.0,18.795,0.0,-0.015480876597304957,0.015480876597304957,-0.03269389617314406,26.71,26.101328850779655,27.327616188713705,73.29,72.6723838112863,73.89867114922035,0.0,11.0,25.0,24.885,1.8250000000000015,1.6386146496482235,2.0126360863412462,5.232214534008361,20.39,19.83733642490457,20.954035950337943,79.61,79.04596404966206,80.16266357509542,0.0,10.0,20.0,18.995,1.3949999999999991,1.231573154064067,1.5603882827161084,5.277453502216705,9.0,,
primaer,2019-05-06 til 2026-09-10,15m,RTH,2,1.0,47868,0.2567541027636573,0.47689082433182034,0.2969741450429296,149.6260209265489,277.91289678761166,173.0646527652177,2.6266577352938434,27.791289678761164,15.225267866184273,28.053955452290552,0.015177320690997542,33.83924402303325,33.91849397117526,basis,relativ,be+3,36.83924402303326,3.0000000000000027,55.00000000000001,200,36.475,35.81053764221527,37.14465693310237,63.525,62.85534306689764,64.18946235778473,0.0,11.0,25.0,24.92,11.555000000000001,11.111403243277914,11.999061143721336,31.663382917017938,28.085,27.466408961726067,28.71200797861299,71.915,71.287992021387,72.53359103827393,0.0,10.0,20.0,18.795,9.29,8.888227313070216,9.694227321168075,31.663805666669536,38.585,37.912601682416174,39.261782500744694,61.415,60.738217499255306,62.08739831758382,0.0,11.0,25.0,24.885,13.700000000000005,13.222944354991883,14.177042075507456,36.81686671463861,29.99,29.358851578484735,30.628833704480574,70.01,69.37116629551942,70.64114842151527,0.0,10.0,20.0,18.995,10.995,10.561877590434191,11.430213242973965,37.06173670828274,10.0,,
primaer,2019-05-06 til 2026-09-10,15m,RTH,2,1.0,47868,0.2567541027636573,0.47689082433182034,0.2969741450429296,149.6260209265489,277.91289678761166,173.0646527652177,2.6266577352938434,27.791289678761164,15.225267866184273,28.053955452290552,0.015177320690997542,33.83924402303325,33.91849397117526,basis,relativ,be+6,39.83924402303325,6.0,55.00000000000001,200,49.015,48.322438220576274,49.707940090454244,50.985,50.29205990954575,51.67756177942373,0.0,11.0,24.0,24.92,24.094999999999995,23.500311714294234,24.686772801178307,63.36411762030078,38.65,37.97737865627329,39.32698056220028,61.35,60.67301943779972,62.022621343726726,0.0,10.0,20.0,18.795,19.855,19.30146243364072,20.408391149392386,63.3948263434314,51.255,50.56209187646272,51.94742611303644,48.745,48.05257388696354,49.43790812353728,0.0,11.0,24.0,24.885,26.369999999999994,25.75715678112516,26.979234855854724,68.94285312030601,40.735,40.055890906332245,41.41766752178737,59.265,58.58233247821264,59.944109093667755,0.0,10.0,20.0,18.995,21.74,21.167366269654273,22.311847002180937,69.07251520196533,10.0,,
primaer,2019-05-06 til 2026-09-10,15m,RTH,2,1.0,47868,0.2567541027636573,0.47689082433182034,0.2969741450429296,149.6260209265489,277.91289678761166,173.0646527652177,2.6266577352938434,27.791289678761164,15.225267866184273,28.053955452290552,0.015177320690997542,33.83924402303325,33.91849397117526,basis,relativ,be+11,44.83924402303325,10.999999999999998,55.00000000000001,200,67.615,66.96314596242291,68.26008860732053,32.385,31.73991139267949,33.03685403757709,0.0,10.0,21.0,24.92,42.69500000000001,42.00476465659344,43.376398997386566,115.20871934772704,55.665,54.975487494281616,56.35233673720271,44.335,43.64766326279729,45.024512505718384,0.0,9.0,18.0,18.795,36.87,36.19794981684619,37.53615127315377,114.63735435095364,69.435,68.79285697150165,70.06967858699757,30.565,29.930321413002435,31.20714302849835,0.0,10.0,21.0,24.885,44.55,43.856307217419115,45.23427422685211,120.60303113893171,57.645,56.95879211517659,58.328271653525576,42.355,41.67172834647444,43.04120788482341,0.0,9.0,18.0,18.995,38.65,37.97152848194155,39.32189078944221,120.12631495691733,9.0,,
primaer,2019-05-06 til 2026-09-10,15m,RTH,2,0.75,47868,0.2567541027636573,0.47689082433182034,0.2969741450429296,112.21951569491168,208.43467259070874,129.79848957391323,2.6266577352938434,20.843467259070877,11.484617343020552,21.10613303260026,0.02023642758799673,34.00788091959989,34.11354751712256,basis,absolut,34,34.0,-0.00788091959988968,55.00000000000001,200,25.795,25.19334692735796,26.40594953811807,74.205,73.59405046188193,74.80665307264204,0.0,16.0,35.0,25.81,-0.014999999999998348,-0.036737834548465804,0.0066394497976523595,-0.05284734301349868,20.825,20.267873445557246,21.393331858316454,79.175,78.60666814168353,79.73212655444274,0.0,14.0,29.0,20.84,-0.015000000000001124,-0.037646506751130036,0.007498490965222125,-0.040032021166338944,28.6,27.97788102179903,29.230338121402248,71.4,70.76966187859774,72.02211897820096,0.0,17.0,35.0,25.805,2.7949999999999973,2.5664215137834243,3.0248451858262073,4.9052327214136975,23.15,22.570627629304393,23.739684706908424,76.85,76.26031529309158,77.42937237069559,0.0,15.0,29.0,20.8,2.3500000000000023,2.140125291711207,2.5618866029755276,5.050791384648673,14.0,,
primaer,2019-05-06 til 2026-09-10,15m,RTH,2,0.75,47868,0.2567541027636573,0.47689082433182034,0.2969741450429296,112.21951569491168,208.43467259070874,129.79848957391323,2.6266577352938434,20.843467259070877,11.484617343020552,21.10613303260026,0.02023642758799673,34.00788091959989,34.11354751712256,basis,absolut,37,37.0,2.9921190804001077,55.00000000000001,200,39.865,39.1884418083104,40.54545076254684,60.135,59.45454923745317,60.8115581916896,0.0,16.0,34.80000000000018,25.81,14.055000000000001,13.573078846658603,14.5366372159005,23.2630749303958,32.705,32.05819826195245,33.35844426522821,67.295,66.6415557347718,67.94180173804756,0.0,14.0,29.0,20.84,11.865,11.417373230304854,12.31401204771349,23.531672351725465,43.475,42.78929186078258,44.16321420974959,56.525,55.83678579025042,57.210708139217424,0.0,16.0,34.0,25.805,17.67,17.140531005202124,18.198251121130554,28.59106852365232,35.6,34.93923145371344,36.266299184702376,64.4,63.733700815297624,65.06076854628657,0.0,14.0,29.0,20.8,14.799999999999999,14.307899907846148,15.292800397337883,28.596894865609407,14.0,,
primaer,2019-05-06 til 2026-09-10,15m,RTH,2,0.75,47868,0.2567541027636573,0.47689082433182034,0.2969741450429296,112.21951569491168,208.43467259070874,129.79848957391323,2.6266577352938434,20.843467259070877,11.484617343020552,21.10613303260026,0.02023642758799673,34.00788091959989,34.11354751712256,basis,absolut,40,40.0,5.99211908040011,55.00000000000001,200,54.75,54.05933558422673,55.43884007324027,45.25,44.56115992675973,45.94066441577327,0.0,15.0,32.0,25.81,28.939999999999998,28.309203543116556,29.56624001620305,46.72110203668433,45.78,45.09039678996205,46.471223994351476,54.22,53.528776005648524,54.90960321003796,0.0,14.0,27.0,20.84,24.939999999999998,24.338996289483287,25.53870436893438,47.005184967629674,58.26,57.57504675258921,58.94178081176394,41.74,41.05821918823606,42.42495324741079,0.0,15.0,32.0,25.805,32.455,31.803104775082875,33.10123249712049,52.034415042171446,49.125,48.43238874426438,49.8179473188338,50.875,50.1820526811662,51.56761125573561,0.0,14.0,27.0,20.8,28.325,27.698639786370876,28.947958661156115,52.23073206861393,14.0,,
primaer,2019-05-06 til 2026-09-10,15m,RTH,2,0.75,47868,0.2567541027636573,0.47689082433182034,0.2969741450429296,112.21951569491168,208.43467259070874,129.79848957391323,2.6266577352938434,20.843467259070877,11.484617343020552,21.10613303260026,0.02023642758799673,34.00788091959989,34.11354751712256,basis,absolut,45,45.0,10.992119080400109,55.00000000000001,200,75.525,74.9242813986989,76.11591516063696,24.475,23.884084839363027,25.075718601301105,0.0,13.0,27.0,25.81,49.714999999999996,49.01639559455474,50.40260332517184,86.27005660830228,66.785,66.12909220541349,67.43446114418309,33.215,32.565538855816925,33.870907794586515,0.0,12.0,24.0,20.84,45.945,45.24927923145381,46.63122586475434,86.5906837329928,77.925,77.34486082692624,78.49441395934032,22.075,21.50558604065967,22.655139173073767,0.0,13.0,27.0,25.805,52.12,51.421665795138225,52.806657005600876,91.55986852505244,69.475,68.8330833731234,70.10943682249133,30.525,29.89056317750867,31.166916626876613,0.0,12.0,24.0,20.8,48.675000000000004,47.97691175041147,49.362659497268055,91.85078764371114,12.0,,
primaer,2019-05-06 til 2026-09-10,15m,RTH,2,0.75,47868,0.2567541027636573,0.47689082433182034,0.2969741450429296,112.21951569491168,208.43467259070874,129.79848957391323,2.6266577352938434,20.843467259070877,11.484617343020552,21.10613303260026,0.02023642758799673,34.00788091959989,34.11354751712256,basis,relativ,be,34.00788091959989,0.0,55.00000000000001,200,25.81,25.208229117331182,26.421061587063154,74.19,73.57893841293685,74.7917708826688,0.0,16.0,35.0,25.81,0.0,-0.013503155786531659,0.013503155786531659,-0.02813467007271451,20.84,20.282721308676415,21.408478234115606,79.16,78.59152176588438,79.71727869132359,0.0,14.0,29.0,20.84,0.0,-0.014881121826079827,0.014881121826079827,0.0025746134397790312,28.62,27.99774603303526,29.250465428723775,71.38,70.74953457127621,72.00225396696473,0.0,17.0,35.0,25.805,2.815000000000001,2.5856329914843816,3.0456352593547953,4.940777521309827,23.155,22.575582578004575,23.74472783784768,76.845,76.25527216215231,77.42441742199541,0.0,15.0,29.0,20.8,2.3550000000000013,2.1449091394066224,2.567104016814189,5.089391166354818,14.0,,
primaer,2019-05-06 til 2026-09-10,15m,RTH,2,0.75,47868,0.2567541027636573,0.47689082433182034,0.2969741450429296,112.21951569491168,208.43467259070874,129.79848957391323,2.6266577352938434,20.843467259070877,11.484617343020552,21.10613303260026,0.02023642758799673,34.00788091959989,34.11354751712256,basis,relativ,be+3,37.00788091959989,2.9999999999999973,55.00000000000001,200,39.875,39.19841122328132,40.55547750685479,60.125,59.44452249314519,60.801588776718674,0.0,16.0,34.600000000000364,25.81,14.065,13.582934421440312,14.546779213239525,23.287066983619965,32.72,32.073118803818254,33.37351796228072,67.28,66.62648203771927,67.92688119618174,0.0,14.0,29.0,20.84,11.879999999999999,11.432126759517853,12.329255290177306,23.560908833287463,43.49,42.804261657087125,44.17823865236336,56.51,55.821761347636645,57.19573834291288,0.0,16.0,34.0,25.805,17.685000000000002,17.155352973508247,18.21342507909337,28.61919124175791,35.605,34.94420966366354,36.271319054391704,64.395,63.728680945608296,65.05579033633644,0.0,14.0,29.0,20.8,14.804999999999998,14.312830661788823,15.29786836915378,28.630357334877488,14.0,,
primaer,2019-05-06 til 2026-09-10,15m,RTH,2,0.75,47868,0.2567541027636573,0.47689082433182034,0.2969741450429296,112.21951569491168,208.43467259070874,129.79848957391323,2.6266577352938434,20.843467259070877,11.484617343020552,21.10613303260026,0.02023642758799673,34.00788091959989,34.11354751712256,basis,relativ,be+6,40.00788091959989,6.0,55.00000000000001,200,54.8,54.10939244398711,55.48876400987428,45.2,44.51123599012572,45.89060755601289,0.0,15.0,32.0,25.81,28.990000000000006,28.358874498879388,29.61655344760392,46.79256541336961,45.815,45.125349165910045,46.50625817587956,54.185,53.493741824120455,54.874650834089955,0.0,14.0,27.0,20.84,24.975,24.373710161152864,25.57397920123058,47.062188278487774,58.315,57.63016426794019,58.996642172446776,41.685,41.00335782755322,42.369835732059805,0.0,15.0,32.0,25.805,32.50999999999999,31.857811101974388,33.15650877931447,52.12295312657068,49.17,48.47736947081136,49.86294930904178,50.83,50.13705069095822,51.52263052918864,0.0,14.0,27.0,20.8,28.370000000000005,27.74333285680473,28.993250573548025,52.30283411919596,14.0,,
primaer,2019-05-06 til 2026-09-10,15m,RTH,2,0.75,47868,0.2567541027636573,0.47689082433182034,0.2969741450429296,112.21951569491168,208.43467259070874,129.79848957391323,2.6266577352938434,20.843467259070877,11.484617343020552,21.10613303260026,0.02023642758799673,34.00788091959989,34.11354751712256,basis,relativ,be+11,45.00788091959989,10.999999999999998,55.00000000000001,200,75.54,74.93940194685729,76.13078885139689,24.46,23.86921114860311,25.06059805314271,0.0,13.0,27.0,25.81,49.73,49.031392267323795,50.4176023425776,86.31939103577517,66.795,66.13913967780451,67.44440983107096,33.205,32.55559016892906,33.8608603221955,0.0,12.0,24.0,20.84,45.955,45.25926624118306,46.641235391831785,86.64579247164427,77.935,77.35495221190654,78.5043187336389,22.065,21.495681266361093,22.64504778809347,0.0,13.0,27.0,25.805,52.129999999999995,51.43167030174689,52.81664975748669,91.61082449220096,69.485,68.8431400621668,70.11937629272681,30.515,29.88062370727319,31.156859937833204,0.0,12.0,24.0,20.8,48.685,47.98690637291006,49.372661447118304,91.89748097265014,12.0,,
primaer,2019-05-06 til 2026-09-10,15m,RTH,2,0.5,47868,0.2567541027636573,0.47689082433182034,0.2969741450429296,74.81301046327445,138.95644839380583,86.53232638260884,2.6266577352938434,13.895644839380582,7.74396681985683,14.158310612909967,0.030354641381995083,34.34515471273317,34.50365460901718,basis,absolut,34,34.0,-0.34515471273316445,55.00000000000001,200,24.275,23.68577704885989,24.87410320622669,75.72,75.1208561952778,76.30926546999616,0.005,30.0,62.0,26.3,-2.0250000000000017,-2.2213575948183344,-1.8300246911805909,-1.9300768966963586,20.725,20.16889067026279,21.29235304082213,79.27,78.70259789502401,79.82616031425162,0.005,27.0,53.59999999999991,22.5,-1.7750000000000017,-1.9594904213907207,-1.5923649832821134,-1.9449081526451484,30.22,29.587425336604863,30.86017160977464,69.77,69.12977065052854,70.40263624381306,0.01,30.0,62.0,26.225,3.995000000000004,3.723924729757097,4.267317297437926,3.265933866554928,26.04,25.436434311402444,26.652768056406096,73.96,73.34723194359391,74.56356568859756,0.0,28.0,55.0,22.515,3.525000000000003,3.2700088082498775,3.7818641409316824,3.3227754498187876,27.0,,
primaer,2019-05-06 til 2026-09-10,15m,RTH,2,0.5,47868,0.2567541027636573,0.47689082433182034,0.2969741450429296,74.81301046327445,138.95644839380583,86.53232638260884,2.6266577352938434,13.895644839380582,7.74396681985683,14.158310612909967,0.030354641381995083,34.34515471273317,34.50365460901718,basis,absolut,37,37.0,2.6548452872668324,55.00000000000001,200,43.015,42.33024920810525,43.70243353559854,56.985,56.29756646440146,57.66975079189475,0.0,29.0,61.0,26.3,16.714999999999996,16.197300871172324,17.231645351901363,13.544845997094864,37.56,36.89128716559202,38.233490691483865,62.44,61.76650930851613,63.108712834407974,0.0,27.0,55.0,22.5,15.059999999999999,14.56430901490342,15.555886897811707,13.675309209718636,49.955,49.2621235490832,50.64789373416184,50.04,49.34710716713445,50.73287746998104,0.005,29.0,60.0,26.225,23.73,23.13883785332143,24.318134095467666,18.670358155157786,44.02,43.333235464814,44.709061286417004,55.98,55.290938713582996,56.666764535186,0.0,27.0,54.0,22.515,21.505,20.93471109997327,22.07366476555109,18.805219478568993,27.0,,
primaer,2019-05-06 til 2026-09-10,15m,RTH,2,0.5,47868,0.2567541027636573,0.47689082433182034,0.2969741450429296,74.81301046327445,138.95644839380583,86.53232638260884,2.6266577352938434,13.895644839380582,7.74396681985683,14.158310612909967,0.030354641381995083,34.34515471273317,34.50365460901718,basis,absolut,40,40.0,5.654845287266835,55.00000000000001,200,62.28,61.60597449016676,62.9493091042953,37.72,37.05069089570468,38.39402550983324,0.0,27.0,56.0,26.3,35.980000000000004,35.31141077477202,36.64176026636609,28.731425050249207,55.79,55.10066319116197,56.47711303130832,44.21,43.52288696869167,44.89933680883802,0.0,25.0,51.0,22.5,33.29,32.63414854086381,33.940431719099216,28.99260523262968,68.86,68.21466478313994,69.49809161682379,31.14,30.501908383176207,31.785335216860062,0.0,26.5,55.0,26.225,42.635,41.94514034324559,43.31596579907722,34.25637990233084,62.15,61.475545685348635,62.819787838488025,37.85,37.180212161511975,38.524454314651365,0.0,25.0,50.0,22.515,39.63500000000001,38.95329420759396,40.30914298606443,34.311364031025,25.0,,
primaer,2019-05-06 til 2026-09-10,15m,RTH,2,0.5,47868,0.2567541027636573,0.47689082433182034,0.2969741450429296,74.81301046327445,138.95644839380583,86.53232638260884,2.6266577352938434,13.895644839380582,7.74396681985683,14.158310612909967,0.030354641381995083,34.34515471273317,34.50365460901718,basis,absolut,45,45.0,10.654845287266834,55.00000000000001,200,85.775,85.28402261623245,86.25223720395327,14.225,13.747762796046722,14.715977383767557,0.0,22.0,44.0,26.3,59.475,58.787872489676516,60.14875968698736,55.19076651452656,80.39,79.83391962766078,80.93440842084918,19.61,19.065591579150816,20.166080372339216,0.0,21.0,42.0,22.5,57.89,57.19897552691003,58.56759135203548,55.20208132489264,88.84,88.39613482937116,89.26894780979062,11.16,10.731052190209379,11.60386517062883,0.0,21.0,42.0,26.225,62.614999999999995,61.9374604873725,63.27864900670222,60.388263557822945,84.2,83.68794228646011,84.69892244730232,15.8,15.301077552697674,16.31205771353988,0.0,20.0,40.0,22.515,61.685,61.00396763069059,62.35159097602211,60.47173609325229,21.0,,
primaer,2019-05-06 til 2026-09-10,15m,RTH,2,0.5,47868,0.2567541027636573,0.47689082433182034,0.2969741450429296,74.81301046327445,138.95644839380583,86.53232638260884,2.6266577352938434,13.895644839380582,7.74396681985683,14.158310612909967,0.030354641381995083,34.34515471273317,34.50365460901718,basis,relativ,be,34.34515471273317,0.0,55.00000000000001,200,26.3,25.694431494297355,26.914671014762003,73.7,73.08532898523798,74.30556850570265,0.0,30.0,62.0,26.3,0.0,-0.01337436724588915,0.01337436724588915,-0.10141260893295571,22.5,21.92658352161224,23.08397846147351,77.5,76.9160215385265,78.07341647838776,0.0,27.0,55.0,22.5,0.0,-0.014407411799349587,0.014407411799344884,-0.14920480849224924,32.295,31.65039943583449,32.946400560912174,67.69,67.03852366925108,68.33468209508392,0.015,30.0,62.0,26.225,6.070000000000003,5.739425430523918,6.40169165380005,5.001207794319001,27.855,27.238017138474884,28.480488138449996,72.145,71.51951186155,72.76198286152513,0.0,28.0,55.0,22.515,5.340000000000003,5.029088298802558,5.652808186508502,5.036848271311525,27.0,,
primaer,2019-05-06 til 2026-09-10,15m,RTH,2,0.5,47868,0.2567541027636573,0.47689082433182034,0.2969741450429296,74.81301046327445,138.95644839380583,86.53232638260884,2.6266577352938434,13.895644839380582,7.74396681985683,14.158310612909967,0.030354641381995083,34.34515471273317,34.50365460901718,basis,relativ,be+3,37.34515471273316,2.9999999999999973,55.00000000000001,200,45.38,44.69096544797091,46.070808965187496,54.61,53.91918011215211,55.299049315410606,0.01,29.0,60.0,26.3,19.08,18.534521278265366,19.62378258432977,15.33950806852428,39.705,39.02893518464442,40.38501883775078,60.29,59.60996755009613,60.96608034786924,0.005,27.0,55.0,22.5,17.205000000000002,16.681646746279267,17.727978596242366,15.509639789983689,52.37,51.677438163065915,53.061651586028155,47.625,46.933352664967884,48.31755950629862,0.005,29.0,59.0,26.225,26.145000000000007,25.534082618120934,26.75216074158987,20.50423155358193,46.22,45.52982302381075,46.9116287687734,53.78,53.088371231226596,54.470176976189244,0.0,27.0,54.0,22.515,23.705000000000002,23.11440306860896,24.293296709358277,20.59464925445065,27.0,,
primaer,2019-05-06 til 2026-09-10,15m,RTH,2,0.5,47868,0.2567541027636573,0.47689082433182034,0.2969741450429296,74.81301046327445,138.95644839380583,86.53232638260884,2.6266577352938434,13.895644839380582,7.74396681985683,14.158310612909967,0.030354641381995083,34.34515471273317,34.50365460901718,basis,relativ,be+6,40.34515471273317,6.0,55.00000000000001,200,64.54,63.87426037189571,65.20015521959276,35.46,34.799844780407234,36.1257396281043,0.0,27.0,55.0,26.3,38.239999999999995,37.56269881411573,38.90976445760766,30.62270572288829,57.93,57.2443599922258,58.61259431592439,42.07,41.38740568407561,42.75564000777422,0.0,25.0,51.0,22.5,35.43000000000001,34.76402208526084,36.08983863007639,30.839379984167948,70.965,70.33192666360237,71.59002126456515,29.035,28.409978735434837,29.668073336397626,0.0,26.0,54.0,26.225,44.74,44.046105896514085,45.42436009775381,36.18448294290487,64.195,63.52789261779815,64.85665547856904,35.805,35.14334452143097,36.47210738220184,0.0,25.0,49.0,22.515,41.68000000000001,40.9925581056644,42.35918820060643,36.20884254359246,25.0,,
primaer,2019-05-06 til 2026-09-10,15m,RTH,2,0.5,47868,0.2567541027636573,0.47689082433182034,0.2969741450429296,74.81301046327445,138.95644839380583,86.53232638260884,2.6266577352938434,13.895644839380582,7.74396681985683,14.158310612909967,0.030354641381995083,34.34515471273317,34.50365460901718,basis,relativ,be+11,45.34515471273316,10.999999999999998,55.00000000000001,200,86.71,86.23247461793984,87.17342609482094,13.29,12.826573905179048,13.76752538206015,0.0,22.0,43.0,26.3,60.41,59.7254136919546,61.081049030130906,56.89971920666431,81.56,81.01648933737641,82.09138934676226,18.44,17.908610653237737,18.983510662623583,0.0,21.0,41.0,22.5,59.06,58.37159858644916,59.73464210697757,56.94117715155234,89.6,89.169305891235,90.01548485312152,10.4,9.984515146878477,10.830694108765007,0.0,21.0,41.0,26.225,63.375,62.700247008538255,64.03577276227361,62.12761054214464,85.155,84.65549818043263,85.64099976446266,14.845,14.359000235537339,15.344501819567375,0.0,20.0,39.0,22.515,62.64000000000001,61.96216961078039,63.30316074041258,62.235320455287024,21.0,,
primaer,2019-05-06 til 2026-09-10,15m,RTH,3,1.0,47868,0.2567541027636573,0.47689082433182034,0.2969741450429296,149.6260209265489,277.91289678761166,173.0646527652177,2.6266577352938434,41.686934518141754,22.83790179927641,42.08093317843583,0.015177320690997542,33.83924402303325,33.91849397117526,basis,absolut,34,34.0,0.1607559769667477,55.00000000000001,200,22.71,22.13463762828386,23.295843699658327,77.285,76.69911214386131,77.86040844855707,0.005,8.0,19.0,22.26,0.4500000000000004,0.35556741411050324,0.5453278783276421,3.1713953160702406,15.28,14.78803007043424,15.78530491330166,84.72,84.21469508669833,85.21196992956575,0.0,6.0,14.0,14.945,0.3349999999999992,0.2539586781238021,0.41750281243659904,3.588202460927428,24.205,23.616373467440734,24.803533672693696,75.79,75.1914255747945,76.37866920543162,0.005,8.0,19.0,22.34,1.865,1.674244154243502,2.057345626929556,10.958359368296042,16.335,15.8291258611868,16.85380392647072,83.665,83.14619607352928,84.1708741388132,0.0,6.0,14.0,15.01,1.3249999999999984,1.164647819977131,1.4880279379552461,11.270807082830125,6.0,,
primaer,2019-05-06 til 2026-09-10,15m,RTH,3,1.0,47868,0.2567541027636573,0.47689082433182034,0.2969741450429296,149.6260209265489,277.91289678761166,173.0646527652177,2.6266577352938434,41.686934518141754,22.83790179927641,42.08093317843583,0.015177320690997542,33.83924402303325,33.91849397117526,basis,absolut,37,37.0,3.160755976966745,55.00000000000001,200,31.75,31.108413645876727,32.3985956701711,68.25,67.60140432982891,68.89158635412326,0.0,8.0,19.0,22.26,9.490000000000002,9.083203660321548,9.89826240648157,49.39632559009608,21.6,21.03516329886958,22.17574434911716,78.4,77.82425565088285,78.96483670113041,0.0,6.0,14.0,14.945,6.654999999999999,6.310441386743958,7.003577481965352,50.0764644613398,33.445,32.79436778910092,34.101990524716705,66.555,65.89800947528329,67.20563221089908,0.0,8.0,19.0,22.34,11.105000000000004,10.66799394747443,11.54313796229215,57.570354196178045,22.94,22.362530235476825,23.527862755879553,77.06,76.47213724412043,77.63746976452317,0.0,6.0,14.0,15.01,7.929999999999998,7.555918587168228,8.307983259506857,57.82488130515982,6.0,,
primaer,2019-05-06 til 2026-09-10,15m,RTH,3,1.0,47868,0.2567541027636573,0.47689082433182034,0.2969741450429296,149.6260209265489,277.91289678761166,173.0646527652177,2.6266577352938434,41.686934518141754,22.83790179927641,42.08093317843583,0.015177320690997542,33.83924402303325,33.91849397117526,basis,absolut,40,40.0,6.1607559769667475,55.00000000000001,200,41.495,40.81384349307945,42.17942304023488,58.505,57.820576959765106,59.18615650692054,0.0,8.0,19.0,22.26,19.235,18.686811347415933,19.78228083467823,96.87363405990854,28.65,28.027543831187607,29.280656108408053,71.35,70.71934389159195,71.9724561688124,0.0,6.0,14.0,14.945,13.704999999999998,13.228042349349248,14.184828902278387,97.363580933448,43.4,42.71444383903338,44.08809103690721,56.6,55.91190896309279,57.28555616096662,0.0,8.0,19.0,22.34,21.060000000000002,20.49224569110949,21.626282450571892,105.49977288135517,30.21,29.57748695279013,30.850113834310488,69.79,69.14988616568951,70.42251304720986,0.0,6.0,14.0,15.01,15.199999999999998,14.70138546294606,15.701068064363948,105.27729421785224,6.0,,
primaer,2019-05-06 til 2026-09-10,15m,RTH,3,1.0,47868,0.2567541027636573,0.47689082433182034,0.2969741450429296,149.6260209265489,277.91289678761166,173.0646527652177,2.6266577352938434,41.686934518141754,22.83790179927641,42.08093317843583,0.015177320690997542,33.83924402303325,33.91849397117526,basis,absolut,45,45.0,11.160755976966746,55.00000000000001,200,57.33,56.64319159104851,58.01399316036899,42.67,41.98600683963101,43.356808408951494,0.0,7.0,17.0,22.26,35.07,34.40491258007782,35.729101570245284,174.6592830735055,41.6,40.91857380806922,42.284652397673334,58.4,57.71534760232666,59.081426191930774,0.0,6.0,13.0,14.945,26.654999999999994,26.04047814474324,27.2683986963495,175.5468923013315,59.06,58.37684239856365,59.73967790809974,40.94,40.260322091900264,41.62315760143635,0.0,7.0,16.0,22.34,36.720000000000006,36.04762192337978,37.38581590596244,183.2438459330117,43.34,42.65456657382449,44.027991346442825,56.66,55.97200865355717,57.34543342617552,0.0,6.0,13.0,15.01,28.33,27.703493671784408,28.95476969186449,183.70272988429454,6.0,,
primaer,2019-05-06 til 2026-09-10,15m,RTH,3,1.0,47868,0.2567541027636573,0.47689082433182034,0.2969741450429296,149.6260209265489,277.91289678761166,173.0646527652177,2.6266577352938434,41.686934518141754,22.83790179927641,42.08093317843583,0.015177320690997542,33.83924402303325,33.91849397117526,basis,relativ,be,33.83924402303325,0.0,55.00000000000001,200,22.26,21.68883309636091,22.84182106403177,77.735,77.15313370864241,78.30621405132547,0.005,8.0,19.0,22.26,0.0,-0.014475122166158209,0.014475122166158209,0.5604721005503399,14.945,14.457615067236377,15.445848580657115,85.055,84.55415141934289,85.54238493276362,0.0,6.0,14.0,14.945,0.0,-0.016651962126194138,0.01665196212619617,0.9367142789256733,23.71,23.12565300439859,24.30444425143139,76.285,75.69051389374582,76.86939077078476,0.005,8.0,19.0,22.34,1.3700000000000019,1.2054728618731576,1.5359483394407067,8.224758995681404,16.0,15.498455323610294,16.51460312820482,84.0,83.48539687179517,84.5015446763897,0.0,6.0,14.0,15.01,0.9899999999999992,0.8502478381603136,1.1321099435833375,8.547454010537365,6.0,,
primaer,2019-05-06 til 2026-09-10,15m,RTH,3,1.0,47868,0.2567541027636573,0.47689082433182034,0.2969741450429296,149.6260209265489,277.91289678761166,173.0646527652177,2.6266577352938434,41.686934518141754,22.83790179927641,42.08093317843583,0.015177320690997542,33.83924402303325,33.91849397117526,basis,relativ,be+3,36.83924402303326,3.0000000000000027,55.00000000000001,200,31.17,30.531733492962655,31.81549858491024,68.83,68.18450141508976,69.46826650703734,0.0,8.0,19.0,22.26,8.909999999999998,8.514557121359005,9.307005030162495,46.58556688685023,21.22,20.658905717870514,21.79214787751886,78.78,78.20785212248114,79.34109428212948,0.0,6.0,14.0,14.945,6.275,5.939733932160061,6.6142930512444655,47.35019121864065,32.855,32.207407072715675,33.50917784364815,67.145,66.49082215635185,67.79259292728432,0.0,8.0,19.0,22.34,10.515000000000002,10.088092359063058,10.943153932760321,54.75541717523466,22.545,21.971164785756347,23.129379914084357,77.455,76.87062008591565,78.02883521424366,0.0,6.0,14.0,15.01,7.535,7.169558071184795,7.904377382021384,55.18958613137555,6.0,,
primaer,2019-05-06 til 2026-09-10,15m,RTH,3,1.0,47868,0.2567541027636573,0.47689082433182034,0.2969741450429296,149.6260209265489,277.91289678761166,173.0646527652177,2.6266577352938434,41.686934518141754,22.83790179927641,42.08093317843583,0.015177320690997542,33.83924402303325,33.91849397117526,basis,relativ,be+6,39.83924402303325,6.0,55.00000000000001,200,41.07,40.389967725777694,41.75346203818434,58.93,58.24653796181567,59.610032274222306,0.0,8.0,19.0,22.26,18.810000000000002,18.26650722166266,19.35270758200408,94.89520576581103,28.335,27.71468383327858,28.963637089032428,71.665,71.03636291096757,72.28531616672142,0.0,6.0,14.0,14.945,13.389999999999999,12.91771079706143,13.865236394607692,95.2794726490477,42.96,42.27536771113854,43.6473361565314,57.04,56.3526638434686,57.72463228886144,0.0,8.0,19.0,22.34,20.62,20.05684455665391,21.181817237549208,103.29494997238932,29.855,29.224697582354718,30.493039550345735,70.145,69.50696044965426,70.77530241764528,0.0,6.0,14.0,15.01,14.844999999999997,14.35142028522243,15.341130360665828,103.08187899087837,6.0,,
primaer,2019-05-06 til 2026-09-10,15m,RTH,3,1.0,47868,0.2567541027636573,0.47689082433182034,0.2969741450429296,149.6260209265489,277.91289678761166,173.0646527652177,2.6266577352938434,41.686934518141754,22.83790179927641,42.08093317843583,0.015177320690997542,33.83924402303325,33.91849397117526,basis,relativ,be+11,44.83924402303325,10.999999999999998,55.00000000000001,200,56.925,56.2374612173554,57.60987908326756,43.075,42.39012091673244,43.76253878264461,0.0,7.0,17.0,22.26,34.665,34.001760829711216,35.32239023746321,172.1594420203511,41.23,40.54953833113932,41.91382998128476,58.77,58.086170018715244,59.45046166886069,0.0,6.0,13.0,14.945,26.285000000000004,25.673271194751436,26.89573470105524,173.11788688247475,58.655,57.97091015225594,59.335765703612886,41.345,40.66423429638711,42.02908984774405,0.0,7.0,17.0,22.34,36.315000000000005,35.64425942495089,36.97931561013086,180.80354989375874,42.97,42.28534610089607,43.657353926052764,57.03,56.34264607394724,57.71465389910394,0.0,6.0,13.0,15.01,27.96,27.33604571816513,28.58234891997834,181.36134296752442,6.0,,
primaer,2019-05-06 til 2026-09-10,15m,RTH,3,0.75,47868,0.2567541027636573,0.47689082433182034,0.2969741450429296,112.21951569491168,208.43467259070874,129.79848957391323,2.6266577352938434,31.265200888606312,17.22692601453083,31.659199548900386,0.02023642758799673,34.00788091959989,34.11354751712256,basis,absolut,34,34.0,-0.00788091959988968,55.00000000000001,200,24.265,23.675862119532756,24.864021976274945,75.735,75.13597802372504,76.32413788046723,0.0,10.0,22.0,24.285,-0.020000000000000573,-0.04410215449011032,0.003965634912092265,0.3502393558917253,17.61,17.08833608412915,18.14410401158531,82.39,81.85589598841469,82.91166391587085,0.0,8.0,17.0,17.615,-0.004999999999999449,-0.02366086732756152,0.013582215234945669,0.27744662669182074,26.625,26.016966525459818,27.24201116016307,73.375,72.75798883983693,73.98303347454018,0.0,10.0,23.0,24.365,2.259999999999998,2.052903758257376,2.468496838146685,8.340727534807602,19.495,18.95183680334678,20.049879316436165,80.505,79.95012068356384,81.04816319665322,0.0,8.0,18.0,17.83,1.6650000000000027,1.4870942158600964,1.8452287102500207,8.646595914374792,8.0,,
primaer,2019-05-06 til 2026-09-10,15m,RTH,3,0.75,47868,0.2567541027636573,0.47689082433182034,0.2969741450429296,112.21951569491168,208.43467259070874,129.79848957391323,2.6266577352938434,31.265200888606312,17.22692601453083,31.659199548900386,0.02023642758799673,34.00788091959989,34.11354751712256,basis,absolut,37,37.0,2.9921190804001077,55.00000000000001,200,35.425,34.76499908029688,36.09059877073857,64.57,63.904381083043624,65.2300229862815,0.005,10.0,23.0,24.285,11.14,10.70328426621439,11.577401030635647,36.77102911474506,25.95,25.34713403478967,26.56210289950896,74.05,73.43789710049104,74.65286596521032,0.0,8.0,17.0,17.615,8.335,7.9524115845103145,8.720543013810792,35.662897415837826,37.965,37.29479294296713,38.639829364903306,62.035,61.36017063509669,62.705207057032865,0.0,10.0,23.0,24.365,13.599999999999998,13.12406872033993,14.07604891442,44.209947282476335,28.19,27.570681514163457,28.817695098603817,71.81,71.18230490139618,72.42931848583652,0.0,8.0,18.0,17.83,10.36,9.938068243316783,10.784505764181104,43.71852512990214,8.0,,
primaer,2019-05-06 til 2026-09-10,15m,RTH,3,0.75,47868,0.2567541027636573,0.47689082433182034,0.2969741450429296,112.21951569491168,208.43467259070874,129.79848957391323,2.6266577352938434,31.265200888606312,17.22692601453083,31.659199548900386,0.02023642758799673,34.00788091959989,34.11354751712256,basis,absolut,40,40.0,5.99211908040011,55.00000000000001,200,46.805,46.11414395510831,47.4970831552902,53.195,52.5029168447098,53.88585604489169,0.0,10.0,22.0,24.285,22.52,21.93937572004476,23.098307459197205,71.88727685782341,35.2,34.54100027921497,35.86468398804572,64.8,64.13531601195427,65.45899972078502,0.0,8.0,18.0,17.615,17.584999999999997,17.056997938275355,18.113893166559457,71.27372646183849,49.6,48.90721360974706,50.29294001909782,50.4,49.70705998090217,51.09278639025294,0.0,10.0,21.0,24.365,25.234999999999996,24.631070840784126,25.835767970202312,80.0974714533787,37.76,37.09054304580043,38.43415799685302,62.24,61.565842003146976,62.90945695419957,0.0,8.0,18.0,17.83,19.93,19.375812108138245,20.484316639945305,79.57803703031702,8.0,,
primaer,2019-05-06 til 2026-09-10,15m,RTH,3,0.75,47868,0.2567541027636573,0.47689082433182034,0.2969741450429296,112.21951569491168,208.43467259070874,129.79848957391323,2.6266577352938434,31.265200888606312,17.22692601453083,31.659199548900386,0.02023642758799673,34.00788091959989,34.11354751712256,basis,absolut,45,45.0,10.992119080400109,55.00000000000001,200,64.195,63.52789261779815,64.85665547856904,35.805,35.14334452143097,36.47210738220184,0.0,9.0,19.0,24.285,39.910000000000004,39.22691635196137,40.58520035617187,129.5288297971027,50.93,50.23705587602315,51.6225869369125,49.07,48.37741306308751,49.76294412397685,0.0,8.0,16.0,17.615,33.315,32.65882221540565,33.96685023808945,129.22968427437814,66.705,66.04871361913374,67.35487045623181,33.295,32.645129543768206,33.951286380866264,0.0,9.0,19.0,24.365,42.34,41.65072889955345,43.02059536053059,137.79178464469342,53.455,52.76310700124819,54.14556602960413,46.545,45.85443397039587,47.23689299875182,0.0,8.0,16.0,17.83,35.62499999999999,34.95836753204895,36.28642312787825,137.12658260119483,8.0,,
primaer,2019-05-06 til 2026-09-10,15m,RTH,3,0.75,47868,0.2567541027636573,0.47689082433182034,0.2969741450429296,112.21951569491168,208.43467259070874,129.79848957391323,2.6266577352938434,31.265200888606312,17.22692601453083,31.659199548900386,0.02023642758799673,34.00788091959989,34.11354751712256,basis,relativ,be,34.00788091959989,0.0,55.00000000000001,200,24.285,23.695692022131592,24.884184392233866,75.715,75.11581560776612,76.3043079778684,0.0,10.0,22.400000000000546,24.285,0.0,-0.013912641329755858,0.013912641329755858,0.42451428902412935,17.615,17.093276228178755,18.149161947175134,82.385,81.85083805282486,82.90672377182123,0.0,8.0,17.0,17.615,0.0,-0.015834337188099193,0.015834337188099193,0.3198664731358021,26.645,26.036816223968078,27.26215378021258,73.355,72.73784621978743,73.96318377603193,0.0,10.0,23.0,24.365,2.2800000000000016,2.0720252846562524,2.489378664054841,8.424715036105257,19.5,18.956782510345356,20.054931689077026,80.5,79.94506831092298,81.04321748965465,0.0,8.0,18.0,17.83,1.6700000000000021,1.491836623599035,1.8504889221812937,8.703977613984659,8.0,,
primaer,2019-05-06 til 2026-09-10,15m,RTH,3,0.75,47868,0.2567541027636573,0.47689082433182034,0.2969741450429296,112.21951569491168,208.43467259070874,129.79848957391323,2.6266577352938434,31.265200888606312,17.22692601453083,31.659199548900386,0.02023642758799673,34.00788091959989,34.11354751712256,basis,relativ,be+3,37.00788091959989,2.9999999999999973,55.00000000000001,200,35.445,34.78491086146192,36.11067930813129,64.55,63.88430057730072,65.21011117346663,0.005,10.0,23.0,24.285,11.159999999999998,10.722940994487065,11.597740166687519,36.838548134321435,25.96,25.357056123485737,26.57217697009177,74.04,73.42782302990821,74.64294387651425,0.0,8.0,17.0,17.615,8.344999999999999,7.962202777107954,8.730750592018891,35.71078708173114,37.99,37.31970233907781,38.66491036698983,62.01,61.33508963301016,62.68029766092219,0.0,10.0,23.0,24.365,13.625000000000002,13.148901543334965,14.101212116926229,44.294671670892654,28.2,27.580612452326093,28.827760319720063,71.8,71.17223968027993,72.41938754767389,0.0,8.0,18.0,17.83,10.37,9.948116235482171,10.794459581648216,43.781755720176214,8.0,,
primaer,2019-05-06 til 2026-09-10,15m,RTH,3,0.75,47868,0.2567541027636573,0.47689082433182034,0.2969741450429296,112.21951569491168,208.43467259070874,129.79848957391323,2.6266577352938434,31.265200888606312,17.22692601453083,31.659199548900386,0.02023642758799673,34.00788091959989,34.11354751712256,basis,relativ,be+6,40.00788091959989,6.0,55.00000000000001,200,46.84,46.14910635435166,47.532107313522914,53.16,52.46789268647708,53.850893645648334,0.0,10.0,22.0,24.285,22.554999999999996,21.974052046475517,23.133620593434078,71.97754391408641,35.24,34.58082111389019,35.90484779048602,64.76,64.09515220951397,65.4191788861098,0.0,8.0,18.0,17.615,17.625,17.09652162031852,18.15435798826816,71.42554340438897,49.63,48.937204648054674,50.322937458626846,50.37,49.67706254137316,51.06279535194533,0.0,10.0,21.0,24.365,25.265000000000004,24.660829545757583,25.86599995342473,80.17599259747418,37.805,37.135377296061996,38.479306463346404,62.195,61.5206935366536,62.86462270393801,0.0,8.0,18.0,17.83,19.975,19.420337049462606,20.52977794486706,79.72682191345358,8.0,,
primaer,2019-05-06 til 2026-09-10,15m,RTH,3,0.75,47868,0.2567541027636573,0.47689082433182034,0.2969741450429296,112.21951569491168,208.43467259070874,129.79848957391323,2.6266577352938434,31.265200888606312,17.22692601453083,31.659199548900386,0.02023642758799673,34.00788091959989,34.11354751712256,basis,relativ,be+11,45.00788091959989,10.999999999999998,55.00000000000001,200,64.215,63.54797088403371,64.87656953089123,35.785,35.12343046910876,36.45202911596629,0.0,9.0,19.0,24.285,39.93,39.24685608745215,40.605254103546095,129.5973240686454,50.935,50.24205620805064,51.62758468452444,49.065,48.37241531547556,49.75794379194936,0.0,8.0,16.0,17.615,33.31999999999999,32.663796832269746,33.971873828754084,129.28511154628896,66.73,66.073831699657,67.37974277390573,33.27,32.62025722609426,33.926168300343,0.0,9.0,19.0,24.365,42.364999999999995,41.67567125458533,43.04564493758789,137.87280664344092,53.47,52.77811854726346,54.16054872250715,46.53,45.839451277492834,47.22188145273653,0.0,8.0,16.0,17.83,35.63999999999999,34.9733025091447,36.30148272830004,137.18735475876093,8.0,,
primaer,2019-05-06 til 2026-09-10,15m,RTH,3,0.5,47868,0.2567541027636573,0.47689082433182034,0.2969741450429296,74.81301046327445,138.95644839380583,86.53232638260884,2.6266577352938434,20.843467259070877,11.615950229785245,21.23746591936495,0.030354641381995083,34.34515471273317,34.50365460901718,basis,absolut,34,34.0,-0.34515471273316445,55.00000000000001,200,24.335,23.74526754701409,24.934589663745758,75.66,75.060369869413,76.24977484018771,0.005,16.0,35.0,25.83,-1.4949999999999963,-1.6649106078285407,-1.326328952412238,-2.85889857866814,19.565,19.021077966657874,20.12061126807721,80.435,79.87938873192279,80.97892203334213,0.0,14.0,29.0,20.77,-1.2050000000000005,-1.3584613473427958,-1.053305726983709,-2.8626509939079683,28.6,27.97788102179903,29.230338121402248,71.4,70.76966187859774,72.02211897820096,0.0,17.0,35.0,25.805,2.7949999999999973,2.5664215137834243,3.0248451858262073,4.9052327214136975,23.15,22.570627629304393,23.739684706908424,76.85,76.26031529309158,77.42937237069559,0.0,15.0,29.0,20.8,2.3500000000000023,2.140125291711207,2.5618866029755276,5.050791384648673,14.0,,
primaer,2019-05-06 til 2026-09-10,15m,RTH,3,0.5,47868,0.2567541027636573,0.47689082433182034,0.2969741450429296,74.81301046327445,138.95644839380583,86.53232638260884,2.6266577352938434,20.843467259070877,11.615950229785245,21.23746591936495,0.030354641381995083,34.34515471273317,34.50365460901718,basis,absolut,37,37.0,2.6548452872668324,55.00000000000001,200,38.1,37.4293059302564,38.775264527878896,61.9,61.224735472121104,62.5706940697436,0.0,16.0,34.0,25.83,12.270000000000003,11.81524494708047,12.724883642997984,20.55364082162751,31.17,30.531733492962655,31.81549858491024,68.83,68.18450141508976,69.46826650703734,0.0,14.0,29.0,20.77,10.399999999999999,9.977617299270744,10.82408323211759,20.854838186361818,43.475,42.78929186078258,44.16321420974959,56.525,55.83678579025042,57.210708139217424,0.0,16.0,34.0,25.805,17.67,17.140531005202124,18.198251121130554,28.59106852365232,35.6,34.93923145371344,36.266299184702376,64.4,63.733700815297624,65.06076854628657,0.0,14.0,29.0,20.8,14.799999999999999,14.307899907846148,15.292800397337883,28.596894865609407,14.0,,
primaer,2019-05-06 til 2026-09-10,15m,RTH,3,0.5,47868,0.2567541027636573,0.47689082433182034,0.2969741450429296,74.81301046327445,138.95644839380583,86.53232638260884,2.6266577352938434,20.843467259070877,11.615950229785245,21.23746591936495,0.030354641381995083,34.34515471273317,34.50365460901718,basis,absolut,40,40.0,5.654845287266835,55.00000000000001,200,52.99,52.297780203221855,53.68107142116264,47.01,46.31892857883736,47.702219796778145,0.0,16.0,32.0,25.83,27.160000000000007,26.541530556429016,27.774462854459692,44.03357097312814,44.24,43.55283287647766,44.929379378888676,55.76,55.07062062111133,56.44716712352235,0.0,14.0,28.0,20.77,23.470000000000002,22.881502186948026,24.056686268330502,44.3513679675113,58.26,57.57504675258921,58.94178081176394,41.74,41.05821918823606,42.42495324741079,0.0,15.0,32.0,25.805,32.455,31.803104775082875,33.10123249712049,52.034415042171446,49.125,48.43238874426438,49.8179473188338,50.875,50.1820526811662,51.56761125573561,0.0,14.0,27.0,20.8,28.325,27.698639786370876,28.947958661156115,52.23073206861393,14.0,,
primaer,2019-05-06 til 2026-09-10,15m,RTH,3,0.5,47868,0.2567541027636573,0.47689082433182034,0.2969741450429296,74.81301046327445,138.95644839380583,86.53232638260884,2.6266577352938434,20.843467259070877,11.615950229785245,21.23746591936495,0.030354641381995083,34.34515471273317,34.50365460901718,basis,absolut,45,45.0,10.654845287266834,55.00000000000001,200,74.285,73.67464962914359,74.88602317961141,25.715,25.113976820388583,26.325350370856416,0.0,14.0,27.0,25.83,48.455000000000005,47.75689947063696,49.142465171742025,83.71977517457287,65.45,64.78804938880094,66.10601669706541,34.55,33.89398330293457,35.21195061119906,0.0,13.0,24.0,20.77,44.68,43.98615386649327,45.36480021789562,84.05474338926847,77.925,77.34486082692624,78.49441395934032,22.075,21.50558604065967,22.655139173073767,0.0,13.0,27.0,25.805,52.12,51.421665795138225,52.806657005600876,91.55986852505244,69.475,68.8330833731234,70.10943682249133,30.525,29.89056317750867,31.166916626876613,0.0,12.0,24.0,20.8,48.675000000000004,47.97691175041147,49.362659497268055,91.85078764371114,13.0,,
primaer,2019-05-06 til 2026-09-10,15m,RTH,3,0.5,47868,0.2567541027636573,0.47689082433182034,0.2969741450429296,74.81301046327445,138.95644839380583,86.53232638260884,2.6266577352938434,20.843467259070877,11.615950229785245,21.23746591936495,0.030354641381995083,34.34515471273317,34.50365460901718,basis,relativ,be,34.34515471273317,0.0,55.00000000000001,200,25.83,25.228072181956122,26.44121084099597,74.17,73.55878915900404,74.77192781804388,0.0,16.0,35.0,25.83,0.0,-0.013497871801933714,0.013497871801933714,0.014502839449137028,20.77,20.213432277252494,21.337794150587378,79.23,78.66220584941262,79.7865677227475,0.0,14.0,29.0,20.77,0.0,-0.014901366047987957,0.014901366047987957,-0.043755595813148584,30.315,29.681841765322183,30.95571869420666,69.685,69.04428130579335,70.31815823467782,0.0,17.0,35.0,25.805,4.509999999999997,4.222110978494292,4.799181608753334,7.798508051785239,24.595,24.003077890294126,25.196679461716542,75.405,74.80332053828346,75.99692210970586,0.0,15.0,30.0,20.8,3.7950000000000013,3.5302239158758812,4.062014601714998,8.095642680015908,14.0,,
primaer,2019-05-06 til 2026-09-10,15m,RTH,3,0.5,47868,0.2567541027636573,0.47689082433182034,0.2969741450429296,74.81301046327445,138.95644839380583,86.53232638260884,2.6266577352938434,20.843467259070877,11.615950229785245,21.23746591936495,0.030354641381995083,34.34515471273317,34.50365460901718,basis,relativ,be+3,37.34515471273316,2.9999999999999973,55.00000000000001,200,39.83,39.153549088325235,40.51035692505594,60.17,59.48964307494408,60.846450911674765,0.0,16.0,34.0,25.83,14.000000000000002,13.51887278311897,14.480852672826364,23.39374702149979,32.635,31.988570064992285,33.28809934723622,67.365,66.71190065276377,68.01142993500771,0.0,14.0,29.0,20.77,11.864999999999998,11.417382302546546,12.314022120359889,23.68256118805115,45.105,44.41638244590944,45.79549758707982,54.895,54.204502412920185,55.58361755409056,0.0,16.0,34.0,25.805,19.3,18.75197327370417,19.846358197852116,31.21541049755324,37.04,36.37327906598691,37.71169850858732,62.96,62.28830149141268,63.6267209340131,0.0,14.0,29.0,20.8,16.240000000000002,15.728719211140005,16.751603193492347,31.319718162471958,14.0,,
primaer,2019-05-06 til 2026-09-10,15m,RTH,3,0.5,47868,0.2567541027636573,0.47689082433182034,0.2969741450429296,74.81301046327445,138.95644839380583,86.53232638260884,2.6266577352938434,20.843467259070877,11.615950229785245,21.23746591936495,0.030354641381995083,34.34515471273317,34.50365460901718,basis,relativ,be+6,40.34515471273317,6.0,55.00000000000001,200,54.82,54.12941538456268,55.50873338785648,45.18,44.49126661214351,45.87058461543733,0.0,15.5,32.0,25.83,28.990000000000006,28.358873068657193,29.616551923140293,46.931604812982265,46.0,45.31010313612755,46.69143315232128,54.0,53.308566847678726,54.68989686387245,0.0,14.0,28.0,20.77,25.230000000000004,24.626649559674807,25.83097469047127,47.30823658533869,59.92,59.23898073187534,60.597209272771536,40.08,39.40279072722846,40.76101926812466,0.0,15.0,32.0,25.805,34.114999999999995,33.454684235313316,34.76912743356021,54.88512375333615,50.78,50.08704913800185,51.472651285750636,49.22,48.52734871424937,49.912950861998155,0.0,14.0,27.0,20.8,29.980000000000008,29.342845280699176,30.613197516819433,55.07851381185818,14.0,,
primaer,2019-05-06 til 2026-09-10,15m,RTH,3,0.5,47868,0.2567541027636573,0.47689082433182034,0.2969741450429296,74.81301046327445,138.95644839380583,86.53232638260884,2.6266577352938434,20.843467259070877,11.615950229785245,21.23746591936495,0.030354641381995083,34.34515471273317,34.50365460901718,basis,relativ,be+11,45.34515471273316,10.999999999999998,55.00000000000001,200,75.525,74.9242813986989,76.11591516063696,24.475,23.884084839363027,25.075718601301105,0.0,13.0,27.0,25.83,49.695,48.99640028134469,50.38260469944039,86.41989762058684,66.735,66.0788553405911,67.38471721261108,33.265,32.61528278738893,33.92114465940889,0.0,12.0,24.0,20.77,45.965,45.269257872763,46.65124971426361,86.86982639959922,78.98,78.40977430099707,79.5390952891911,21.02,20.460904710808904,21.590225699002918,0.0,13.0,26.0,25.805,53.175,52.47729626837254,53.86074090811602,94.22992704201154,70.745,70.11057007704305,71.37146234698916,29.255,28.628537653010838,29.88942992295694,0.0,12.0,24.0,20.8,49.94500000000001,49.24645129215482,50.632686159437654,94.57965633149041,12.0,,
primaer,2019-05-06 til 2026-09-10,15m,RTH,1,1.0,47868,0.2567541027636573,0.47689082433182034,0.2969741450429296,149.6260209265489,277.91289678761166,173.0646527652177,2.6266577352938434,13.895644839380582,7.612633933092137,14.026977726145276,0.015177320690997542,33.83924402303325,33.91849397117526,basis,absolut,34,34.0,0.1607559769667477,55.00000000000001,500,27.155,26.54303739320296,27.775736734200464,72.845,72.22426326579954,73.45696260679703,0.0,30.0,63.0,26.13,1.0250000000000037,0.8852437664085326,1.1656592242289265,0.674126723611725,23.355,22.773789957680744,23.946443643749067,76.645,76.05355635625092,77.22621004231924,0.0,27.0,56.0,22.495,0.8599999999999997,0.7318432219075236,0.9893454069142468,0.6542391847304636,30.225,29.592394541925604,30.865200484093336,69.775,69.13479951590665,70.4076054580744,0.0,30.0,62.0,26.235,3.9899999999999993,3.7190867038003215,4.262153819847314,3.2678125638849562,26.04,25.436434311402444,26.652768056406096,73.96,73.34723194359391,74.56356568859756,0.0,28.0,55.0,22.515,3.525000000000003,3.2700088082498775,3.7818641409316824,3.3227754498187876,27.0,,
primaer,2019-05-06 til 2026-09-10,15m,RTH,1,1.0,47868,0.2567541027636573,0.47689082433182034,0.2969741450429296,149.6260209265489,277.91289678761166,173.0646527652177,2.6266577352938434,13.895644839380582,7.612633933092137,14.026977726145276,0.015177320690997542,33.83924402303325,33.91849397117526,basis,absolut,37,37.0,3.160755976966745,55.00000000000001,500,46.56,45.86941672609575,47.25190448197025,53.44,52.74809551802975,54.13058327390425,0.0,29.0,60.0,26.13,20.430000000000003,19.87013590832522,20.987817429857998,16.205862323728958,40.69,40.01101740957955,41.37255830178511,59.31,58.62744169821489,59.988982590420434,0.0,27.0,55.0,22.495,18.194999999999997,17.659902529528633,18.72944785403248,16.257789363960907,49.96,49.267122530018945,50.65289283286554,50.04,49.34710716713445,50.73287746998104,0.0,29.0,60.0,26.235,23.724999999999994,23.133880581022233,24.31309120652575,18.671616919921068,44.02,43.333235464814,44.709061286417004,55.98,55.290938713582996,56.666764535186,0.0,27.0,54.0,22.515,21.505,20.93471109997327,22.07366476555109,18.805219478568993,27.0,,
primaer,2019-05-06 til 2026-09-10,15m,RTH,1,1.0,47868,0.2567541027636573,0.47689082433182034,0.2969741450429296,149.6260209265489,277.91289678761166,173.0646527652177,2.6266577352938434,13.895644839380582,7.612633933092137,14.026977726145276,0.015177320690997542,33.83924402303325,33.91849397117526,basis,absolut,40,40.0,6.1607559769667475,55.00000000000001,500,65.5,64.83826526267251,66.15578161958825,34.5,33.84421838041175,35.161734737327485,0.0,27.0,55.0,26.13,39.370000000000005,38.68893131562034,40.04319243480596,31.445064774893055,58.88,58.19642218022252,59.56016725942106,41.12,40.43983274057894,41.80357781977747,0.0,25.0,50.0,22.495,36.385,35.71497436222901,37.048564910852924,31.553215016610093,68.86,68.21466478313994,69.49809161682379,31.14,30.501908383176207,31.785335216860062,0.0,26.5,55.0,26.235,42.62499999999999,41.935162294906654,43.30594642719186,34.25637990233084,62.15,61.475545685348635,62.819787838488025,37.85,37.180212161511975,38.524454314651365,0.0,25.0,50.0,22.515,39.63500000000001,38.95329420759396,40.30914298606443,34.311364031025,25.0,,
primaer,2019-05-06 til 2026-09-10,15m,RTH,1,1.0,47868,0.2567541027636573,0.47689082433182034,0.2969741450429296,149.6260209265489,277.91289678761166,173.0646527652177,2.6266577352938434,13.895644839380582,7.612633933092137,14.026977726145276,0.015177320690997542,33.83924402303325,33.91849397117526,basis,absolut,45,45.0,11.160755976966746,55.00000000000001,500,87.385,86.91766342246254,87.83797804162253,12.615,12.162021958377474,13.082336577537465,0.0,22.0,43.0,26.13,61.255,60.57291963828767,61.92336283075976,57.77418041831951,82.325,81.7901440457585,82.84744082321434,17.675,17.152559176785655,18.2098559542415,0.0,21.0,41.0,22.495,59.830000000000005,59.14354518087161,60.50248708779501,57.807432508146825,88.84,88.39613482937116,89.26894780979062,11.16,10.731052190209379,11.60386517062883,0.0,21.0,42.0,26.235,62.605,61.92742643815309,63.26868716500583,60.388263557822945,84.2,83.68794228646011,84.69892244730232,15.8,15.301077552697674,16.31205771353988,0.0,20.0,40.0,22.515,61.685,61.00396763069059,62.35159097602211,60.47173609325229,21.0,,
primaer,2019-05-06 til 2026-09-10,15m,RTH,1,1.0,47868,0.2567541027636573,0.47689082433182034,0.2969741450429296,149.6260209265489,277.91289678761166,173.0646527652177,2.6266577352938434,13.895644839380582,7.612633933092137,14.026977726145276,0.015177320690997542,33.83924402303325,33.91849397117526,basis,relativ,be,33.83924402303325,0.0,55.00000000000001,500,26.13,25.525737907265732,26.743429894052696,73.87,73.2565701059473,74.47426209273426,0.0,30.0,62.0,26.13,0.0,-0.013418890008735605,0.013418890008735605,-0.23129581288299747,22.495,21.921630107234506,23.078933796211807,77.505,76.92106620378819,78.0783698927655,0.0,27.0,55.0,22.495,0.0,-0.01440881966280783,0.01440881966280783,-0.2003665976423963,29.2,28.573896249842782,29.83409245009117,70.8,70.16590754990884,71.42610375015721,0.0,30.0,62.0,26.235,2.9649999999999954,2.7301973169122706,3.201022975474485,2.414397297650531,25.13,24.533664130373932,25.73588774305672,74.87,74.26411225694329,75.46633586962608,0.0,28.0,55.0,22.515,2.6150000000000033,2.394296333394303,2.837468411676572,2.447851179342379,27.0,,
primaer,2019-05-06 til 2026-09-10,15m,RTH,1,1.0,47868,0.2567541027636573,0.47689082433182034,0.2969741450429296,149.6260209265489,277.91289678761166,173.0646527652177,2.6266577352938434,13.895644839380582,7.612633933092137,14.026977726145276,0.015177320690997542,33.83924402303325,33.91849397117526,basis,relativ,be+3,36.83924402303326,3.0000000000000027,55.00000000000001,500,45.405,44.71592859214254,46.09583621921306,54.595,53.90416378078694,55.28407140785746,0.0,30.0,61.0,26.13,19.275000000000002,18.72739396127265,19.820886243793648,15.325577828572325,39.555,38.87940459972988,40.23460703348215,60.445,59.76539296651786,61.120595400270126,0.0,27.0,54.0,22.495,17.06,16.538419196272194,17.581247176436015,15.338460669349287,48.91,48.21748857756039,49.60293006104192,51.09,50.39706993895808,51.782511422439605,0.0,29.0,61.0,26.235,22.674999999999994,22.093272701644214,23.25401035105629,17.807223559782432,42.935,42.25042186167759,43.62229160779518,57.065,56.377708392204816,57.74957813832242,0.0,27.0,55.0,22.515,20.42,19.860596818375146,20.978103934763325,17.902138949337147,27.0,,
primaer,2019-05-06 til 2026-09-10,15m,RTH,1,1.0,47868,0.2567541027636573,0.47689082433182034,0.2969741450429296,149.6260209265489,277.91289678761166,173.0646527652177,2.6266577352938434,13.895644839380582,7.612633933092137,14.026977726145276,0.015177320690997542,33.83924402303325,33.91849397117526,basis,relativ,be+6,39.83924402303325,6.0,55.00000000000001,500,64.475,63.808999807627565,65.1354407485482,35.525,34.864559251451794,36.19100019237244,0.0,27.0,55.0,26.13,38.345000000000006,37.66733888650034,39.0151057721216,30.58140889795064,57.93,57.2443599922258,58.61259431592439,42.07,41.38740568407561,42.75564000777422,0.0,25.0,50.5,22.495,35.435,34.76900055904438,36.094859323161884,30.7100913246656,67.84,67.18928480093734,68.48386335258084,32.16,31.516136647419156,32.810715199062656,0.0,27.0,55.0,26.235,41.605,40.91757686668577,42.28384551453235,33.33477933498035,61.105,60.42728428054127,61.77845059865263,38.895,38.22154940134736,39.57271571945872,0.0,25.0,50.0,22.515,38.59,37.91170143695612,39.26108920028839,33.40414094540988,25.0,,
primaer,2019-05-06 til 2026-09-10,15m,RTH,1,1.0,47868,0.2567541027636573,0.47689082433182034,0.2969741450429296,149.6260209265489,277.91289678761166,173.0646527652177,2.6266577352938434,13.895644839380582,7.612633933092137,14.026977726145276,0.015177320690997542,33.83924402303325,33.91849397117526,basis,relativ,be+11,44.83924402303325,10.999999999999998,55.00000000000001,500,86.91,86.43545026671754,87.37037363162081,13.09,12.629626368379181,13.564549733282455,0.0,22.0,44.0,26.13,60.78,60.09647385033988,61.44988754242785,56.86600737284778,81.735,81.19343789858668,82.26437357293234,18.265,17.73562642706764,18.806562101413316,0.0,21.0,41.0,22.495,59.24,58.55203774959856,59.9141534810818,56.89984006725245,88.375,87.92339604948785,88.81186518320614,11.625,11.188134816793864,12.076603950512167,0.0,21.0,43.0,26.235,62.13999999999999,61.46081370805392,62.80536200388982,59.43151507803454,83.685,83.16644468929782,84.19061784160242,16.315,15.80938215839758,16.833555310702184,0.0,21.0,40.0,22.515,61.17,60.487357646346354,61.83832894832732,59.53930704775854,21.0,,
primaer,2019-05-06 til 2026-09-10,15m,RTH,1,0.75,47868,0.2567541027636573,0.47689082433182034,0.2969741450429296,112.21951569491168,208.43467259070874,129.79848957391323,2.6266577352938434,10.421733629535439,5.742308671510276,10.55306651630013,0.02023642758799673,34.00788091959989,34.11354751712256,basis,absolut,34,34.0,-0.00788091959988968,55.00000000000001,500,26.02,25.416589518247022,26.63262053100375,73.98,73.36737946899625,74.58341048175298,0.0,49.0,101.0,26.07,-0.050000000000000044,-0.0838718509286927,-0.01633354054479524,-0.20525036402492353,22.815,22.238672482951053,23.40176851741935,77.185,76.59823148258064,77.76132751704894,0.0,45.0,92.0,22.87,-0.054999999999999494,-0.09064663506510452,-0.019642170194466634,-0.2875170447365957,31.285,30.646065984287716,31.93112192529228,68.715,68.06887807470773,69.3539340157123,0.0,50.0,102.0,25.885,5.3999999999999995,5.087148951212799,5.71408640928996,2.4492172151465486,27.735,27.118864251218135,28.3596871143602,72.265,71.6403128856398,72.88113574878187,0.0,46.0,93.0,22.9,4.834999999999997,4.538350127318631,5.133479506347067,2.3824217278556166,45.0,,
primaer,2019-05-06 til 2026-09-10,15m,RTH,1,0.75,47868,0.2567541027636573,0.47689082433182034,0.2969741450429296,112.21951569491168,208.43467259070874,129.79848957391323,2.6266577352938434,10.421733629535439,5.742308671510276,10.55306651630013,0.02023642758799673,34.00788091959989,34.11354751712256,basis,absolut,37,37.0,2.9921190804001077,55.00000000000001,500,50.775,50.08204902082204,51.46765332329101,49.225,48.532346676709004,49.91795097917796,0.0,47.0,96.0,26.07,24.705000000000005,24.10557400454037,25.301130905961116,11.502495870839446,45.99,45.300116190147676,46.68142393902228,54.01,53.31857606097772,54.69988380985234,0.0,45.0,89.0,22.87,23.119999999999997,22.534544146032346,23.703258317451308,11.55042264877245,56.595,55.90690070179265,57.280566342627324,43.405,42.71943365737267,44.093099298207356,0.0,47.0,95.0,25.885,30.709999999999994,30.068104409842217,31.346773931505282,14.100663544011505,51.295,50.602098331764886,51.987404294849796,48.705,48.012595705150204,49.39790166823511,0.0,44.0,87.0,22.9,28.395000000000003,27.768096490665556,29.018025056162898,14.08855575391928,45.0,,
primaer,2019-05-06 til 2026-09-10,15m,RTH,1,0.75,47868,0.2567541027636573,0.47689082433182034,0.2969741450429296,112.21951569491168,208.43467259070874,129.79848957391323,2.6266577352938434,10.421733629535439,5.742308671510276,10.55306651630013,0.02023642758799673,34.00788091959989,34.11354751712256,basis,absolut,40,40.0,5.99211908040011,55.00000000000001,500,73.04,72.42062102812693,73.65052995040779,26.96,26.34947004959222,27.579378971873087,0.0,42.0,84.0,26.07,46.970000000000006,46.27320122412416,47.656601582996934,22.936825409252087,67.93,67.27974514887607,68.57336843815202,32.07,31.426631561847984,32.72025485112393,0.0,40.0,78.0,22.87,45.06,44.36570308365226,45.7448722367416,22.94013501304674,77.95,77.37008938044652,78.51917580401724,22.05,21.480824195982763,22.629910619553485,0.0,41.0,83.0,25.885,52.065,51.36678320623276,52.75156081847358,25.62418080917656,72.755,72.13364166134191,73.36761877774478,27.245,26.632381222255226,27.8663583386581,0.0,39.0,77.0,22.9,49.855000000000004,49.15653067108402,50.542479510827135,25.595730126179724,40.0,,
primaer,2019-05-06 til 2026-09-10,15m,RTH,1,0.75,47868,0.2567541027636573,0.47689082433182034,0.2969741450429296,112.21951569491168,208.43467259070874,129.79848957391323,2.6266577352938434,10.421733629535439,5.742308671510276,10.55306651630013,0.02023642758799673,34.00788091959989,34.11354751712256,basis,absolut,45,45.0,10.992119080400109,55.00000000000001,500,93.53,93.18064447614599,93.86263686480956,6.47,6.137363135190443,6.819355523854023,0.0,31.0,61.0,26.07,67.46000000000001,66.80348648816717,68.10231983149097,42.62190676653024,91.125,90.72293436773623,91.51127066664915,8.875,8.48872933335084,9.277065632263763,0.0,30.0,59.60000000000218,22.87,68.255,67.60202939141904,68.89241995275123,42.64848048816714,94.75,94.43221423611723,95.0505985368614,5.25,4.949401463138595,5.567785763882769,0.0,30.0,58.0,25.885,68.865,68.21608516173245,69.49975261659173,45.235108838955504,92.69,92.32099191073601,93.04261205079378,7.31,6.957387949206222,7.6790080892639905,0.0,29.0,56.0,22.9,69.78999999999999,69.14573567154993,70.41864060884906,45.29907812541311,30.0,,
primaer,2019-05-06 til 2026-09-10,15m,RTH,1,0.75,47868,0.2567541027636573,0.47689082433182034,0.2969741450429296,112.21951569491168,208.43467259070874,129.79848957391323,2.6266577352938434,10.421733629535439,5.742308671510276,10.55306651630013,0.02023642758799673,34.00788091959989,34.11354751712256,basis,relativ,be,34.00788091959989,0.0,55.00000000000001,500,26.07,25.46620180843461,26.682989037210554,73.93,73.31701096278944,74.53379819156538,0.0,49.0,101.0,26.07,0.0,-0.013434644458473782,0.013434644458478825,-0.18028864536438483,22.87,22.293168994372422,23.457250882031808,77.13,76.54274911796819,77.70683100562756,0.0,45.0,92.0,22.87,0.0,-0.014303560827006932,0.014303560827006932,-0.2589356520234522,31.35,30.7106907304987,31.996472214394,68.65,68.003527785606,69.28930926950129,0.0,50.0,102.0,25.885,5.464999999999998,5.1503771513059355,5.780853325218153,2.4807221874164496,27.785,27.168510613353202,28.410021548619525,72.215,71.58997845138046,72.83148938664678,0.0,46.0,93.0,22.9,4.884999999999998,4.586896932919447,5.184931740581354,2.4160691615661474,45.0,,
primaer,2019-05-06 til 2026-09-10,15m,RTH,1,0.75,47868,0.2567541027636573,0.47689082433182034,0.2969741450429296,112.21951569491168,208.43467259070874,129.79848957391323,2.6266577352938434,10.421733629535439,5.742308671510276,10.55306651630013,0.02023642758799673,34.00788091959989,34.11354751712256,basis,relativ,be+3,37.00788091959989,2.9999999999999973,55.00000000000001,500,50.85,50.15705150618971,51.542622032514906,49.15,48.45737796748509,49.84294849381028,0.0,47.0,96.0,26.07,24.779999999999998,24.179954517245914,25.37672775117532,11.539928041258236,46.06,45.370025399501976,46.75148784462014,53.94,53.24851215537987,54.62997460049803,0.0,45.0,89.0,22.87,23.19,22.603916232575486,23.77386463129354,11.587349491757443,56.625,55.93695037628782,57.31050514596879,43.375,42.6894948540312,44.06304962371219,0.0,47.0,95.0,25.885,30.740000000000002,30.097926045149066,31.376942870207518,14.122335369970505,51.315,50.62210172584223,52.00739321933021,48.685,47.99260678066979,49.37789827415777,0.0,44.0,87.0,22.9,28.415000000000003,27.787960561987102,29.03815448647381,14.104901442647668,45.0,,
primaer,2019-05-06 til 2026-09-10,15m,RTH,1,0.75,47868,0.2567541027636573,0.47689082433182034,0.2969741450429296,112.21951569491168,208.43467259070874,129.79848957391323,2.6266577352938434,10.421733629535439,5.742308671510276,10.55306651630013,0.02023642758799673,34.00788091959989,34.11354751712256,basis,relativ,be+6,40.00788091959989,6.0,55.00000000000001,500,73.08,72.4609014030229,73.6902342126273,26.92,26.30976578737269,27.5390985969771,0.0,42.0,84.0,26.07,47.010000000000005,46.313161842629086,47.69662913416165,22.958644733341092,67.95,67.29984782290066,68.59325808268517,32.05,31.40674191731482,32.70015217709933,0.0,40.0,78.0,22.87,45.08,44.385672307488015,45.764896393636164,22.956031741395968,77.995,77.41550154251384,78.56374635870486,22.005,21.436253641295128,22.584498457486163,0.0,41.0,83.0,25.885,52.11,51.41180304361905,52.79652868743494,25.65196788047134,72.805,72.18398660406352,73.41725463141753,27.195,26.58274536858246,27.81601339593648,0.0,39.0,77.0,22.9,49.905,49.20652097532925,50.592473228942794,25.617449747544466,40.0,,
primaer,2019-05-06 til 2026-09-10,15m,RTH,1,0.75,47868,0.2567541027636573,0.47689082433182034,0.2969741450429296,112.21951569491168,208.43467259070874,129.79848957391323,2.6266577352938434,10.421733629535439,5.742308671510276,10.55306651630013,0.02023642758799673,34.00788091959989,34.11354751712256,basis,relativ,be+11,45.00788091959989,10.999999999999998,55.00000000000001,500,93.53,93.18064447614599,93.86263686480956,6.47,6.137363135190443,6.819355523854023,0.0,31.0,61.0,26.07,67.46000000000001,66.80348648816717,68.10231983149097,42.64295759264475,91.135,90.7331328424132,91.52106835125107,8.865,8.478931648748931,9.266867157586796,0.0,30.0,59.0,22.87,68.265,67.61208325976953,68.90236520630334,42.67461201355968,94.75,94.43221423611723,95.0505985368614,5.25,4.949401463138595,5.567785763882769,0.0,30.0,58.0,25.885,68.865,68.21608516173245,69.49975261659173,45.25367565313796,92.69,92.32099191073601,93.04261205079378,7.31,6.957387949206222,7.6790080892639905,0.0,29.0,56.0,22.9,69.78999999999999,69.14573567154993,70.41864060884906,45.31764535531499,30.0,,
primaer,2019-05-06 til 2026-09-10,15m,RTH,1,0.5,47868,0.2567541027636573,0.47689082433182034,0.2969741450429296,74.81301046327445,138.95644839380583,86.53232638260884,2.6266577352938434,6.947822419690291,3.871983409928415,7.079155306454983,0.030354641381995083,34.34515471273317,34.50365460901718,basis,absolut,34,34.0,-0.34515471273316445,55.00000000000001,500,21.935,21.366923628674154,22.513855355154988,78.045,77.46596065729928,78.61326804031381,0.02,105.0,209.4000000000001,25.445,-3.510000000000002,-3.766405056398735,-3.25558000015083,-0.9986400782467338,20.06,19.510788853096113,20.62071026594343,79.925,79.3641373005926,80.47436934144953,0.015,99.0,198.0,23.26,-3.2,-3.445500887853724,-2.9568380426119445,-1.00559510524663,33.215,32.565538855816925,33.870907794586515,66.755,66.09894998712356,67.40461488463637,0.03,107.0,216.0,25.5,7.715,7.345546761411752,8.085502794198366,1.6740501998683193,30.585,29.95020074334398,31.227256016714566,69.4,68.7576593350696,70.03488966595353,0.015,102.0,204.0,23.47,7.115000000000002,6.759282986404563,7.472262059041812,1.6616871261667987,99.0,,
primaer,2019-05-06 til 2026-09-10,15m,RTH,1,0.5,47868,0.2567541027636573,0.47689082433182034,0.2969741450429296,74.81301046327445,138.95644839380583,86.53232638260884,2.6266577352938434,6.947822419690291,3.871983409928415,7.079155306454983,0.030354641381995083,34.34515471273317,34.50365460901718,basis,absolut,37,37.0,2.6548452872668324,55.00000000000001,500,57.455,56.76842649017887,58.1387102522246,42.535,41.851312573816394,43.221554524501244,0.01,98.0,198.0,25.445,32.01,31.360691312571003,32.65383677297368,6.849841234659804,53.825,53.133410142728174,54.51512078144262,46.165,45.474891783151214,46.85658113339911,0.01,94.0,188.0,23.26,30.564999999999998,29.924174991411068,31.201169753207875,6.835138243504995,69.08,68.43587242411536,69.71679947998368,30.915,30.278230083746816,31.5590999325147,0.005,93.0,185.0,25.5,43.58,42.88818963745755,44.26266218245222,9.449034391797216,65.535,64.87341685395761,66.19061658577921,34.46,33.80440702273946,35.12156145788427,0.005,90.0,177.0,23.47,42.065,41.37655944620731,42.744944402275046,9.456029012422002,94.0,,
primaer,2019-05-06 til 2026-09-10,15m,RTH,1,0.5,47868,0.2567541027636573,0.47689082433182034,0.2969741450429296,74.81301046327445,138.95644839380583,86.53232638260884,2.6266577352938434,6.947822419690291,3.871983409928415,7.079155306454983,0.030354641381995083,34.34515471273317,34.50365460901718,basis,absolut,40,40.0,5.654845287266835,55.00000000000001,500,84.51,84.0019442568341,85.00480141457356,15.485,14.990265624890641,15.992990624062253,0.005,79.0,154.0,25.445,59.06499999999999,58.37676934935134,59.73979461396208,14.510369479570693,81.63,81.08726656851758,82.16058523057325,18.365,17.83447231796654,18.907677803303198,0.005,77.0,149.0,23.26,58.37,57.68002643197503,59.046453064362716,14.511396343418548,89.96,89.53578627086266,90.36886620753344,10.04,9.631133792466544,10.464213729137338,0.0,72.0,140.0,25.5,64.46,63.789431234817414,65.1162470395927,17.112896486020528,87.895,87.43564607062022,88.3397995166876,12.105,11.66020048331239,12.564353929379779,0.0,71.0,137.0,23.47,64.425,63.754019586074605,65.08111613295378,17.12483666709946,77.0,,
primaer,2019-05-06 til 2026-09-10,15m,RTH,1,0.5,47868,0.2567541027636573,0.47689082433182034,0.2969741450429296,74.81301046327445,138.95644839380583,86.53232638260884,2.6266577352938434,6.947822419690291,3.871983409928415,7.079155306454983,0.030354641381995083,34.34515471273317,34.50365460901718,basis,absolut,45,45.0,10.654845287266834,55.00000000000001,500,98.265,98.07455165870567,98.43691110079854,1.735,1.563088899201453,1.9254483412943262,0.0,51.0,93.0,25.445,72.82,72.1967622472728,73.43017569865138,27.526065433037232,97.59,97.36814324237272,97.79357876580723,2.41,2.206421234192769,2.631856757627269,0.0,51.0,91.0,23.26,74.33,73.71722522374962,74.92825617364714,27.536283385782372,98.91,98.75641323497435,99.04480179801749,1.09,0.955198201982511,1.2435867650256431,0.0,47.0,84.0,25.5,73.41,72.79132665408477,74.01623286314212,30.151461254328947,98.525,98.34836631299318,98.68299658776183,1.475,1.3170034122381498,1.6516336870068038,0.0,47.0,83.0,23.47,75.05499999999999,74.44829998741837,75.64794294637687,30.157763351160547,51.0,,
primaer,2019-05-06 til 2026-09-10,15m,RTH,1,0.5,47868,0.2567541027636573,0.47689082433182034,0.2969741450429296,74.81301046327445,138.95644839380583,86.53232638260884,2.6266577352938434,6.947822419690291,3.871983409928415,7.079155306454983,0.030354641381995083,34.34515471273317,34.50365460901718,basis,relativ,be,34.34515471273317,0.0,55.00000000000001,500,25.445,24.846122358146232,26.05330853256907,74.535,73.92653917613198,75.13403761459494,0.02,105.0,212.0,25.445,0.0,-0.013599989990302413,0.013599989990297427,-0.09048962067853124,23.26,22.679639161464767,23.850630926815708,76.725,76.13424047435976,77.30549519844145,0.015,99.0,197.0,23.26,0.0,-0.014194813888919544,0.014194813888919544,-0.10002322063624958,37.365,36.69702442729669,38.03782832384107,62.585,61.91200073077873,63.25316572168912,0.05,106.0,215.0,25.5,11.864999999999998,11.416853015516182,12.313430947010724,2.56451224957643,34.595,33.93877242172954,35.257144209159044,65.38,64.7177485180402,66.03634445287403,0.025,101.0,203.0,23.47,11.124999999999998,10.689512589580122,11.561367447655151,2.574242544808259,99.0,,
primaer,2019-05-06 til 2026-09-10,15m,RTH,1,0.5,47868,0.2567541027636573,0.47689082433182034,0.2969741450429296,74.81301046327445,138.95644839380583,86.53232638260884,2.6266577352938434,6.947822419690291,3.871983409928415,7.079155306454983,0.030354641381995083,34.34515471273317,34.50365460901718,basis,relativ,be+3,37.34515471273316,2.9999999999999973,55.00000000000001,500,61.32,60.64292845236623,61.99272385132355,38.675,38.00229321453198,39.35205640213879,0.005,96.0,192.0,25.445,35.87499999999999,35.206898373221264,36.53639699347175,7.715760367755784,57.625,56.93875314056953,58.30831830957488,42.37,41.68669334367207,43.05623712654409,0.005,93.0,182.60000000000036,23.26,34.365,33.703814215601625,35.02027629314207,7.702543567385243,72.27,71.64534638211369,72.88610033194742,27.725,27.108935094538545,28.34962011176092,0.005,91.0,179.0,25.5,46.77,46.07340988331008,47.456462460834786,10.324463355231902,68.795,68.14931121548074,69.43347014917028,31.205,30.566529850829717,31.850688784519253,0.0,88.0,172.0,23.47,45.324999999999996,44.63027865304448,46.0101561095101,10.328431600882965,93.0,,
primaer,2019-05-06 til 2026-09-10,15m,RTH,1,0.5,47868,0.2567541027636573,0.47689082433182034,0.2969741450429296,74.81301046327445,138.95644839380583,86.53232638260884,2.6266577352938434,6.947822419690291,3.871983409928415,7.079155306454983,0.030354641381995083,34.34515471273317,34.50365460901718,basis,relativ,be+6,40.34515471273317,6.0,55.00000000000001,500,86.45,85.96865910893146,86.91734146257852,13.55,13.082658537421485,14.031340891068542,0.0,76.0,149.0,25.445,61.004999999999995,60.322077231886595,61.674097407774795,15.405886239277773,83.83,83.31325539041688,84.33375145002707,16.17,15.666248549972927,16.68674460958311,0.0,75.0,144.0,23.26,60.57,59.8856221203032,61.24029572467444,15.414957258060213,91.275,90.87592742175627,91.65822000181227,8.725,8.341779998187722,9.124072578243712,0.0,70.0,135.0,25.5,65.77499999999999,65.11015152266391,66.42541900995265,18.00180378337079,89.435,89.00138888264473,89.85346523361028,10.565,10.146534766389717,10.998611117355253,0.0,69.0,132.0,23.47,65.96499999999999,65.30070076475019,66.6141939020604,18.00762818785299,75.0,,
primaer,2019-05-06 til 2026-09-10,15m,RTH,1,0.5,47868,0.2567541027636573,0.47689082433182034,0.2969741450429296,74.81301046327445,138.95644839380583,86.53232638260884,2.6266577352938434,6.947822419690291,3.871983409928415,7.079155306454983,0.030354641381995083,34.34515471273317,34.50365460901718,basis,relativ,be+11,45.34515471273316,10.999999999999998,55.00000000000001,500,98.505,98.32726038556724,98.66411019663005,1.495,1.3358898033699482,1.6727396144327615,0.0,49.0,89.0,25.445,73.05999999999999,72.43857425829997,73.66855965007099,28.426414313617446,97.965,97.75990914067215,98.15166884046572,2.035,1.8483311595342697,2.240090859327847,0.0,49.0,89.0,23.26,74.705,74.09525812697893,75.30045125785031,28.43699062072926,99.065,98.92187559197701,99.18927990983745,0.935,0.8107200901625576,1.0781244080229893,0.0,46.0,82.0,25.5,73.565,72.94755925519813,74.17018461810542,31.012433885671186,98.725,98.55988691590056,98.87139917043204,1.275,1.1286008295679546,1.4401130840994407,0.0,46.0,81.0,23.47,75.255,74.65000657033316,75.84642906225022,31.020933875771732,49.0,,
primaer,2019-05-06 til 2026-09-10,5m,RTH,1,1.0,143597,0.14616894397075053,0.2847694374952755,0.17118080874795064,85.18141378839458,165.95223739474676,99.75732810595572,2.6266577352938434,8.297611869737338,4.390403576184422,8.428944756502029,0.026330474012936464,34.21101580043121,34.36120143212576,basis,absolut,34,34.0,-0.21101580043120793,55.00000000000001,500,23.76,23.175215758631172,24.354862293593197,76.24,75.6451377064068,76.82478424136883,0.0,77.0,158.0,25.67,-1.909999999999998,-2.1008935878698494,-1.7205356526966773,-0.7673765344084771,21.375,20.81237044974126,21.94862361447073,78.625,78.05137638552927,79.18762955025875,0.0,72.0,143.0,23.12,-1.7449999999999992,-1.9278975706457684,-1.5638409692517143,-0.7874092079407542,32.035,31.39182477337203,32.685075082123824,67.965,67.31492491787617,68.60817522662798,0.0,79.0,159.0,25.935,6.1,5.768684067691426,6.432481564287813,1.874423868666562,29.065,28.439781171464457,29.698259378204643,70.935,70.30174062179536,71.56021882853555,0.0,74.0,146.0,23.47,5.595000000000002,5.277076698150617,5.914604896138277,1.8676838980040982,72.0,,
primaer,2019-05-06 til 2026-09-10,5m,RTH,1,1.0,143597,0.14616894397075053,0.2847694374952755,0.17118080874795064,85.18141378839458,165.95223739474676,99.75732810595572,2.6266577352938434,8.297611869737338,4.390403576184422,8.428944756502029,0.026330474012936464,34.21101580043121,34.36120143212576,basis,absolut,37,37.0,2.788984199568789,55.00000000000001,500,53.885,53.1934629053361,54.57504497450797,46.115,45.42495502549203,46.8065370946639,0.0,74.0,151.0,25.67,28.215000000000007,27.589089859925224,28.836601025947807,8.17432929401231,49.465,48.77225702392708,50.157948454652946,50.535,49.84205154534705,51.22774297607291,0.0,71.0,140.0,23.12,26.344999999999995,25.732824224491196,26.953912874359077,8.171012547076373,63.07,62.3986912401864,63.73628893730703,36.93,36.263711062692984,37.6013087598136,0.0,72.0,145.0,25.935,37.135,36.4617788887766,37.8010643433602,10.855730524349012,58.645,57.960887736513264,59.32579196007668,41.355,40.674208039923315,42.03911226348673,0.0,68.0,135.0,23.47,35.175,34.51007468575705,35.83371382562979,10.832211050050363,71.0,,
primaer,2019-05-06 til 2026-09-10,5m,RTH,1,1.0,143597,0.14616894397075053,0.2847694374952755,0.17118080874795064,85.18141378839458,165.95223739474676,99.75732810595572,2.6266577352938434,8.297611869737338,4.390403576184422,8.428944756502029,0.026330474012936464,34.21101580043121,34.36120143212576,basis,absolut,40,40.0,5.788984199568792,55.00000000000001,500,79.63,79.06616395411439,80.18245598920086,20.37,19.81754401079914,20.933836045885617,0.0,62.0,124.0,25.67,53.96000000000001,53.26310458485523,54.64471792824362,17.10905843566105,75.495,74.89404059648389,76.08616748501534,24.505,23.913832514984662,25.10595940351611,0.0,60.0,118.0,23.12,52.37500000000001,51.67690786780285,53.06130352230208,17.087026214811523,85.13,84.63016077036936,85.61634677632873,14.87,14.383653223671267,15.369839229630639,0.0,59.0,116.0,25.935,59.195,58.50713008214935,59.869488787301705,19.80914085824906,81.825,81.28444716242991,82.35332974259903,18.175,17.646670257400963,18.715552837570087,0.0,57.0,112.0,23.47,58.355000000000004,57.66500116227898,59.03149861710557,19.79452999860076,60.0,,
primaer,2019-05-06 til 2026-09-10,5m,RTH,1,1.0,143597,0.14616894397075053,0.2847694374952755,0.17118080874795064,85.18141378839458,165.95223739474676,99.75732810595572,2.6266577352938434,8.297611869737338,4.390403576184422,8.428944756502029,0.026330474012936464,34.21101580043121,34.36120143212576,basis,absolut,45,45.0,10.788984199568791,55.00000000000001,500,96.575,96.31386622460488,96.81824561676896,3.425,3.1817543832310355,3.686133775395111,0.0,42.0,80.0,25.67,70.905,70.26848783195784,71.52767344226932,32.15032738147504,95.19,94.88467110742826,95.47797267382099,4.81,4.522027326179008,5.1153288925717275,0.0,42.0,79.0,23.12,72.07000000000001,71.44041446630769,72.68421869640757,32.13558199184324,97.595,97.37335717583238,97.79836291198701,2.405,2.2016370880129847,2.6266428241676136,0.0,40.0,75.0,25.935,71.66,71.02868400610214,72.2780462906304,34.79030238498257,96.69,96.43296054006638,96.92910713301457,3.31,3.070892866985426,3.5670394599336235,0.0,40.0,74.0,23.47,73.22,72.59876863267633,73.82640742146785,34.78189359693691,42.0,,
primaer,2019-05-06 til 2026-09-10,5m,RTH,1,1.0,143597,0.14616894397075053,0.2847694374952755,0.17118080874795064,85.18141378839458,165.95223739474676,99.75732810595572,2.6266577352938434,8.297611869737338,4.390403576184422,8.428944756502029,0.026330474012936464,34.21101580043121,34.36120143212576,basis,relativ,be,34.21101580043121,0.0,55.00000000000001,500,25.67,25.069332301431295,26.280012173058747,74.325,73.71495020787954,74.92570723799096,0.005,77.0,157.0,25.67,0.0,-0.013540207958058758,0.013540207958058758,-0.11811901223071043,23.12,22.540898179500857,23.709425678875323,76.88,76.29057432112468,77.45910182049914,0.0,72.0,142.0,23.12,0.0,-0.014233765482955858,0.014233765482955858,-0.1418249653495329,34.185,33.53071793853877,34.84535616191582,65.81,65.14962170496304,66.46430611494293,0.005,78.0,160.0,25.935,8.249999999999996,7.868980670797895,8.63190490838335,2.5153579244659654,31.025,30.387581706111344,31.669706062217827,68.97,68.325266487117,69.60744766491437,0.005,74.0,149.0,23.47,7.555000000000003,7.189284941950737,7.9222060897696895,2.5085660824002844,72.0,,
primaer,2019-05-06 til 2026-09-10,5m,RTH,1,1.0,143597,0.14616894397075053,0.2847694374952755,0.17118080874795064,85.18141378839458,165.95223739474676,99.75732810595572,2.6266577352938434,8.297611869737338,4.390403576184422,8.428944756502029,0.026330474012936464,34.21101580043121,34.36120143212576,basis,relativ,be+3,37.21101580043121,3.0000000000000027,55.00000000000001,500,56.04,55.3510278436505,56.72665236079176,43.96,43.27334763920824,44.6489721563495,0.0,74.0,149.0,25.67,30.37,29.730162808953363,31.00485266135727,8.798063633918035,51.405,50.71211837231543,52.09734200636692,48.595,47.90265799363308,49.28788162768457,0.0,70.0,139.0,23.12,28.285000000000004,27.6588257538119,28.907288082201237,8.786411027956817,65.03,64.36626776058914,65.68795963556435,34.97,34.31204036443565,35.63373223941086,0.0,71.0,142.0,25.935,39.095,38.41482238803436,39.76740319091965,11.500777316728023,60.655,59.97598069479354,61.32992701685088,39.345,38.670072983149126,40.02401930520648,0.0,68.0,134.0,23.47,37.185,36.51172991213959,37.851391640438145,11.465512178594249,70.0,,
primaer,2019-05-06 til 2026-09-10,5m,RTH,1,1.0,143597,0.14616894397075053,0.2847694374952755,0.17118080874795064,85.18141378839458,165.95223739474676,99.75732810595572,2.6266577352938434,8.297611869737338,4.390403576184422,8.428944756502029,0.026330474012936464,34.21101580043121,34.36120143212576,basis,relativ,be+6,40.21101580043121,6.0,55.00000000000001,500,81.035,80.48575197178424,81.57232835021334,18.965,18.427671649786657,19.514248028215757,0.0,61.0,122.0,25.67,55.364999999999995,54.669744380799656,56.047716067765485,17.75364716965851,76.98,76.3914407551516,77.55819697926098,23.02,22.441803020739012,23.608559244848383,0.0,59.0,117.0,23.12,53.86000000000001,53.16296570725776,54.544793995890636,17.703971267934172,86.175,85.68968698522926,86.64641920611157,13.825,13.353580793888431,14.310313014770736,0.0,58.0,113.0,25.935,60.24,59.55489461616875,60.91152148519382,20.45783793895638,82.98,82.45284384294507,83.49448945879428,17.02,16.505510541205723,17.54715615705493,0.0,56.0,109.0,23.47,59.51,58.82275619360511,60.183446696516626,20.45303739877121,59.0,,
primaer,2019-05-06 til 2026-09-10,5m,RTH,1,1.0,143597,0.14616894397075053,0.2847694374952755,0.17118080874795064,85.18141378839458,165.95223739474676,99.75732810595572,2.6266577352938434,8.297611869737338,4.390403576184422,8.428944756502029,0.026330474012936464,34.21101580043121,34.36120143212576,basis,relativ,be+11,45.21101580043121,10.999999999999998,55.00000000000001,500,96.825,96.57286914060249,97.05914668274332,3.175,2.940853317256685,3.427130859397513,0.0,42.0,79.0,25.67,71.15500000000002,70.5201371022488,71.77611545835097,32.76668423583869,95.485,95.18840090188435,95.76412957809181,4.515,4.235870421908189,4.81159909811565,0.0,41.0,77.0,23.12,72.365,71.73746582351575,72.9772199298819,32.76216676029842,97.775,97.5612246566793,97.9704262981599,2.225,2.029573701840098,2.4387753433206987,0.0,39.0,73.0,25.935,71.83999999999999,71.20993829999051,72.45689466581304,35.41969583982349,96.935,96.68695486667367,97.16501870873978,3.065,2.834981291260217,3.3130451333263236,0.0,39.0,73.0,23.47,73.465,72.84560503347436,74.06966452413667,35.40791257018914,41.0,,
primaer,2019-05-06 til 2026-09-10,5m,RTH,1,0.75,143597,0.14616894397075053,0.2847694374952755,0.17118080874795064,63.88606034129593,124.46417804606007,74.81799607946678,2.6266577352938434,6.2232089023030035,3.325635903829489,6.354541789067697,0.03510729868391529,34.503576622797176,34.70382413172324,basis,absolut,34,34.0,-0.503576622797175,55.00000000000001,500,19.475,18.93205411464292,20.029669686582263,80.33,79.77329589768412,80.87505519515258,0.195,131.0,264.0,25.075,-5.599999999999997,-5.920254070069914,-5.282367800614745,-1.266289564165834,18.12,17.592310559737392,18.659933659199837,81.765,81.22377377814848,82.2940261712072,0.115,125.0,249.0,23.275,-5.155000000000001,-5.4632732700854145,-4.849723357022234,-1.2458201355792142,33.725,33.072965682679026,34.383285090947176,66.005,65.34549091699307,66.65836200885103,0.27,135.0,273.0,25.39,8.334999999999997,7.952242518148241,8.718735389878354,1.4427730085170793,31.325,30.685834885291076,31.97133766140443,68.515,67.86780494247867,69.15508396236378,0.16,129.0,256.60000000000036,23.485,7.839999999999997,7.46800141818707,8.213448323474488,1.425589239097907,125.0,,
primaer,2019-05-06 til 2026-09-10,5m,RTH,1,0.75,143597,0.14616894397075053,0.2847694374952755,0.17118080874795064,63.88606034129593,124.46417804606007,74.81799607946678,2.6266577352938434,6.2232089023030035,3.325635903829489,6.354541789067697,0.03510729868391529,34.503576622797176,34.70382413172324,basis,absolut,37,37.0,2.496423377202822,55.00000000000001,500,58.755,58.07113590539525,59.43550154326236,41.085,40.404927153873615,41.76849684900673,0.16,125.0,250.0,25.075,33.68000000000001,33.02199583285332,34.332048974786346,5.60364587722749,55.19,54.499860074035,55.878146591702624,44.71,44.02201861670941,45.40001312476418,0.1,120.0,237.0,23.275,31.914999999999992,31.266380609662576,32.558517976142554,5.583218094359012,72.725,72.10343516676431,73.33783679448571,27.2,26.58770890975023,27.82104793440815,0.075,115.0,226.0,25.39,47.334999999999994,46.63786290146595,48.02184121617879,8.19991804460732,69.525,68.88336717318545,70.15913381882368,30.43,29.796139643552333,31.0713766476836,0.045,112.0,217.0,23.485,46.040000000000006,45.344302917800114,46.7258985509168,8.19374781266837,120.0,,
primaer,2019-05-06 til 2026-09-10,5m,RTH,1,0.75,143597,0.14616894397075053,0.2847694374952755,0.17118080874795064,63.88606034129593,124.46417804606007,74.81799607946678,2.6266577352938434,6.2232089023030035,3.325635903829489,6.354541789067697,0.03510729868391529,34.503576622797176,34.70382413172324,basis,absolut,40,40.0,5.496423377202825,55.00000000000001,500,86.635,86.15636791437412,87.09956160379507,13.36,12.895513942615814,13.83855845957553,0.005,96.0,188.0,25.075,61.559999999999995,60.87876828616173,62.22722782585704,12.200303940245975,84.15,83.63730327366474,84.64958066370332,15.845,15.345485077846801,16.357632905145707,0.005,94.0,182.0,23.275,60.875,60.191513362583606,61.544332789820174,12.196794106261503,92.4,92.02454078138781,92.75917456105452,7.6,7.240825438945472,7.975459218612199,0.0,86.0,165.0,25.39,67.01,66.35104034468876,67.65444154855777,14.788440585621675,90.73,90.32021271783151,91.1241440250382,9.27,8.875855974961794,9.679787282168489,0.0,85.0,161.0,23.485,67.245,66.58686729591172,67.88788162018797,14.790125545210097,94.0,,
primaer,2019-05-06 til 2026-09-10,5m,RTH,1,0.75,143597,0.14616894397075053,0.2847694374952755,0.17118080874795064,63.88606034129593,124.46417804606007,74.81799607946678,2.6266577352938434,6.2232089023030035,3.325635903829489,6.354541789067697,0.03510729868391529,34.503576622797176,34.70382413172324,basis,absolut,45,45.0,10.496423377202824,55.00000000000001,500,98.875,98.71915911421785,99.01206936129792,1.125,0.9879306387020732,1.2808408857821536,0.0,60.0,108.0,25.075,73.8,73.18410441610858,74.40322403637501,23.42458979660104,98.465,98.28507153421648,98.62631441086529,1.535,1.3736855891347033,1.714928465783518,0.0,60.0,107.0,23.275,75.19,74.5843153084714,75.78178362724294,23.42595816335384,99.355,99.23418354439923,99.4568605765027,0.645,0.5431394234973075,0.76581645560078,0.0,55.0,96.0,25.39,73.965,73.35073057487196,74.56737819180744,26.059065787615108,99.135,98.99689238078734,99.25423623597925,0.865,0.7457637640207534,1.003107619212648,0.0,55.0,95.0,23.485,75.64999999999999,75.04848334553704,76.23844555513757,26.06195228683527,60.0,,
primaer,2019-05-06 til 2026-09-10,5m,RTH,1,0.75,143597,0.14616894397075053,0.2847694374952755,0.17118080874795064,63.88606034129593,124.46417804606007,74.81799607946678,2.6266577352938434,6.2232089023030035,3.325635903829489,6.354541789067697,0.03510729868391529,34.503576622797176,34.70382413172324,basis,relativ,be,34.503576622797176,0.0,55.00000000000001,500,25.075,24.479112235246454,25.680460762150346,74.73,74.12303118278442,75.32747071388066,0.195,133.0,268.0,25.075,0.0,-0.013698916278723395,0.013698916278728343,-0.10077350771540383,23.275,22.694504801558555,23.865759525640236,76.605,76.01321539537612,77.18656636607855,0.12,127.0,251.0,23.275,0.0,-0.01419064624660001,0.01419064624660001,-0.10409487720414033,40.45,39.77170209299629,41.13196579567531,59.3,58.61741737598618,59.97901075337027,0.25,133.0,266.0,25.39,15.06,14.564001796153864,15.555549130839422,2.562832290063991,37.765,37.09552459876974,38.43917452352314,62.105,61.43039844880248,62.77495235827922,0.13,128.0,251.0,23.485,14.279999999999998,13.795084864917342,14.765072919833155,2.5671393913859957,127.0,,
primaer,2019-05-06 til 2026-09-10,5m,RTH,1,0.75,143597,0.14616894397075053,0.2847694374952755,0.17118080874795064,63.88606034129593,124.46417804606007,74.81799607946678,2.6266577352938434,6.2232089023030035,3.325635903829489,6.354541789067697,0.03510729868391529,34.503576622797176,34.70382413172324,basis,relativ,be+3,37.503576622797176,2.9999999999999973,55.00000000000001,500,64.8,64.13531601195427,65.45899972078502,35.11,34.45140526181116,35.77431357193965,0.09,121.0,237.0,25.075,39.725,39.04286760298517,40.39923441341668,6.705692562610995,61.365,60.68806503175309,62.037569988691665,38.605,37.9325329239245,39.28184357779413,0.03,117.0,226.0,23.275,38.09,37.413392925171394,38.75945499278753,6.706093396094402,77.585,77.00178246741093,78.15762290337378,22.38,21.807704864869986,22.96290320686923,0.035,111.0,217.0,25.39,52.195,51.49683152121886,52.881455425362155,9.3088598496441,74.42,73.81066674846133,75.01995421055851,25.555,24.955244579477213,26.164144063305745,0.025,108.0,208.70000000000073,23.485,50.934999999999995,50.23646696456273,51.62218091524353,9.28798714248732,117.0,,
primaer,2019-05-06 til 2026-09-10,5m,RTH,1,0.75,143597,0.14616894397075053,0.2847694374952755,0.17118080874795064,63.88606034129593,124.46417804606007,74.81799607946678,2.6266577352938434,6.2232089023030035,3.325635903829489,6.354541789067697,0.03510729868391529,34.503576622797176,34.70382413172324,basis,relativ,be+6,40.503576622797176,6.0,55.00000000000001,500,89.245,88.80807006449169,89.66685702546465,10.75,10.328231689399606,11.186843141004605,0.005,92.0,177.0,25.075,64.16999999999999,63.49818581303486,64.8273979196522,13.321242579327718,87.09,86.61815919333621,87.54759557202195,12.905,12.447482018650804,13.376765136351596,0.005,90.0,173.0,23.275,63.815,63.14156941847126,64.47363733259252,13.318910762016444,94.16,93.82644820709137,94.47659116843347,5.835,5.518540237907646,6.1684223069280755,0.005,82.0,156.0,25.39,68.77,68.1204075674852,69.40513776260822,15.93894459260957,92.635,92.26475600741418,92.98886907808178,7.365,7.011130921918221,7.735243992585819,0.0,81.0,153.0,23.485,69.15,68.50211798347942,69.782518960851,15.936596724500856,90.0,,
primaer,2019-05-06 til 2026-09-10,5m,RTH,1,0.75,143597,0.14616894397075053,0.2847694374952755,0.17118080874795064,63.88606034129593,124.46417804606007,74.81799607946678,2.6266577352938434,6.2232089023030035,3.325635903829489,6.354541789067697,0.03510729868391529,34.503576622797176,34.70382413172324,basis,relativ,be+11,45.503576622797176,10.999999999999998,55.00000000000001,500,99.14,99.00225854955916,99.25886814684686,0.86,0.7411318531531258,0.9977414504408368,0.0,58.0,103.0,25.075,74.065,73.45126335071824,74.66638790698832,24.517835152603816,98.765,98.60230157162778,98.90896915182033,1.235,1.0910308481796678,1.3976984283722163,0.0,58.0,102.0,23.275,75.49,74.88689877101517,76.0794885911035,24.51987454091844,99.51,99.4032603281587,99.59772426156582,0.49,0.4022757384341803,0.5967396718412997,0.0,53.0,92.0,25.39,74.11999999999999,73.5070426270776,74.72134065806236,27.175887413487235,99.325,99.20166536273291,99.42939028033236,0.675,0.5706097196676444,0.7983346372670768,0.0,53.0,91.0,23.485,75.84,75.24020366822877,76.42701052929985,27.17442836926278,58.0,,
primaer,2019-05-06 til 2026-09-10,5m,RTH,1,0.5,143597,0.14616894397075053,0.2847694374952755,0.17118080874795064,42.59070689419729,82.97611869737338,49.87866405297786,2.6266577352938434,4.148805934868669,2.2608682314745567,4.280138821633361,0.05266094802587293,35.0886982675291,35.389069530918185,basis,absolut,34,34.0,-1.0886982675290924,55.00000000000001,500,9.34,8.944484167918,9.751132204164428,84.9,84.39707901702116,85.38951686626272,5.76,249.0,426.0,20.98,-11.639999999999999,-12.087724241182434,-11.19829896331962,-1.6526325785260225,9.02,8.63081255923538,9.424926715922956,86.28,85.79619601105075,86.74986985271829,4.7,246.0,422.0,20.2,-11.180000000000001,-11.620137047511841,-10.746166476470757,-1.6571000405794745,31.105,30.467112818556608,31.750144224003584,57.16,56.47287930570973,57.844370737966855,11.735,261.0,433.0,20.455,10.649999999999999,10.223180968061193,11.078558550432701,0.9745637614010139,30.33,29.696749917003473,30.970804781443682,59.83,59.14874679419761,60.50747777693939,9.84,256.0,428.0,19.815,10.515000000000002,10.090674932680226,10.94127164259276,0.9702527508986503,246.0,,
primaer,2019-05-06 til 2026-09-10,5m,RTH,1,0.5,143597,0.14616894397075053,0.2847694374952755,0.17118080874795064,42.59070689419729,82.97611869737338,49.87866405297786,2.6266577352938434,4.148805934868669,2.2608682314745567,4.280138821633361,0.05266094802587293,35.0886982675291,35.389069530918185,basis,absolut,37,37.0,1.9113017324709047,55.00000000000001,500,54.305,53.61386044650083,54.994486123056106,36.505,35.8404152341977,37.17476781895657,9.19,243.0,414.0,20.98,33.325,32.669115611071945,33.975750636573835,2.8151905157403743,53.065,52.37282883540074,53.75599398357532,39.04,38.36606707438073,39.718142355969086,7.895,241.0,410.0,20.2,32.864999999999995,32.211567075825556,33.5136279608889,2.819236686463732,82.635,82.10375412635462,83.15371168026344,13.37,12.905362871764995,13.848705689705229,3.995,207.0,374.0,20.455,62.18,61.50050102032066,62.844751673821165,5.440872957682644,81.415,80.86988859929681,81.94804577529814,14.95,14.462546009917288,15.450915717615644,3.635,205.0,369.0,19.815,61.60000000000001,60.918607498152035,62.266790330408725,5.4404647500067345,241.0,,
primaer,2019-05-06 til 2026-09-10,5m,RTH,1,0.5,143597,0.14616894397075053,0.2847694374952755,0.17118080874795064,42.59070689419729,82.97611869737338,49.87866405297786,2.6266577352938434,4.148805934868669,2.2608682314745567,4.280138821633361,0.05266094802587293,35.0886982675291,35.389069530918185,basis,absolut,40,40.0,4.911301732470907,55.00000000000001,500,92.535,92.16252392077317,92.891139571934,6.125,5.801027143144296,6.465824020778885,1.34,174.0,319.0,20.98,71.555,70.92141699572629,72.17211142357947,7.305071368445102,91.58,91.18712106163197,91.95690921994236,7.24,6.888996395886932,7.607426527631136,1.18,173.0,316.0,20.2,71.38,70.74513189465179,71.9981237364937,7.300455743402467,98.215,98.02202300378904,98.38945895932079,1.64,1.4730380087505717,1.8255357185958672,0.145,139.0,248.0,20.455,77.75999999999999,77.17578163391433,78.32877853645208,9.924912574399164,97.89,97.6814313247982,98.08017546174811,1.975,1.7911859663319576,2.1772590968568912,0.135,138.0,247.0,19.815,78.075,77.49345081087047,78.64056743542591,9.923979375706422,173.0,,
primaer,2019-05-06 til 2026-09-10,5m,RTH,1,0.5,143597,0.14616894397075053,0.2847694374952755,0.17118080874795064,42.59070689419729,82.97611869737338,49.87866405297786,2.6266577352938434,4.148805934868669,2.2608682314745567,4.280138821633361,0.05266094802587293,35.0886982675291,35.389069530918185,basis,absolut,45,45.0,9.911301732470907,55.00000000000001,500,99.84,99.77422157210755,99.88663627381995,0.16,0.11336372618005737,0.22577842789245167,0.0,97.0,162.0,20.98,78.86,78.28762609201709,79.41974816349745,14.762706585949893,99.795,99.72203323503435,99.84884189413819,0.205,0.15115810586180745,0.27796676496565226,0.0,97.0,162.0,20.2,79.595,79.02970834968048,80.14715943752161,14.763774391730273,99.95,99.90797771249672,99.97283788549845,0.05,0.0271621145015576,0.09202228750329448,0.0,84.0,134.0,20.455,79.495,78.92911361920429,80.0486122836808,17.363772229678418,99.935,99.88881316487883,99.96200819419798,0.065,0.03799180580200702,0.11118683512116193,0.0,84.0,134.0,19.815,80.11999999999999,79.5603596825846,80.66700120812752,17.363986286133432,97.0,,
primaer,2019-05-06 til 2026-09-10,5m,RTH,1,0.5,143597,0.14616894397075053,0.2847694374952755,0.17118080874795064,42.59070689419729,82.97611869737338,49.87866405297786,2.6266577352938434,4.148805934868669,2.2608682314745567,4.280138821633361,0.05266094802587293,35.0886982675291,35.389069530918185,basis,relativ,be,35.0886982675291,0.0,55.00000000000001,500,20.98,20.42130696012159,21.549838812574716,69.61,68.96885167156071,70.24361667431887,9.41,257.0,428.0,20.98,0.0,-0.014840696649753468,0.014840696649753468,-0.023293068286833838,20.2,19.64931707600842,20.762128272935417,72.11,71.48427927335672,72.72722889224232,7.69,252.0,422.0,20.2,0.0,-0.01506698511641888,0.015066985116417755,-0.04485508389124179,52.23,51.537375726994284,52.92176779219548,37.64,36.97098805598051,38.313759075326395,10.13,250.0,421.0,20.455,31.775,31.127435296327082,32.41807734182045,2.6227186735729755,51.015,50.32206246315499,51.7075477036511,40.275,39.5972119775953,40.95652312369593,8.71,247.0,418.0,19.815,31.2,30.555781989602732,31.840078360013692,2.620565060918665,252.0,,
primaer,2019-05-06 til 2026-09-10,5m,RTH,1,0.5,143597,0.14616894397075053,0.2847694374952755,0.17118080874795064,42.59070689419729,82.97611869737338,49.87866405297786,2.6266577352938434,4.148805934868669,2.2608682314745567,4.280138821633361,0.05266094802587293,35.0886982675291,35.389069530918185,basis,relativ,be+3,38.0886982675291,3.0000000000000027,55.00000000000001,500,73.11,72.49111210091289,73.72001199257396,20.8,20.243127265709983,21.368087639966518,6.09,220.0,391.0,20.98,52.129999999999995,51.43184230312917,52.81654594369147,4.458841470000553,71.82,71.19237016054,72.43924938597158,22.92,22.34271250470939,23.50768816808923,5.26,218.0,386.0,20.2,51.62,50.9216967174486,52.30693151367194,4.458632620452471,92.08,91.69760357867605,92.44623466684219,6.455,6.122733923477739,6.803990496648411,1.465,179.0,329.0,20.455,71.625,70.99178075311838,72.2415430618292,7.072266165692001,91.32,90.92183205969634,91.70229808062716,7.44,7.084426250400627,7.8119198586949965,1.24,178.0,326.0,19.815,71.505,70.87088555664306,72.12223157940835,7.0794941375532625,218.0,,
primaer,2019-05-06 til 2026-09-10,5m,RTH,1,0.5,143597,0.14616894397075053,0.2847694374952755,0.17118080874795064,42.59070689419729,82.97611869737338,49.87866405297786,2.6266577352938434,4.148805934868669,2.2608682314745567,4.280138821633361,0.05266094802587293,35.0886982675291,35.389069530918185,basis,relativ,be+6,41.0886982675291,6.0,55.00000000000001,500,96.81,96.55731809711708,97.0447034873104,2.87,2.6475026497328904,3.1105986689155314,0.32,150.0,275.0,20.98,75.83,75.2285604793842,76.4154789220129,8.901340765619064,96.26,95.98803034327675,96.51420248081244,3.455,3.210687431333967,3.7171892051288125,0.285,150.0,273.0,20.2,76.05999999999999,75.46022256161869,76.64326444278333,8.905370519956533,99.21,99.0775039670532,99.32359584430498,0.765,0.6533443298915569,0.8955654605530654,0.025,121.0,213.0,20.455,78.755,78.18075532600585,79.31489724783951,11.552137922606352,99.06,98.91652474098804,99.184632681187,0.915,0.7921408944378421,1.0567112851899492,0.025,121.0,212.0,19.815,79.245,78.6753302122146,79.79980314067541,11.54988005437731,150.0,,
primaer,2019-05-06 til 2026-09-10,5m,RTH,1,0.5,143597,0.14616894397075053,0.2847694374952755,0.17118080874795064,42.59070689419729,82.97611869737338,49.87866405297786,2.6266577352938434,4.148805934868669,2.2608682314745567,4.280138821633361,0.05266094802587293,35.0886982675291,35.389069530918185,basis,relativ,be+11,46.0886982675291,10.999999999999998,55.00000000000001,500,99.925,99.87628321888334,99.95454198091458,0.075,0.04545801908539519,0.12371678111665164,0.0,88.0,143.0,20.98,78.945,78.37365916128272,79.50412314742654,16.386599801333777,99.895,99.83952643143006,99.93131029053126,0.105,0.06868970946874327,0.16047356856993727,0.0,88.0,143.0,20.2,79.69500000000001,79.13093606644028,80.24635713593895,16.386434962280294,99.965,99.92776515467303,99.98304468224045,0.035,0.01695531775955528,0.07223484532697996,0.0,77.0,121.0,20.455,79.51,78.94431901600963,80.06351953225386,18.98139483427416,99.955,99.91449078924859,99.97632288838601,0.045,0.0236771116140021,0.08550921075141102,0.0,77.0,121.0,19.815,80.14000000000001,79.58063552837726,80.6868640395223,18.981940307428292,88.0,,
primaer,2019-05-06 til 2026-09-10,3m,RTH,1,1.0,239326,0.11164662409610462,0.2221227033984261,0.13145050254521268,65.06318665824593,129.44422663246678,76.60409486324815,2.6266577352938434,6.472211331623339,3.3844922196769884,6.603544218388031,0.03428873795823698,34.47629126527457,34.67902914597505,basis,absolut,34,34.0,-0.47629126527456433,55.00000000000001,500,20.1,19.550367270351064,20.66111648580399,79.775,79.21261961756288,80.32594463529607,0.125,124.0,248.0999999999999,25.335,-5.235000000000001,-5.545217033373475,-4.927247392263011,-1.2129688880941243,18.565,18.03218195958335,19.109891347263943,81.38,80.83450407192836,81.91344374519048,0.055,118.0,233.0,23.48,-4.915,-5.21637178607559,-4.616493015313749,-1.2012061150664661,33.435,32.784418341602226,34.09194381293652,66.395,65.73726656724266,67.04643657047768,0.17,127.0,255.0,25.48,7.954999999999996,7.580316195341595,8.330702213484813,1.4596361761180594,30.925,30.288170965057443,31.56915521048295,68.975,68.33029393778217,69.61241829388865,0.1,121.0,242.0,23.375,7.550000000000001,7.1844061290619186,7.9171065219591785,1.4442611139541324,118.0,,
primaer,2019-05-06 til 2026-09-10,3m,RTH,1,1.0,239326,0.11164662409610462,0.2221227033984261,0.13145050254521268,65.06318665824593,129.44422663246678,76.60409486324815,2.6266577352938434,6.472211331623339,3.3844922196769884,6.603544218388031,0.03428873795823698,34.47629126527457,34.67902914597505,basis,absolut,37,37.0,2.5237087347254326,55.00000000000001,500,57.935,57.24937016351508,58.61758222427456,41.975,41.29263665656575,42.66044552213473,0.09,118.0,238.0,25.335,32.6,31.947511533861878,33.246843755439585,5.786697739165214,54.29,53.59884539808887,54.97950693254977,45.65,44.96057668372869,46.341094029959415,0.06,113.0,224.0,23.48,30.810000000000002,30.16769437517311,31.447530602745704,5.781147283353076,71.385,70.75456638403655,72.00722023384384,28.575,27.953049968892945,29.205178776111136,0.04,110.0,216.0,25.48,45.904999999999994,45.20942271110015,46.59071313353604,8.387600894043912,68.035,67.38528570915439,68.67778755030191,31.94,31.297351310935134,32.58958503141137,0.025,107.0,207.0,23.375,44.66,43.96631896466939,45.34434098960533,8.378684035548362,113.0,,
primaer,2019-05-06 til 2026-09-10,3m,RTH,1,1.0,239326,0.11164662409610462,0.2221227033984261,0.13145050254521268,65.06318665824593,129.44422663246678,76.60409486324815,2.6266577352938434,6.472211331623339,3.3844922196769884,6.603544218388031,0.03428873795823698,34.47629126527457,34.67902914597505,basis,absolut,40,40.0,5.523708734725435,55.00000000000001,500,85.675,85.18262701729347,86.15367121010347,14.325,13.846328789896528,14.817372982706534,0.0,92.0,181.0,25.335,60.339999999999996,59.655119430143934,61.011161577979045,12.555300024205101,82.975,82.4477840215758,83.4895512005241,17.025,16.510448799475895,17.5522159784242,0.0,91.0,175.0,23.48,59.495,58.80771837939507,60.168489302740824,12.558014926315735,91.47,91.07487033048005,91.84920219902662,8.53,8.150797800973379,8.92512966951994,0.0,83.0,160.0,25.48,65.99,65.32613884149335,66.63941230510643,15.136967102570692,89.675,89.24564271679756,90.08911922215054,10.325,9.910880777849467,10.754357283202431,0.0,82.0,156.0,23.375,66.3,65.637246172509,66.947576936097,15.144676582937597,91.0,,
primaer,2019-05-06 til 2026-09-10,3m,RTH,1,1.0,239326,0.11164662409610462,0.2221227033984261,0.13145050254521268,65.06318665824593,129.44422663246678,76.60409486324815,2.6266577352938434,6.472211331623339,3.3844922196769884,6.603544218388031,0.03428873795823698,34.47629126527457,34.67902914597505,basis,absolut,45,45.0,10.523708734725435,55.00000000000001,500,98.705,98.53869434080647,98.85259942696837,1.295,1.1474005730316321,1.4613056591935194,0.0,58.0,105.0,25.335,73.37,72.75089062950873,73.97637851206751,24.045376635121663,98.165,97.96953152043879,98.34196964627667,1.835,1.6580303537233494,2.030468479561209,0.0,58.0,104.0,23.48,74.685,74.07522050031136,75.28073240499944,24.040336928939084,99.195,99.06136056343858,99.30974500900128,0.805,0.6902549909987211,0.9386394365614128,0.0,54.0,94.0,25.48,73.715,73.09875404779635,74.31915341149471,26.664970575990843,98.94,98.78837525564805,99.07282825518044,1.06,0.9271717448195602,1.2116247443519605,0.0,53.0,94.0,23.375,75.565,74.96263424865212,76.15399500745794,26.672283311387083,58.0,,
primaer,2019-05-06 til 2026-09-10,3m,RTH,1,1.0,239326,0.11164662409610462,0.2221227033984261,0.13145050254521268,65.06318665824593,129.44422663246678,76.60409486324815,2.6266577352938434,6.472211331623339,3.3844922196769884,6.603544218388031,0.03428873795823698,34.47629126527457,34.67902914597505,basis,relativ,be,34.47629126527457,0.0,55.00000000000001,500,25.335,24.73700520878375,25.9424679298639,74.55,73.94165337889244,75.14891765075284,0.115,126.0,256.0,25.335,0.0,-0.013629320742055044,0.013629320742055044,-0.0891761200474916,23.48,22.897678869405496,24.07250672301029,76.455,75.86194328646324,77.03789608580826,0.065,120.0,240.0,23.48,0.0,-0.014133800653498606,0.014133800653498606,-0.07384985010941521,39.73,39.05385759599188,40.41008682460052,60.095,59.41444243724183,60.77168035478542,0.175,126.0,253.0,25.48,14.249999999999996,13.765308458899087,14.734425857590258,2.5766110498970485,36.83,36.16410702217207,37.50095120754573,63.07,62.3986912401864,63.73628893730703,0.1,121.0,239.0,23.375,13.455,12.982145142940613,13.928238232405738,2.557036088700656,120.0,,
primaer,2019-05-06 til 2026-09-10,3m,RTH,1,1.0,239326,0.11164662409610462,0.2221227033984261,0.13145050254521268,65.06318665824593,129.44422663246678,76.60409486324815,2.6266577352938434,6.472211331623339,3.3844922196769884,6.603544218388031,0.03428873795823698,34.47629126527457,34.67902914597505,basis,relativ,be+3,37.47629126527456,2.9999999999999973,55.00000000000001,500,63.615,62.94567740200596,64.2790934561863,36.33,35.66613322369403,36.999117042079874,0.055,115.0,227.0,25.335,38.279999999999994,37.60260148800298,38.94993731514818,6.869022395077712,59.985,59.30415116926056,60.66201387069903,39.985,39.30807673453174,40.66576974767203,0.03,110.0,215.0,23.48,36.504999999999995,35.83441149279967,37.168934377313995,6.870825682641824,76.01,75.41322913980592,76.59678114455551,23.97,23.38339156180018,24.56660583528062,0.02,106.0,209.0,25.48,50.529999999999994,49.83144208325495,51.21731933526122,9.447285384933409,72.61,71.98764686977083,73.22366925977212,27.385,26.771366826833372,28.007318963984236,0.005,103.0,200.0,23.375,49.23499999999999,48.53669667580043,49.92248750337559,9.417059235427454,110.0,,
primaer,2019-05-06 til 2026-09-10,3m,RTH,1,1.0,239326,0.11164662409610462,0.2221227033984261,0.13145050254521268,65.06318665824593,129.44422663246678,76.60409486324815,2.6266577352938434,6.472211331623339,3.3844922196769884,6.603544218388031,0.03428873795823698,34.47629126527457,34.67902914597505,basis,relativ,be+6,40.47629126527457,6.0,55.00000000000001,500,88.27,87.81668048181764,88.70862107844812,11.725,11.286462274746212,12.178238085348594,0.005,88.5,172.0,25.335,62.93500000000001,62.25849150635866,63.59733380475754,13.647069172532394,85.905,85.41584905189448,86.38036083891664,14.09,13.614711605319945,14.579080424229485,0.005,87.0,166.0,23.48,62.425,61.74649508050478,63.08903087452631,13.650583836311638,93.3,92.945111901371,93.63825777617035,6.695,6.356863151305922,7.0497690915133,0.005,79.0,152.0,25.48,67.82000000000001,67.16523082317629,68.46030124554916,16.25613909322536,91.58,91.18712106163197,91.95690921994236,8.42,8.043090780057632,8.812878938368026,0.0,79.0,148.0,23.375,68.205,67.55184807483018,68.84278442061388,16.25548316413195,87.0,,
primaer,2019-05-06 til 2026-09-10,3m,RTH,1,1.0,239326,0.11164662409610462,0.2221227033984261,0.13145050254521268,65.06318665824593,129.44422663246678,76.60409486324815,2.6266577352938434,6.472211331623339,3.3844922196769884,6.603544218388031,0.03428873795823698,34.47629126527457,34.67902914597505,basis,relativ,be+11,45.47629126527457,10.999999999999998,55.00000000000001,500,98.97,98.82036611859473,99.10082587007038,1.03,0.8991741299296095,1.1796338814052774,0.0,56.0,101.0,25.335,73.635,73.01798469052304,74.23956947644355,25.10905366735961,98.505,98.32726038556724,98.66411019663005,1.495,1.3358898033699482,1.6727396144327615,0.0,56.0,100.0,23.48,75.02499999999999,74.41805311537934,75.61817644573642,25.10813771895933,99.365,99.24503609794934,99.46600418223144,0.635,0.5339958177685487,0.7549639020506609,0.0,52.0,90.0,25.48,73.885,73.27015461419984,74.48801012047493,27.753219909619624,99.145,99.00762580936416,99.26349896668133,0.855,0.7365010333186742,0.9923741906358493,0.0,52.0,90.0,23.375,75.77000000000001,75.16946166243348,76.35743129976494,27.753619366514236,56.0,,
primaer,2019-05-06 til 2026-09-10,3m,RTH,1,0.75,239326,0.11164662409610462,0.2221227033984261,0.13145050254521268,48.79738999368445,97.08316997435008,57.453071147436106,2.6266577352938434,4.854158498717505,2.5712023864489146,4.985491385482196,0.045718317277649315,34.85727724258831,35.12759441685562,basis,absolut,34,34.0,-0.8572772425883057,55.00000000000001,500,13.58,13.11221054840499,14.061777357921667,84.03,83.5157768813072,84.53115314471434,2.39,199.5,374.0,23.65,-10.069999999999999,-10.489412600391852,-9.654810876812308,-1.5330155650854493,13.02,12.560703222334354,13.49349976437514,85.2,84.70110673267006,85.68537392898017,1.78,194.0,366.0,22.555,-9.534999999999998,-9.944567885865977,-9.129982899004647,-1.5196092491969715,33.715,33.06301531446662,34.37323929988072,62.265,61.59092475051319,62.93436460503058,4.02,213.0,386.0,23.46,10.255,9.834932448409873,10.676122548533536,1.1222938922464532,32.155,31.511164070384268,32.80568969645811,64.875,64.21062451300351,65.53366241432738,2.97,208.0,378.0,22.33,9.825000000000001,9.413016291689107,10.238386739446948,1.1121040721671303,194.0,,
primaer,2019-05-06 til 2026-09-10,3m,RTH,1,0.75,239326,0.11164662409610462,0.2221227033984261,0.13145050254521268,48.79738999368445,97.08316997435008,57.453071147436106,2.6266577352938434,4.854158498717505,2.5712023864489146,4.985491385482196,0.045718317277649315,34.85727724258831,35.12759441685562,basis,absolut,37,37.0,2.1427227574116916,55.00000000000001,500,58.145,57.45980386153041,58.82706787111566,38.95,38.27636571054811,39.6278782862918,2.905,195.0,362.0,23.65,34.495000000000005,33.83317240632459,35.15081315354675,3.6300003717385723,56.105,55.41612555205398,56.791529687701,41.61,40.92854829016059,42.29467407486085,2.285,192.0,354.0,22.555,33.550000000000004,32.892834042834465,34.2016491203526,3.6414536724208566,80.005,79.44495168257484,80.55352423369833,18.64,18.106329166454298,19.185715334984582,1.355,170.0,322.0,23.46,56.545,55.851469836257884,57.22551958789892,6.277334130296566,78.085,77.50632882789648,78.65288450683214,20.825,20.267873445557246,21.393331858316454,1.09,168.0,316.0,22.33,55.754999999999995,55.06021367923451,56.436973606159754,6.277151935019885,192.0,,
primaer,2019-05-06 til 2026-09-10,3m,RTH,1,0.75,239326,0.11164662409610462,0.2221227033984261,0.13145050254521268,48.79738999368445,97.08316997435008,57.453071147436106,2.6266577352938434,4.854158498717505,2.5712023864489146,4.985491385482196,0.045718317277649315,34.85727724258831,35.12759441685562,basis,absolut,40,40.0,5.142722757411694,55.00000000000001,500,90.95,90.5444852235373,91.33978702346774,8.725,8.341779998187722,9.124072578243712,0.325,141.0,267.0,23.65,67.30000000000001,66.64217213081305,67.94262707308573,8.806470073929347,89.595,89.16421701367737,90.0105756510397,10.155,9.744001904077917,10.58130144923306,0.25,140.0,263.0,22.555,67.04,66.38070682470114,67.68378678387309,8.811578953489233,96.7,96.4433202846586,96.93874354770124,3.255,3.017900129549386,3.5100533213358363,0.045,118.0,217.0,23.46,73.24,72.61891336181942,73.84626160198113,11.4016028517602,95.97,95.68850082788465,96.23384337711708,3.995,3.732299069253998,4.275370168268189,0.035,118.0,216.0,22.33,73.64,73.02148320171025,74.24293927439678,11.39783686465185,140.0,,
primaer,2019-05-06 til 2026-09-10,3m,RTH,1,0.75,239326,0.11164662409610462,0.2221227033984261,0.13145050254521268,48.79738999368445,97.08316997435008,57.453071147436106,2.6266577352938434,4.854158498717505,2.5712023864489146,4.985491385482196,0.045718317277649315,34.85727724258831,35.12759441685562,basis,absolut,45,45.0,10.142722757411693,55.00000000000001,500,99.68,99.5916148162736,99.74930448119184,0.32,0.2506955188081626,0.40838518372639304,0.0,82.0,140.0,23.65,76.03,75.43219021178001,76.61581764650958,17.362039318601465,99.49,99.3813285313873,99.57966373977948,0.51,0.42033626022052706,0.6186714686127088,0.0,82.0,140.0,22.555,76.935,76.34456633526244,77.51253164770138,17.36296237292243,99.865,99.8036487964857,99.90719944763899,0.135,0.09280055236101935,0.196351203514295,0.0,72.0,119.0,23.46,76.405,75.81063937886408,76.98788169875544,20.004658574708788,99.83,99.76254620053157,99.87831548611703,0.17,0.12168451388297011,0.23745379946841683,0.0,72.0,119.0,22.33,77.49999999999999,76.91504055268234,78.0728674527343,20.005559354882042,82.0,,
primaer,2019-05-06 til 2026-09-10,3m,RTH,1,0.75,239326,0.11164662409610462,0.2221227033984261,0.13145050254521268,48.79738999368445,97.08316997435008,57.453071147436106,2.6266577352938434,4.854158498717505,2.5712023864489146,4.985491385482196,0.045718317277649315,34.85727724258831,35.12759441685562,basis,relativ,be,34.85727724258831,0.0,55.00000000000001,500,23.65,23.066179185183344,24.24394111497336,73.04,72.42062102812693,73.65052995040779,3.31,208.0,384.0,23.65,0.0,-0.014086820198827376,0.014086820198827376,-0.035460772383535864,22.555,21.981071863935846,23.139468995183734,74.955,74.34977267861608,75.55064280182374,2.49,201.0,374.0,22.555,0.0,-0.01439193312349496,0.01439193312349496,-0.03452190395638387,48.555,47.86268147624667,49.24787350795546,47.59,46.898382616574516,48.282542997215906,3.855,206.0,381.0,23.46,25.095,24.49260879635387,25.694454259931614,2.6209357611737576,46.495,45.80449190495119,47.1868542678021,50.555,49.8620507252055,51.24773611477224,2.95,202.0,372.0,22.33,24.165,23.5704584064412,24.75713883187157,2.608342666968098,201.0,,
primaer,2019-05-06 til 2026-09-10,3m,RTH,1,0.75,239326,0.11164662409610462,0.2221227033984261,0.13145050254521268,48.79738999368445,97.08316997435008,57.453071147436106,2.6266577352938434,4.854158498717505,2.5712023864489146,4.985491385482196,0.045718317277649315,34.85727724258831,35.12759441685562,basis,relativ,be+3,37.8572772425883,2.9999999999999973,55.00000000000001,500,71.095,70.46273669998165,71.71916129881129,26.86,26.250210585085753,27.478676843590765,2.045,181.0,343.0,23.65,47.445,46.74779960174943,48.13193913123331,5.10872619373803,68.775,68.12920272153698,69.41358632455629,29.55,28.921633215253973,30.18622105944071,1.675,178.0,334.0,22.555,46.21999999999999,45.524117976211954,46.90610299015506,5.09555393564346,87.835,87.3746937333359,88.28077489829865,11.555,11.119311845394659,12.005453806959226,0.61,154.0,292.0,23.46,64.375,63.70381469920668,65.03132755183637,7.766784156786459,86.005,85.51726344537919,86.47890803822071,13.48,13.013706871761327,13.960319441776553,0.515,152.0,287.0,22.33,63.67499999999999,63.00094781574634,64.33412044325893,7.751989417482882,178.0,,
primaer,2019-05-06 til 2026-09-10,3m,RTH,1,0.75,239326,0.11164662409610462,0.2221227033984261,0.13145050254521268,48.79738999368445,97.08316997435008,57.453071147436106,2.6266577352938434,4.854158498717505,2.5712023864489146,4.985491385482196,0.045718317277649315,34.85727724258831,35.12759441685562,basis,relativ,be+6,40.85727724258831,6.0,55.00000000000001,500,94.55,94.22675623150705,94.85613335589402,5.295,4.993145487054457,5.6140244567218565,0.155,127.0,239.0,23.65,70.9,70.26278382551054,71.52200741989945,10.2549259025392,93.58,93.23186327719397,93.91139886015594,6.28,5.952099015657818,6.62469261708797,0.14,126.0,236.0,22.555,71.02499999999999,70.3883058579863,71.64591999594998,10.249501667666605,98.18,97.98527515233577,98.35622025329798,1.81,1.6342811455199988,2.0042272895673645,0.01,107.0,194.0,23.46,74.72,74.11049672328195,75.31545798626695,12.884034979517086,97.76,97.54555625690911,97.95610045901178,2.23,2.034348713675561,2.4439984111246744,0.01,106.0,193.0,22.33,75.42999999999999,74.82579480666028,76.01934590727195,12.884509724062996,126.0,,
primaer,2019-05-06 til 2026-09-10,3m,RTH,1,0.75,239326,0.11164662409610462,0.2221227033984261,0.13145050254521268,48.79738999368445,97.08316997435008,57.453071147436106,2.6266577352938434,4.854158498717505,2.5712023864489146,4.985491385482196,0.045718317277649315,34.85727724258831,35.12759441685562,basis,relativ,be+11,45.85727724258831,10.999999999999998,55.00000000000001,500,99.84,99.77422157210755,99.88663627381995,0.16,0.11336372618005737,0.22577842789245167,0.0,77.0,128.0,23.65,76.19,75.59378950022261,76.77471239729284,18.833045462005014,99.735,99.6535693976946,99.79732877580466,0.265,0.202671224195328,0.34643060230539907,0.0,77.0,128.0,22.555,77.17999999999999,76.59203929260123,77.75564868664883,18.83228141168325,99.915,99.86390788900333,99.94692115151574,0.085,0.05307884848425495,0.1360921109966698,0.0,68.0,110.0,23.46,76.455,75.86118285477703,77.03756802504186,21.46946103089357,99.905,99.85166196635774,99.93917091488245,0.095,0.0608290851175394,0.14833803364226328,0.0,68.0,110.0,22.33,77.57499999999999,76.99088498234453,78.14734821638088,21.46877804166421,77.0,,
primaer,2019-05-06 til 2026-09-10,3m,RTH,1,0.5,239326,0.11164662409610462,0.2221227033984261,0.13145050254521268,32.53159332912296,64.72211331623339,38.302047431624075,2.6266577352938434,3.2361056658116696,1.7579125532208402,3.367438552576362,0.06857747591647397,35.619249197215794,36.02472495861677,basis,absolut,34,34.0,-1.619249197215794,55.00000000000001,500,2.655,2.441124304946226,2.887059589206321,83.335,82.8121331973395,83.84506375880001,14.01,314.0,449.0,13.265,-10.61,-11.042805944029634,-10.188565905322235,-1.8842190732418207,2.63,2.4171509451725406,2.861042550782811,84.775,84.27042093792048,85.26622295437744,12.595,314.0,449.0,13.155,-10.525,-10.95632176890453,-10.105099900065651,-1.8827183142004034,21.475,20.911386369336586,22.049569287664177,43.045,42.360184934015535,43.732486287524885,35.48,328.0,461.0,12.905,8.57,8.184141821101566,8.960586098247854,0.7490563082175489,21.23,20.66880630200048,21.802243452667774,45.535,44.845739768818575,46.225975113162434,33.235,326.0,460.5,12.78,8.45,8.06664480137822,8.838151965241932,0.7462388839284361,314.0,,
primaer,2019-05-06 til 2026-09-10,3m,RTH,1,0.5,239326,0.11164662409610462,0.2221227033984261,0.13145050254521268,32.53159332912296,64.72211331623339,38.302047431624075,2.6266577352938434,3.2361056658116696,1.7579125532208402,3.367438552576362,0.06857747591647397,35.619249197215794,36.02472495861677,basis,absolut,37,37.0,1.380750802784203,55.00000000000001,500,34.72,34.06319005797207,35.382678563902495,31.615,30.974175991988933,32.26288517379404,33.665,319.0,460.0,13.265,21.455000000000002,20.886616403402193,22.024701969780754,1.5765153271777521,34.425,33.76957250830851,35.08640941483915,34.065,33.41129765826384,34.72482253084422,31.51,318.0,459.0,13.155,21.27,20.703459269091837,21.83796560039135,1.5721543270747624,78.43,77.854536955596,78.99454387425389,6.26,5.932602555842998,6.604196758345035,15.31,271.0,430.0,12.905,65.525,64.85850831962959,66.17603445172043,4.192515968955715,78.13,77.55174395557762,78.69745209590593,7.17,6.820614587215901,7.535835221350021,14.7,270.0,430.0,12.78,65.35,64.6827663922803,66.0018667732036,4.191423223431822,318.0,,
primaer,2019-05-06 til 2026-09-10,3m,RTH,1,0.5,239326,0.11164662409610462,0.2221227033984261,0.13145050254521268,32.53159332912296,64.72211331623339,38.302047431624075,2.6266577352938434,3.2361056658116696,1.7579125532208402,3.367438552576362,0.06857747591647397,35.619249197215794,36.02472495861677,basis,absolut,40,40.0,4.380750802784206,55.00000000000001,500,87.605,87.14107597096094,88.05448099725943,3.81,3.553433142996211,4.084307147866735,8.585,248.0,408.0,13.265,74.34,73.72528368248025,74.93607544354622,5.013629447292785,87.35,86.88212476543471,87.80353014117428,4.345,4.071117303923523,4.63641750835939,8.305,248.0,407.0,13.155,74.19500000000001,73.57919034674467,74.79221161386103,5.0139492446148415,98.955,98.80436700579843,99.08683074394837,0.41,0.3304619324814413,0.5085842035630155,0.635,184.0,310.0,12.905,86.05000000000001,85.56037281725315,86.5211886776932,7.6233814303654395,98.9,98.7457654338057,99.03545343990726,0.485,0.39776678319911996,0.5912505474369212,0.615,184.0,309.0,12.78,86.11999999999999,85.6313128267853,86.59010488118854,7.623778817963041,248.0,,
primaer,2019-05-06 til 2026-09-10,3m,RTH,1,0.5,239326,0.11164662409610462,0.2221227033984261,0.13145050254521268,32.53159332912296,64.72211331623339,38.302047431624075,2.6266577352938434,3.2361056658116696,1.7579125532208402,3.367438552576362,0.06857747591647397,35.619249197215794,36.02472495861677,basis,absolut,45,45.0,9.380750802784204,55.00000000000001,500,99.975,99.94148495964674,99.9893210365456,0.02,0.007777875605022842,0.051418048563195526,0.005,134.0,215.0,13.265,86.71,86.23171992831202,87.17324610491004,10.733131407709118,99.96,99.92108209764861,99.97972965962543,0.035,0.01695531775955528,0.07223484532697996,0.005,134.0,215.0,13.155,86.80499999999999,86.32804787869648,87.26671070628946,10.73299725211272,100.0,99.98079639438954,99.99999999999999,0.0,0.0,0.019203605610462554,0.0,109.0,166.0,12.905,87.095,86.62284417577956,87.5525179813492,13.35372909937733,100.0,99.98079639438954,99.99999999999999,0.0,0.0,0.019203605610462554,0.0,109.0,166.0,12.78,87.22,86.74974185148585,87.67557071873685,13.35372909937733,134.0,,
primaer,2019-05-06 til 2026-09-10,3m,RTH,1,0.5,239326,0.11164662409610462,0.2221227033984261,0.13145050254521268,32.53159332912296,64.72211331623339,38.302047431624075,2.6266577352938434,3.2361056658116696,1.7579125532208402,3.367438552576362,0.06857747591647397,35.619249197215794,36.02472495861677,basis,relativ,be,35.619249197215794,0.0,55.00000000000001,500,13.265,12.801953512837173,13.74215537620483,56.65,55.96199196733299,57.33545395312082,30.085,323.0,462.0,13.265,0.0,-0.017177857201986144,0.017177857201988115,-0.014733949787668503,13.155,12.693630392376862,13.630520744597483,59.175,58.49211581185082,59.85436032651966,27.67,321.0,462.0,13.155,0.0,-0.01721257405848778,0.017212574058489746,-0.015083582855966159,52.715,52.02261528941919,53.406341954796154,17.76,17.236547196702155,18.29583528819547,29.525,306.0,453.0,12.905,39.81,39.1289051342076,40.48582911828986,2.6028697096376727,52.455,51.76247872927707,53.14657837368745,19.405,18.86281646248894,19.958934223784098,28.14,306.0,452.0,12.78,39.675,38.99434537958617,40.350486423012434,2.605660546916634,321.0,,
primaer,2019-05-06 til 2026-09-10,3m,RTH,1,0.5,239326,0.11164662409610462,0.2221227033984261,0.13145050254521268,32.53159332912296,64.72211331623339,38.302047431624075,2.6266577352938434,3.2361056658116696,1.7579125532208402,3.367438552576362,0.06857747591647397,35.619249197215794,36.02472495861677,basis,relativ,be+3,38.6192491972158,3.0000000000000027,55.00000000000001,500,67.24,66.58628588104487,67.88709271574065,11.35,10.917788882957682,11.797055504179205,21.41,286.0,442.0,13.265,53.974999999999994,53.278705401982606,54.66031240731334,3.4421548924887215,66.875,66.21952065131657,67.52399813178988,12.715,12.26044759167655,13.183872537027174,20.41,285.0,441.0,13.155,53.71999999999999,53.023498381828006,54.405651314242874,3.440809693925961,95.035,94.72520921204604,95.32749410038062,1.475,1.3170034122381498,1.6516336870068038,3.49,221.0,376.0,12.905,82.13000000000001,81.58878306862816,82.65097917558495,6.050009892878548,94.805,94.48873677767155,95.10405487134092,1.785,1.610541040679216,1.977976996210953,3.41,221.0,375.0,12.78,82.02499999999999,81.48253739916879,82.54716340270753,6.049999957281872,285.0,,
primaer,2019-05-06 til 2026-09-10,3m,RTH,1,0.5,239326,0.11164662409610462,0.2221227033984261,0.13145050254521268,32.53159332912296,64.72211331623339,38.302047431624075,2.6266577352938434,3.2361056658116696,1.7579125532208402,3.367438552576362,0.06857747591647397,35.619249197215794,36.02472495861677,basis,relativ,be+6,41.619249197215794,6.0,55.00000000000001,500,97.38,97.14936573596343,97.5924369273601,0.87,0.7503967566091849,1.0084727062636556,1.75,201.0,341.0,13.265,84.11500000000001,83.59842225770697,84.61200337152424,6.856674032212792,97.255,97.01932160618907,97.4725290661485,1.055,0.922503440072636,1.2062949694594456,1.69,201.0,341.0,13.155,84.1,83.58317312530852,84.59713893543352,6.857240055632626,99.86,99.79773333783399,99.90311682665126,0.075,0.04545801908539519,0.12371678111665164,0.065,151.0,246.0,12.905,86.955,86.47991065300363,87.41401177648379,9.469580555220924,99.81,99.73933437444168,99.86153499364917,0.125,0.08468607194832589,0.18446952464811045,0.065,151.0,246.0,12.78,87.03,86.55589801295288,87.48770848871487,9.469691643898768,201.0,,
primaer,2019-05-06 til 2026-09-10,3m,RTH,1,0.5,239326,0.11164662409610462,0.2221227033984261,0.13145050254521268,32.53159332912296,64.72211331623339,38.302047431624075,2.6266577352938434,3.2361056658116696,1.7579125532208402,3.367438552576362,0.06857747591647397,35.619249197215794,36.02472495861677,basis,relativ,be+11,46.619249197215794,10.999999999999998,55.00000000000001,500,99.99,99.96354263863793,99.99725759647274,0.01,0.002742403527272684,0.03645736136206778,0.0,116.0,179.0,13.265,86.72500000000001,86.2471116814449,87.1881033599321,12.578576708966237,99.99,99.96354263863793,99.99725759647274,0.01,0.002742403527272684,0.03645736136206778,0.0,116.0,179.0,13.155,86.835,86.3587437974023,87.29642668707487,12.578576708966237,100.0,99.98079639438954,99.99999999999999,0.0,0.0,0.019203605610462554,0.0,97.0,144.0,12.905,87.095,86.62284417577956,87.5525179813492,15.221344414392162,100.0,99.98079639438954,99.99999999999999,0.0,0.0,0.019203605610462554,0.0,97.0,144.0,12.78,87.22,86.74974185148585,87.67557071873685,15.221344414392162,116.0,,
primaer,2019-05-06 til 2026-09-10,1m,RTH,1,1.0,717966,0.06297857052942663,0.13057612484410036,0.07507646067442303,36.70139176172866,76.09454251414792,43.75155822262676,2.6266577352938434,3.804727125707396,1.966402474851125,3.936060012472088,0.06003575282800851,35.33452509426695,35.718944713183745,basis,absolut,34,34.0,-1.3345250942669473,55.00000000000001,500,6.07,5.74743538065765,6.409436907231701,84.87,84.36668000752594,85.35992739792133,9.06,279.5,436.70000000000005,18.03,-11.959999999999999,-12.414011323643882,-11.514044974003005,-1.7778071484646971,5.945,5.625664672073175,6.281255624830203,86.335,85.8519901882665,86.80405455153638,7.72,278.0,434.0,17.7,-11.754999999999999,-12.205734687002227,-11.312463143353863,-1.771645645365999,27.54,26.925252674298406,28.163373585341812,52.145,51.452340477216026,52.836835688103264,20.315,291.0,449.0,17.585,9.954999999999997,9.54122508344553,10.3715114666942,0.8570512446584563,27.005,26.39413810258982,27.624693635630432,54.985,54.29460893441907,55.67347646610157,18.01,288.0,448.0,17.23,9.775,9.364650747153531,10.188234491358099,0.8556436078533214,278.0,,
primaer,2019-05-06 til 2026-09-10,1m,RTH,1,1.0,717966,0.06297857052942663,0.13057612484410036,0.07507646067442303,36.70139176172866,76.09454251414792,43.75155822262676,2.6266577352938434,3.804727125707396,1.966402474851125,3.936060012472088,0.06003575282800851,35.33452509426695,35.718944713183745,basis,absolut,37,37.0,1.6654749057330498,55.00000000000001,500,46.22,45.52982302381075,46.9116287687734,35.93,35.26781019511384,36.59759369950495,17.85,279.5,440.0,18.03,28.190000000000005,27.56507236750185,28.812298869319836,2.1566161436584594,45.415,44.725913898925974,46.1058470717085,38.57,37.89765333010205,39.2467366141405,16.015,277.0,439.0,17.7,27.715,27.093433593419096,28.334197572000587,2.1534370554589293,81.35,80.80417504953463,81.88378428974761,10.525,10.10725427712579,10.95790696950367,8.125,235.0,405.0,17.585,63.76500000000001,63.09113377178765,64.42358798607088,4.780316488534777,80.585,80.03096054238247,81.1272926120656,11.865,11.424138159030742,12.320508430968358,7.55,234.0,402.0,17.23,63.355,62.67960607192221,64.01526039523611,4.779935746943293,277.0,,
primaer,2019-05-06 til 2026-09-10,1m,RTH,1,1.0,717966,0.06297857052942663,0.13057612484410036,0.07507646067442303,36.70139176172866,76.09454251414792,43.75155822262676,2.6266577352938434,3.804727125707396,1.966402474851125,3.936060012472088,0.06003575282800851,35.33452509426695,35.718944713183745,basis,absolut,40,40.0,4.665474905733053,55.00000000000001,500,90.68,90.26925135374043,91.07512459273491,5.545,5.236279440619452,5.870794485128811,3.775,207.0,365.0,18.03,72.65,72.02335909589677,73.25908878361994,6.070710225344984,90.13,89.70890343981239,90.53568374632464,6.42,6.08860113984406,6.768136722806018,3.45,207.0,363.0,17.7,72.42999999999999,71.80180036704394,73.0406051261828,6.075002310001526,98.605,98.43287037261331,98.75846180237275,1.04,0.9085033882060355,1.1903007824077292,0.355,160.0,280.0,17.585,81.02000000000001,80.46810122874408,81.55541495214648,8.695338879853542,98.345,98.15867882283895,98.51275321089629,1.325,1.1756180030542094,1.4930767070075754,0.33,159.0,279.0,17.23,81.11500000000001,80.56393724218718,81.64915664287572,8.695297616608524,207.0,,
primaer,2019-05-06 til 2026-09-10,1m,RTH,1,1.0,717966,0.06297857052942663,0.13057612484410036,0.07507646067442303,36.70139176172866,76.09454251414792,43.75155822262676,2.6266577352938434,3.804727125707396,1.966402474851125,3.936060012472088,0.06003575282800851,35.33452509426695,35.718944713183745,basis,absolut,45,45.0,9.665474905733051,55.00000000000001,500,99.895,99.83952643143006,99.93131029053126,0.105,0.06868970946874327,0.16047356856993727,0.0,114.0,187.0,18.03,81.865,81.32396466969033,82.39240970157766,12.636660939380226,99.845,99.78007844517177,99.89077748039517,0.155,0.1092225196048294,0.2199215548282407,0.0,114.0,187.0,17.7,82.145,81.60700328958784,82.66898164376893,12.636431021439176,99.99,99.96354263863793,99.99725759647274,0.01,0.002742403527272684,0.03645736136206778,0.0,95.0,150.0,17.585,82.405,81.87053065216222,82.92641491287456,15.263512613541902,99.975,99.94148495964674,99.9893210365456,0.025,0.010678963454394948,0.058515040353262375,0.0,95.0,150.0,17.23,82.745,82.2143872845344,83.26222357908007,15.263349604248626,114.0,,
primaer,2019-05-06 til 2026-09-10,1m,RTH,1,1.0,717966,0.06297857052942663,0.13057612484410036,0.07507646067442303,36.70139176172866,76.09454251414792,43.75155822262676,2.6266577352938434,3.804727125707396,1.966402474851125,3.936060012472088,0.06003575282800851,35.33452509426695,35.718944713183745,basis,relativ,be,35.33452509426695,0.0,55.00000000000001,500,18.03,17.50336228420712,18.568916501220205,65.105,64.44158176271266,65.76261682803242,16.865,285.0,447.0,18.03,0.0,-0.015709443008033327,0.015709443008035485,-0.0166914697980253,17.7,17.177261068792117,18.235144460432238,67.72,67.06867528514626,68.3645189570254,14.58,283.0,446.0,17.7,0.0,-0.015808705936562445,0.01580870593656459,-0.02228243167842057,52.985,52.29277701680005,53.67607652794501,29.23,28.603700513513946,29.864276664256646,17.785,276.0,437.0,17.585,35.400000000000006,34.734675158996595,36.060266649868986,2.604302649421211,52.34,51.64742432521919,53.03167694603824,31.45,30.81011627808074,32.09700825960074,16.21,275.0,435.0,17.23,35.11,34.44601460066409,35.76912884951883,2.6112943892695624,283.0,,
primaer,2019-05-06 til 2026-09-10,1m,RTH,1,1.0,717966,0.06297857052942663,0.13057612484410036,0.07507646067442303,36.70139176172866,76.09454251414792,43.75155822262676,2.6266577352938434,3.804727125707396,1.966402474851125,3.936060012472088,0.06003575282800851,35.33452509426695,35.718944713183745,basis,relativ,be+3,38.334525094266944,2.9999999999999973,55.00000000000001,500,70.83,70.19609209569396,71.45590768220873,17.42,16.90062226669913,17.951890802716644,11.75,251.0,417.0,18.03,52.800000000000004,52.1023410877404,53.48613664703149,3.903782012749629,70.005,69.36613700856479,70.63617962883045,19.345,18.803472086839733,19.898301643760043,10.65,249.0,415.0,17.7,52.305,51.60710483915999,52.99160221118253,3.907705966845459,93.65,93.3035794834134,93.97965576888866,3.89,3.6307605375619922,4.1669490275319765,2.46,199.0,356.0,17.585,76.065,75.46451841867149,76.64744344973336,6.524328368218151,93.085,92.72504621740678,93.42840603563867,4.62,4.337685890233303,4.9197433022187536,2.295,199.0,354.0,17.23,75.85499999999999,75.2526848574588,76.43913899617786,6.520787702789499,249.0,,
primaer,2019-05-06 til 2026-09-10,1m,RTH,1,1.0,717966,0.06297857052942663,0.13057612484410036,0.07507646067442303,36.70139176172866,76.09454251414792,43.75155822262676,2.6266577352938434,3.804727125707396,1.966402474851125,3.936060012472088,0.06003575282800851,35.33452509426695,35.718944713183745,basis,relativ,be+6,41.33452509426695,6.0,55.00000000000001,500,97.195,96.95694491571426,97.41492880095001,2.025,1.8388038420194077,2.229622017563831,0.78,173.0,309.0,18.03,79.16499999999999,78.59337135166182,79.71939258351955,7.825795617531993,96.805,96.55213473490602,97.03988876988201,2.445,2.2399169208250074,2.668347628471103,0.75,173.0,307.0,17.7,79.105,78.53261924086851,79.65982490105462,7.823420919518105,99.6,99.50248954759672,99.67846047563769,0.35,0.27714135043380245,0.4419278299373869,0.05,136.0,231.0,17.585,82.01499999999999,81.47506794755834,82.54004008041089,10.444077651631405,99.45,99.33757631987416,99.5434313141771,0.5,0.41130113246663325,0.6077104370877247,0.05,135.0,231.0,17.23,82.22,81.68219057311939,82.74239594096433,10.442053006645345,173.0,,
primaer,2019-05-06 til 2026-09-10,1m,RTH,1,1.0,717966,0.06297857052942663,0.13057612484410036,0.07507646067442303,36.70139176172866,76.09454251414792,43.75155822262676,2.6266577352938434,3.804727125707396,1.966402474851125,3.936060012472088,0.06003575282800851,35.33452509426695,35.718944713183745,basis,relativ,be+11,46.33452509426695,10.999999999999998,55.00000000000001,500,99.955,99.91449078924859,99.97632288838601,0.045,0.0236771116140021,0.08550921075141102,0.0,101.0,160.0,18.03,81.925,81.38484133788535,82.45192250033762,14.385945611384201,99.935,99.88881316487883,99.96200819419798,0.065,0.03799180580200702,0.11118683512116193,0.0,101.0,160.0,17.7,82.23499999999999,81.69829225683573,82.75818643033674,14.385975919831123,99.995,99.97168094297739,99.99911737177268,0.005,0.0008826282272974824,0.02831905702260402,0.0,86.0,133.0,17.585,82.41000000000001,81.87567681107002,82.93138065883934,16.992370216921472,99.995,99.97168094297739,99.99911737177268,0.005,0.0008826282272974824,0.02831905702260402,0.0,86.0,133.0,17.23,82.765,82.23483223518156,83.28208503012111,16.992370216921472,101.0,,
primaer,2019-05-06 til 2026-09-10,1m,RTH,1,0.75,717966,0.06297857052942663,0.13057612484410036,0.07507646067442303,27.526043821296494,57.07090688561094,32.813668666970074,2.6266577352938434,2.8535453442805467,1.507635077829517,2.9848782310452395,0.08004767043734466,36.00158901457816,36.51414850646722,basis,absolut,34,34.0,-2.0015890145781534,55.00000000000001,500,0.91,0.7874985643701329,1.0513555356182192,81.335,80.78901073618086,81.86895436418307,17.755,328.5,471.0,8.94,-8.03,-8.414143681285086,-7.660148939380114,-1.989526107827164,0.905,0.7828572378788318,1.0459987824700816,82.825,82.29599693714653,83.34139589577022,16.27,328.0,471.0,8.895,-7.99,-8.373297237332649,-7.62101513800438,-1.9906887328565126,15.29,14.797894498685876,15.795436644328904,33.195,32.54564151520091,33.85081281664476,51.515,354.0,470.0,8.53,6.760000000000001,6.415234649397999,7.111891255079351,0.648194896507061,15.26,14.768301437033951,15.765041228144197,35.245,34.58579875397433,35.90986823004132,49.495,353.5,470.0,8.52,6.740000000000002,6.395714668621279,7.091417465913032,0.6474824325917476,328.0,,
primaer,2019-05-06 til 2026-09-10,1m,RTH,1,0.75,717966,0.06297857052942663,0.13057612484410036,0.07507646067442303,27.526043821296494,57.07090688561094,32.813668666970074,2.6266577352938434,2.8535453442805467,1.507635077829517,2.9848782310452395,0.08004767043734466,36.00158901457816,36.51414850646722,basis,absolut,37,37.0,0.9984109854218437,55.00000000000001,500,20.575,20.020426266845135,21.140875055056615,29.4,28.772597590489713,30.0353142950218,50.025,352.0,473.0,8.94,11.635,11.193494476121993,12.082760728290118,0.9743508715963997,20.5,19.94619848254167,21.0651316447685,31.475,30.834973205963127,32.12214172991555,48.025,351.0,473.0,8.895,11.604999999999999,11.164007933115977,12.052280123861296,0.9746988053611044,70.845,70.2111844930378,71.4708095237832,3.695,3.4423305324534645,3.9654539267023843,25.46,307.0,448.0,8.53,62.315,61.63689568069996,62.980242327692984,3.5979174724774037,70.755,70.12063135292426,71.38139723038682,4.29,4.017839772050878,4.5797161641982065,24.955,306.0,448.0,8.52,62.235,61.55663423483877,62.90054230164471,3.5953954896357567,351.0,,
primaer,2019-05-06 til 2026-09-10,1m,RTH,1,0.75,717966,0.06297857052942663,0.13057612484410036,0.07507646067442303,27.526043821296494,57.07090688561094,32.813668666970074,2.6266577352938434,2.8535453442805467,1.507635077829517,2.9848782310452395,0.08004767043734466,36.00158901457816,36.51414850646722,basis,absolut,40,40.0,3.998410985421846,55.00000000000001,500,76.44,75.84681663785095,77.02302849550222,3.175,2.940853317256685,3.427130859397513,20.385,294.0,444.0,8.94,67.5,66.84317617767849,68.14157504135507,3.919370859854004,76.315,75.72076519155507,76.89912795081214,3.695,3.4423305324534645,3.9654539267023843,19.99,294.0,443.0,8.895,67.42,66.76278800992115,68.06201317559025,3.9172318654050744,98.37,98.18499002186483,98.5364324100676,0.18,0.13005287626333437,0.24908159636693053,1.45,215.0,348.0,8.53,89.84,89.4102184204552,90.24819297276142,6.539821809861488,98.36,98.17446428140414,98.52696199124942,0.205,0.15115810586180745,0.27796676496565226,1.435,215.0,348.0,8.52,89.84,89.41021123185942,90.24818534966235,6.540145469975419,294.0,,
primaer,2019-05-06 til 2026-09-10,1m,RTH,1,0.75,717966,0.06297857052942663,0.13057612484410036,0.07507646067442303,27.526043821296494,57.07090688561094,32.813668666970074,2.6266577352938434,2.8535453442805467,1.507635077829517,2.9848782310452395,0.08004767043734466,36.00158901457816,36.51414850646722,basis,absolut,45,45.0,8.998410985421845,55.00000000000001,500,99.935,99.88881316487883,99.96200819419798,0.02,0.007777875605022842,0.051418048563195526,0.045,164.0,257.0,8.94,90.99499999999999,90.58922116698665,91.38339924148555,8.811626606227767,99.925,99.87628321888334,99.95454198091458,0.03,0.01374997137187844,0.06544211207521783,0.045,164.0,257.0,8.895,91.03,90.62485903331307,91.41764401346714,8.811420013676079,100.0,99.98079639438954,99.99999999999999,0.0,0.0,0.019203605610462554,0.0,128.0,191.0,8.53,91.47,91.07440395072324,91.84920219902662,11.448112527644417,100.0,99.98079639438954,99.99999999999999,0.0,0.0,0.019203605610462554,0.0,128.0,191.0,8.52,91.48,91.08460752299193,91.85899454563231,11.448112527644417,164.0,,
primaer,2019-05-06 til 2026-09-10,1m,RTH,1,0.75,717966,0.06297857052942663,0.13057612484410036,0.07507646067442303,27.526043821296494,57.07090688561094,32.813668666970074,2.6266577352938434,2.8535453442805467,1.507635077829517,2.9848782310452395,0.08004767043734466,36.00158901457816,36.51414850646722,basis,relativ,be,36.00158901457816,0.0,55.00000000000001,500,8.94,8.552417941840357,9.343352059086953,46.79,46.099160174268064,47.482072697212125,44.27,356.0,471.0,8.94,0.0,-0.01856639322269627,0.01856639322269399,-0.012100494975939107,8.895,8.508325153868364,9.297462130303998,49.035,48.34242897535957,49.72794165422872,42.07,355.0,471.0,8.895,0.0,-0.01858107557681283,0.01858107557681283,-0.010433988569775407,51.16,50.46707832366205,51.852476152687785,8.915,8.527921574612938,9.317858028117177,39.925,332.0,462.0,8.53,42.63000000000001,41.942263713484664,43.3131643883765,2.6135397706676584,51.09,50.39706993895808,51.782511422439605,9.915,9.508470202919755,10.336925327698152,38.995,332.0,462.0,8.52,42.57,41.882402723863805,43.253054767665596,2.612061898786231,355.0,,
primaer,2019-05-06 til 2026-09-10,1m,RTH,1,0.75,717966,0.06297857052942663,0.13057612484410036,0.07507646067442303,27.526043821296494,57.07090688561094,32.813668666970074,2.6266577352938434,2.8535453442805467,1.507635077829517,2.9848782310452395,0.08004767043734466,36.00158901457816,36.51414850646722,basis,relativ,be+3,39.00158901457815,2.9999999999999973,55.00000000000001,500,58.13,57.444772461475914,58.812105032251836,7.575,7.216384891575683,7.949909367784794,34.295,321.5,458.0,8.94,49.190000000000005,48.49334233681203,49.87918495592246,2.9357090984512864,58.005,57.319513317480606,58.68741218526116,8.47,8.092046112677501,8.86390440214255,33.525,321.0,458.0,8.895,49.11,48.41338771001868,49.79919306556426,2.936123558427129,94.645,94.32433364529585,94.94851945525457,0.52,0.42938084084242734,0.6296230472696864,4.835,245.0,393.0,8.53,86.115,85.6244412851013,86.58328326844227,5.56777184162913,94.61,94.28838092388364,94.91448561919071,0.61,0.5111670648415368,0.727802256780478,4.78,245.0,393.0,8.52,86.09,85.59908064460964,86.55864501796347,5.567483716945431,321.0,,
primaer,2019-05-06 til 2026-09-10,1m,RTH,1,0.75,717966,0.06297857052942663,0.13057612484410036,0.07507646067442303,27.526043821296494,57.07090688561094,32.813668666970074,2.6266577352938434,2.8535453442805467,1.507635077829517,2.9848782310452395,0.08004767043734466,36.00158901457816,36.51414850646722,basis,relativ,be+6,42.00158901457816,6.0,55.00000000000001,500,95.925,95.64205742624858,96.19030406199822,0.445,0.36179020474892404,0.5472424887716054,3.63,233.0,378.0,8.94,86.985,86.50739144609541,87.44042940636535,5.886757388803192,95.885,95.60078201462912,96.15159483650216,0.505,0.41581749750424013,0.6131921516895567,3.61,233.0,378.0,8.895,86.99,86.51245624621137,87.44534137099376,5.887240522525779,99.89,99.83349531464094,99.92734332768094,0.01,0.002742403527272684,0.03645736136206778,0.1,170.0,267.0,8.53,91.36,90.96126663748566,91.7407601590901,8.492023631620636,99.89,99.83349531464094,99.92734332768094,0.01,0.002742403527272684,0.03645736136206778,0.1,170.0,267.0,8.52,91.36999999999999,90.97146794825264,91.75055380227694,8.492023631620636,233.0,,
primaer,2019-05-06 til 2026-09-10,1m,RTH,1,0.75,717966,0.06297857052942663,0.13057612484410036,0.07507646067442303,27.526043821296494,57.07090688561094,32.813668666970074,2.6266577352938434,2.8535453442805467,1.507635077829517,2.9848782310452395,0.08004767043734466,36.00158901457816,36.51414850646722,basis,relativ,be+11,47.00158901457815,10.999999999999998,55.00000000000001,500,99.995,99.97168094297739,99.99911737177268,0.005,0.0008826282272974824,0.02831905702260402,0.0,136.0,204.0,8.94,91.05499999999999,90.65097442903931,91.44260392742795,10.767512418745943,99.995,99.97168094297739,99.99911737177268,0.005,0.0008826282272974824,0.02831905702260402,0.0,136.0,204.0,8.895,91.10000000000001,90.6968628710361,91.48669676670647,10.767512418745943,100.0,99.98079639438954,99.99999999999999,0.0,0.0,0.019203605610462554,0.0,110.0,159.0,8.53,91.47,91.07440395072324,91.84920219902662,13.406519410473233,100.0,99.98079639438954,99.99999999999999,0.0,0.0,0.019203605610462554,0.0,110.0,159.0,8.52,91.48,91.08460752299193,91.85899454563231,13.406519410473233,136.0,,
primaer,2019-05-06 til 2026-09-10,1m,RTH,1,0.5,717966,0.06297857052942663,0.13057612484410036,0.07507646067442303,18.35069588086433,38.04727125707396,21.87577911131338,2.6266577352938434,1.902363562853698,1.0488676808079085,2.0336964496183905,0.12007150565601701,37.335716855200566,38.10455609303416,basis,absolut,34,34.0,-3.3357168552005656,55.00000000000001,500,0.0,0.0,0.019203605610462554,76.99,76.40152765355468,77.56810624013679,23.01,nan,nan,1.36,-1.3599999999999999,-1.5301167550682786,-1.207351759420495,-2.2011847185369033,0.0,0.0,0.019203605610462554,78.3,77.72332119505832,78.86580956416618,21.7,nan,nan,1.36,-1.3599999999999999,-1.5301167550682786,-1.207351759420495,-2.2042240572205865,2.66,2.4459196028701737,2.8922623709218116,9.295,8.90036524920516,9.705268406122316,88.045,415.0,485.0,1.115,1.545,1.379679826979194,1.7237269985765005,0.42769073445696904,2.66,2.4459196028701737,2.8922623709218116,10.07,9.660576031862588,10.494759967577929,87.27,415.0,485.0,1.115,1.545,1.379679826979194,1.7237269985765005,0.4278144794196025,nan,,
primaer,2019-05-06 til 2026-09-10,1m,RTH,1,0.5,717966,0.06297857052942663,0.13057612484410036,0.07507646067442303,18.35069588086433,38.04727125707396,21.87577911131338,2.6266577352938434,1.902363562853698,1.0488676808079085,2.0336964496183905,0.12007150565601701,37.335716855200566,38.10455609303416,basis,absolut,37,37.0,-0.3357168552005685,55.00000000000001,500,0.855,0.7365010333186742,0.9923741906358493,22.01,21.441205876480034,22.5895443019407,77.135,421.0,487.0,1.36,-0.5049999999999999,-0.6107851748798953,-0.4101501737187754,-0.2279480719587343,0.855,0.7365010333186742,0.9923741906358493,23.455,22.872900517338326,24.047294676880266,75.69,421.0,487.0,1.36,-0.5049999999999999,-0.6107851748798953,-0.4101501737187754,-0.22903625331628868,37.205,36.537638046674104,37.877276156001614,0.34,0.2683086115651497,0.43076440952716166,62.455,392.0,478.0,1.115,36.09,35.42593367209677,36.757347299121705,2.4000405016111257,37.205,36.537638046674104,37.877276156001614,0.37,0.2948556083358924,0.4642058905930527,62.425,392.0,478.0,1.115,36.09,35.42593367209677,36.757347299121705,2.40021743510748,421.0,,
primaer,2019-05-06 til 2026-09-10,1m,RTH,1,0.5,717966,0.06297857052942663,0.13057612484410036,0.07507646067442303,18.35069588086433,38.04727125707396,21.87577911131338,2.6266577352938434,1.902363562853698,1.0488676808079085,2.0336964496183905,0.12007150565601701,37.335716855200566,38.10455609303416,basis,absolut,40,40.0,2.664283144799434,55.00000000000001,500,20.175,19.624579121760334,20.736875828986303,1.395,1.2415381976272364,1.5671296273866941,78.43,403.0,482.0,1.36,18.815,18.278098055551997,19.36179223827526,1.7410479604731939,20.175,19.624579121760334,20.736875828986303,1.6,1.4351665885949334,1.7834225016359937,78.225,403.0,482.0,1.36,18.815,18.278098055551997,19.36179223827526,1.7408685328843028,89.585,89.15403934976702,90.00075715567118,0.005,0.0008826282272974824,0.02831905702260402,10.41,318.0,440.0,1.115,88.47,88.01714767156993,88.90295155594409,4.363317623517678,89.585,89.15403934976702,90.00075715567118,0.005,0.0008826282272974824,0.02831905702260402,10.41,318.0,440.0,1.115,88.47,88.01714767156993,88.90295155594409,4.363317623517678,403.0,,
primaer,2019-05-06 til 2026-09-10,1m,RTH,1,0.5,717966,0.06297857052942663,0.13057612484410036,0.07507646067442303,18.35069588086433,38.04727125707396,21.87577911131338,2.6266577352938434,1.902363562853698,1.0488676808079085,2.0336964496183905,0.12007150565601701,37.335716855200566,38.10455609303416,basis,absolut,45,45.0,7.664283144799433,55.00000000000001,500,95.975,95.6936617715118,96.23868051312938,0.005,0.0008826282272974824,0.02831905702260402,4.02,285.0,406.0,1.36,94.61500000000001,94.28958594223771,94.91604395731594,5.021968598604989,95.975,95.6936617715118,96.23868051312938,0.005,0.0008826282272974824,0.02831905702260402,4.02,285.0,406.0,1.36,94.61500000000001,94.28958594223771,94.91604395731594,5.021968598604989,99.995,99.97168094297739,99.99911737177268,0.0,0.0,0.019203605610462554,0.005,194.0,268.0,1.115,98.88,98.72305732746524,99.0164873455915,7.627529902577518,99.995,99.97168094297739,99.99911737177268,0.0,0.0,0.019203605610462554,0.005,194.0,268.0,1.115,98.88,98.72305732746524,99.0164873455915,7.627529902577518,285.0,,
primaer,2019-05-06 til 2026-09-10,1m,RTH,1,0.5,717966,0.06297857052942663,0.13057612484410036,0.07507646067442303,18.35069588086433,38.04727125707396,21.87577911131338,2.6266577352938434,1.902363562853698,1.0488676808079085,2.0336964496183905,0.12007150565601701,37.335716855200566,38.10455609303416,basis,relativ,be,37.335716855200566,0.0,55.00000000000001,500,1.36,1.2085645124695792,1.5301167550682786,17.51,16.989536499910567,18.042942003015106,81.13,417.5,484.0,1.36,0.0,-0.02109520762811626,0.02109520762811606,-0.006569559613312882,1.36,1.2085645124695792,1.5301167550682786,18.755,18.220027951309184,19.301972381836787,79.885,417.5,484.0,1.36,0.0,-0.02109520762811626,0.02109520762811606,-0.007284553926096592,44.31,43.62270765070078,44.999477719617694,0.21,0.1554076741242182,0.28371527634268046,55.48,387.0,477.0,1.115,43.195,42.5085863561052,43.88179424725277,2.6214988042012477,44.31,43.62270765070078,44.999477719617694,0.225,0.1682075873942153,0.3009096019910002,55.465,387.0,477.0,1.115,43.195,42.5085863561052,43.88179424725277,2.621554920061642,417.5,,
primaer,2019-05-06 til 2026-09-10,1m,RTH,1,0.5,717966,0.06297857052942663,0.13057612484410036,0.07507646067442303,18.35069588086433,38.04727125707396,21.87577911131338,2.6266577352938434,1.902363562853698,1.0488676808079085,2.0336964496183905,0.12007150565601701,37.335716855200566,38.10455609303416,basis,relativ,be+3,40.335716855200566,2.9999999999999973,55.00000000000001,500,25.185,24.588217309256617,25.79131344020786,0.89,0.7689393625115288,1.0299224189190672,73.925,397.0,482.0,1.36,23.825000000000003,23.238401298093827,24.419538577738056,1.9602358495190608,25.185,24.588217309256617,25.79131344020786,1.03,0.8991741299296095,1.1796338814052774,73.785,397.0,482.0,1.36,23.825000000000003,23.238401298093827,24.419538577738056,1.9603228477640051,92.41,92.03476058192784,92.76895091979337,0.005,0.0008826282272974824,0.02831905702260402,7.585,307.0,430.0,1.115,91.295,90.89318913702567,91.67521720610485,4.585116142598351,92.41,92.03476058192784,92.76895091979337,0.005,0.0008826282272974824,0.02831905702260402,7.585,307.0,430.0,1.115,91.295,90.89318913702567,91.67521720610485,4.585116142598351,397.0,,
primaer,2019-05-06 til 2026-09-10,1m,RTH,1,0.5,717966,0.06297857052942663,0.13057612484410036,0.07507646067442303,18.35069588086433,38.04727125707396,21.87577911131338,2.6266577352938434,1.902363562853698,1.0488676808079085,2.0336964496183905,0.12007150565601701,37.335716855200566,38.10455609303416,basis,relativ,be+6,43.335716855200566,6.0,55.00000000000001,500,81.6,81.05693311237907,82.1309302088751,0.01,0.002742403527272684,0.03645736136206778,18.39,336.0,454.0,1.36,80.24,79.67994472666088,80.78400652935244,3.9308316463349753,81.6,81.05693311237907,82.1309302088751,0.02,0.007777875605022842,0.051418048563195526,18.38,336.0,454.0,1.36,80.24,79.67994472666088,80.78400652935244,3.930922627152855,99.875,99.81553047535189,99.91531392805167,0.0,0.0,0.019203605610462554,0.125,224.0,317.0,1.115,98.76,98.5937957629788,98.90225700528006,6.545517349362304,99.875,99.81553047535189,99.91531392805167,0.0,0.0,0.019203605610462554,0.125,224.0,317.0,1.115,98.76,98.5937957629788,98.90225700528006,6.545517349362304,336.0,,
primaer,2019-05-06 til 2026-09-10,1m,RTH,1,0.5,717966,0.06297857052942663,0.13057612484410036,0.07507646067442303,18.35069588086433,38.04727125707396,21.87577911131338,2.6266577352938434,1.902363562853698,1.0488676808079085,2.0336964496183905,0.12007150565601701,37.335716855200566,38.10455609303416,basis,relativ,be+11,48.335716855200566,10.999999999999998,55.00000000000001,500,99.98,99.94858195143681,99.99222212439498,0.0,0.0,0.019203605610462554,0.02,205.0,287.0,1.36,98.62,98.44700634656012,98.77192790134897,7.19115422098714,99.98,99.94858195143681,99.99222212439498,0.0,0.0,0.019203605610462554,0.02,205.0,287.0,1.36,98.62,98.44700634656012,98.77192790134897,7.19115422098714,100.0,99.98079639438954,99.99999999999999,0.0,0.0,0.019203605610462554,0.0,151.5,203.0,1.115,98.885,98.72861584955511,99.0214252277121,9.809686553570542,100.0,99.98079639438954,99.99999999999999,0.0,0.0,0.019203605610462554,0.0,151.5,203.0,1.115,98.885,98.72861584955511,99.0214252277121,9.809686553570542,205.0,,
