vindue,vindue_datoer,timeframe,session,kontrakter,stop_ATR,n_barer_ATR,ATR_pct_p50,ATR_pct_p90,ATR_pct_middel,R_usd_ved_ATR_p50,R_usd_ved_ATR_p90,R_usd_middel,omk_usd_rundtur_netto,risiko_pct_af_MLL_brutto_ved_ATR_p90,risiko_pct_af_MLL_netto_ved_ATR_p50,risiko_pct_af_MLL_netto_ved_ATR_p90,omk_R_ved_middel_R,be_WR_pct_ved_middel_R,be_WR_pct_ved_R_p50,variant,WR_akse,WR_rolle,WR_pct,edge_pp_over_be_WR,bestaa_pct_netto_opt,bestaa_CI95_lav_netto_opt,bestaa_CI95_hoej_netto_opt,ruin_pct_netto_opt,ruin_CI95_lav_netto_opt,ruin_CI95_hoej_netto_opt,uafgjort_pct_netto_opt,nulmodel_bestaa_pct_netto_opt,bestaa_pp_over_nulmodel_netto_opt,bestaa_pp_over_nulmodel_CI95_lav_netto_opt,bestaa_pp_over_nulmodel_CI95_hoej_netto_opt,pnl_middel_pr_handel_usd_netto_opt,bestaa_pct_netto_pess,bestaa_CI95_lav_netto_pess,bestaa_CI95_hoej_netto_pess,ruin_pct_netto_pess,ruin_CI95_lav_netto_pess,ruin_CI95_hoej_netto_pess,uafgjort_pct_netto_pess,nulmodel_bestaa_pct_netto_pess,bestaa_pp_over_nulmodel_netto_pess,bestaa_pp_over_nulmodel_CI95_lav_netto_pess,bestaa_pp_over_nulmodel_CI95_hoej_netto_pess,pnl_middel_pr_handel_usd_netto_pess,bestaa_pct_brutto_opt,bestaa_CI95_lav_brutto_opt,bestaa_CI95_hoej_brutto_opt,ruin_pct_brutto_opt,ruin_CI95_lav_brutto_opt,ruin_CI95_hoej_brutto_opt,uafgjort_pct_brutto_opt,nulmodel_bestaa_pct_brutto_opt,bestaa_pp_over_nulmodel_brutto_opt,bestaa_pp_over_nulmodel_CI95_lav_brutto_opt,bestaa_pp_over_nulmodel_CI95_hoej_brutto_opt,pnl_middel_pr_handel_usd_brutto_opt,bestaa_pct_brutto_pess,bestaa_CI95_lav_brutto_pess,bestaa_CI95_hoej_brutto_pess,ruin_pct_brutto_pess,ruin_CI95_lav_brutto_pess,ruin_CI95_hoej_brutto_pess,uafgjort_pct_brutto_pess,nulmodel_bestaa_pct_brutto_pess,bestaa_pp_over_nulmodel_brutto_pess,bestaa_pp_over_nulmodel_CI95_lav_brutto_pess,bestaa_pp_over_nulmodel_CI95_hoej_brutto_pess,pnl_middel_pr_handel_usd_brutto_pess,median_dage_bestaaet_netto_pess,spread_ticks,slippage_ticks_pr_side
primaer,2019-05-06 til 2026-09-10,15m,RTH,1,1.0,47868,0.2567541027636573,0.47689082433182034,0.2969741450429296,149.6260209265489,277.91289678761166,173.0646527652177,2.6266577352938434,13.895644839380582,7.612633933092137,14.026977726145276,0.015177320690997542,33.83924402303325,33.91849397117526,basis,absolut,34,34.0,0.1607559769667477,26.675,26.066591072306522,27.29236740971076,73.315,72.69756146055273,73.9234838981511,0.01,25.675,1.0000000000000009,0.8619361277585527,1.1389998553082237,0.6321794103961018,22.97,22.39225718105579,23.558124288137215,77.02,76.43178862753885,77.59783374398926,0.01,22.125,0.8449999999999985,0.7179512995021968,0.9732685010847384,0.6268897044176022,29.815,29.184949513960035,30.452802981624917,70.165,69.52707866169044,70.79517652416686,0.02,25.78,4.0350000000000055,3.7626579976580734,4.308654432215355,3.2626769674827836,25.675,25.07429276200903,26.285049792120454,74.32,73.70991259920461,74.92074676702643,0.005,22.12,3.554999999999997,3.29899923952987,3.812952927500325,3.297826705707683,28.0,,
primaer,2019-05-06 til 2026-09-10,15m,RTH,1,1.0,47868,0.2567541027636573,0.47689082433182034,0.2969741450429296,149.6260209265489,277.91289678761166,173.0646527652177,2.6266577352938434,13.895644839380582,7.612633933092137,14.026977726145276,0.015177320690997542,33.83924402303325,33.91849397117526,basis,absolut,37,37.0,3.160755976966745,46.255,45.564779708082014,46.94665864197821,53.735,53.04333288569876,54.42523260496215,0.01,25.675,20.580000000000005,20.018636057150665,21.13935693924528,16.17972197405474,40.425,39.746774383871745,41.10690310660266,59.575,58.89309689339734,60.25322561612825,0.0,22.125,18.3,17.763735117217124,18.83567541261226,16.23300066180534,49.75,49.05717129536799,50.44292472266005,50.245,49.55207589460362,50.93783000772887,0.005,25.78,23.970000000000002,23.37679780731993,24.560177100345967,18.69776636546772,43.8,43.11365175784691,44.48872948924878,56.2,55.51127051075121,56.8863482421531,0.0,22.12,21.68,21.1080554728315,22.250359767332956,18.79499159039449,28.0,,
primaer,2019-05-06 til 2026-09-10,15m,RTH,1,1.0,47868,0.2567541027636573,0.47689082433182034,0.2969741450429296,149.6260209265489,277.91289678761166,173.0646527652177,2.6266577352938434,13.895644839380582,7.612633933092137,14.026977726145276,0.015177320690997542,33.83924402303325,33.91849397117526,basis,absolut,40,40.0,6.1607559769667475,65.345,64.68259867382359,66.00150773961457,34.655,33.99849226038544,35.317401326176416,0.0,25.675,39.67,38.98801084367878,40.344055255216844,31.369917077832167,58.725,58.04106787473001,59.40558109609096,41.275,40.59441890390904,41.95893212526998,0.0,22.125,36.6,35.92913236856569,37.26439618386772,31.490817328390083,68.73,68.08395911905947,69.36884721027884,31.27,30.631152789721156,31.916040880940518,0.0,25.78,42.95,42.25946700055791,43.63156504527315,34.19114155143221,62.005,61.330073455315,62.67531575897791,37.995,37.324684241022084,38.66992654468499,0.0,22.12,39.885,39.2025553798972,40.55985522678311,34.231967889947256,26.0,,
primaer,2019-05-06 til 2026-09-10,15m,RTH,1,1.0,47868,0.2567541027636573,0.47689082433182034,0.2969741450429296,149.6260209265489,277.91289678761166,173.0646527652177,2.6266577352938434,13.895644839380582,7.612633933092137,14.026977726145276,0.015177320690997542,33.83924402303325,33.91849397117526,basis,absolut,45,45.0,11.160755976966746,87.36,86.89227854942936,87.81337251645851,12.64,12.186627483541496,13.107721450570642,0.0,25.675,61.68500000000001,61.004235042023815,62.351870347671145,57.74246866737203,82.295,81.75979788506572,82.81779850607046,17.705,17.18220149392953,18.240202114934263,0.0,22.125,60.16999999999999,59.48444698277275,60.841466447831635,57.773092118194754,88.835,88.3910503641682,89.26403419535414,11.165,10.735965804645843,11.608949635831802,0.0,25.78,63.05499999999999,62.37898834577613,63.71693902406682,60.418986115311476,84.175,83.66262255747617,84.67425177808909,15.825,15.325748221910922,16.337377442523827,0.0,22.12,62.05499999999999,61.3751520155978,62.72027042652352,60.4984458860199,21.0,,
primaer,2019-05-06 til 2026-09-10,15m,RTH,1,1.0,47868,0.2567541027636573,0.47689082433182034,0.2969741450429296,149.6260209265489,277.91289678761166,173.0646527652177,2.6266577352938434,13.895644839380582,7.612633933092137,14.026977726145276,0.015177320690997542,33.83924402303325,33.91849397117526,basis,relativ,be,33.83924402303325,0.0,25.675,25.07429276200903,26.285049792120454,74.32,73.70991259920461,74.92074676702643,0.005,25.675,0.0,-0.01353888273509546,0.013538882735100467,-0.25179453668488977,22.125,21.555110639822875,22.705595370304955,77.875,77.29440462969505,78.44488936017714,0.0,22.125,0.0,-0.014513327699380293,0.014513327699380293,-0.2155310034031306,28.79,28.166604676992353,29.421541492507604,71.185,70.55330117366408,71.80856225863876,0.025,25.78,3.0100000000000016,2.7735059479168758,3.24778242321229,2.4199074865329413,24.76,24.166703525192766,25.362990454919395,75.235,74.631970001473,75.82833793877539,0.005,22.12,2.639999999999998,2.4183025773706945,2.8635356858360654,2.4187906584635175,28.0,,
primaer,2019-05-06 til 2026-09-10,15m,RTH,1,1.0,47868,0.2567541027636573,0.47689082433182034,0.2969741450429296,149.6260209265489,277.91289678761166,173.0646527652177,2.6266577352938434,13.895644839380582,7.612633933092137,14.026977726145276,0.015177320690997542,33.83924402303325,33.91849397117526,basis,relativ,be+3,36.83924402303326,3.0000000000000027,45.13,44.4413436589811,45.820526772205355,54.865,54.17446741185215,55.55366407732194,0.005,25.675,19.455,18.905475940209477,20.002837917443518,15.334752312466122,39.31,38.63518565322819,39.98892007765133,60.69,60.01107992234868,61.3648143467718,0.0,22.125,17.185,16.661934367863758,17.707788381599908,15.332372119635469,48.68,47.987609566886334,49.37289740830179,51.31,50.617100866920964,52.00239599861204,0.01,25.78,22.900000000000002,22.316254974058626,23.481039864958614,17.820626058953415,42.705,42.02092842714696,43.391873378911605,57.29,56.603117368286924,57.974082746015064,0.005,22.12,20.584999999999997,20.023947419851226,21.14479794220612,17.89831846293142,28.0,,
primaer,2019-05-06 til 2026-09-10,15m,RTH,1,1.0,47868,0.2567541027636573,0.47689082433182034,0.2969741450429296,149.6260209265489,277.91289678761166,173.0646527652177,2.6266577352938434,13.895644839380582,7.612633933092137,14.026977726145276,0.015177320690997542,33.83924402303325,33.91849397117526,basis,relativ,be+6,39.83924402303325,6.0,64.315,63.648364102756716,64.976137904957,35.685,35.023862095043,36.35163589724327,0.0,25.675,38.64,37.96134514264081,39.31104664447947,30.513546183137944,57.78,57.09405819873014,58.462953720236875,42.22,41.537046279763125,42.90594180126986,0.0,22.125,35.655,34.98807405942822,36.315775549305336,30.661708103922876,67.715,67.06364999465599,68.35954616787623,32.285,31.64045383212378,32.93635000534401,0.0,25.78,41.935,41.24677585889253,42.614571649457375,33.29094186666795,60.965,60.28687225114378,61.63891639814585,39.035,38.36108360185415,39.713127748856216,0.0,22.12,38.845,38.16586946164008,39.516895540395765,33.34326961882146,26.0,,
primaer,2019-05-06 til 2026-09-10,15m,RTH,1,1.0,47868,0.2567541027636573,0.47689082433182034,0.2969741450429296,149.6260209265489,277.91289678761166,173.0646527652177,2.6266577352938434,13.895644839380582,7.612633933092137,14.026977726145276,0.015177320690997542,33.83924402303325,33.91849397117526,basis,relativ,be+11,44.83924402303325,10.999999999999998,86.885,86.41007635095514,87.34575714918603,13.115,12.654242850813969,13.589923649044866,0.0,25.675,61.21000000000001,60.52772911304427,61.878457272874655,56.82048025984283,81.705,81.16310255936199,82.23472043432042,18.295,17.765279565679574,18.83689744063802,0.0,22.125,59.58000000000001,58.89288172423196,60.25319280565736,56.843480863926985,88.37,87.91831409400243,88.80694905905212,11.63,11.19305094094789,12.08168590599758,0.0,25.78,62.59000000000001,61.912312558840576,63.25367876619256,59.44902496840127,83.665,83.14619607352928,84.1708741388132,16.335,15.8291258611868,16.85380392647072,0.0,22.12,61.545,60.863501459945304,62.21204976164084,59.54548597202302,21.0,,
primaer,2019-05-06 til 2026-09-10,15m,RTH,1,0.75,47868,0.2567541027636573,0.47689082433182034,0.2969741450429296,112.21951569491168,208.43467259070874,129.79848957391323,2.6266577352938434,10.421733629535439,5.742308671510276,10.55306651630013,0.02023642758799673,34.00788091959989,34.11354751712256,basis,absolut,34,34.0,-0.00788091959988968,25.785,25.183425519069697,26.395874787127454,74.05,73.43789710049104,74.65286596521032,0.165,25.835,-0.050000000000000044,-0.0838988074631318,-0.016311106633053542,-0.20816000863783546,22.645,22.070237699651464,23.230268592978017,77.265,76.67893563562507,77.84059263823553,0.09,22.7,-0.054999999999999494,-0.09066798664486193,-0.019625064273116707,-0.28967789763784446,31.07,30.432317681634284,31.71495280344983,68.745,68.0990402416278,69.38376032662883,0.185,25.665,5.4049999999999985,5.092029418965207,5.719244315593608,2.452558473140829,27.6,26.984823898147404,28.223779317166088,72.325,71.70071548068029,72.94071010941462,0.075,22.75,4.850000000000001,4.552927030328104,5.14893340910327,2.3908315921855556,46.0,,
primaer,2019-05-06 til 2026-09-10,15m,RTH,1,0.75,47868,0.2567541027636573,0.47689082433182034,0.2969741450429296,112.21951569491168,208.43467259070874,129.79848957391323,2.6266577352938434,10.421733629535439,5.742308671510276,10.55306651630013,0.02023642758799673,34.00788091959989,34.11354751712256,basis,absolut,37,37.0,2.9921190804001077,50.615,49.92204892995202,51.30771486569897,49.27,48.577328650692785,49.96295172194913,0.115,25.835,24.779999999999998,24.179973238019226,25.376747835023693,11.502758332343994,45.89,45.20024826944937,46.5813302669318,54.065,53.373627234293195,54.75481151257067,0.045,22.7,23.189999999999998,22.603934378744963,23.77388409043244,11.555733397230181,56.445,55.75665616872073,57.130868486516086,43.44,42.75436258487563,44.128156928180466,0.115,25.665,30.78,30.13770354809268,31.41718339980794,14.107502813040792,51.215,50.522085864941346,51.907447487442326,48.745,48.05257388696354,49.43790812353728,0.04,22.75,28.464999999999996,27.837635917282,29.08849284862343,14.102494059284377,45.0,,
primaer,2019-05-06 til 2026-09-10,15m,RTH,1,0.75,47868,0.2567541027636573,0.47689082433182034,0.2969741450429296,112.21951569491168,208.43467259070874,129.79848957391323,2.6266577352938434,10.421733629535439,5.742308671510276,10.55306651630013,0.02023642758799673,34.00788091959989,34.11354751712256,basis,absolut,40,40.0,5.99211908040011,72.965,72.34509703381543,73.5760827501277,26.99,26.379248662487033,27.6095888368149,0.045,25.835,47.13,46.433047603370056,47.816710407432204,22.929485696912206,67.88,67.22948905977807,68.52364373085561,32.095,31.451493809113494,32.74538300205562,0.025,22.7,45.18,44.48552821289151,45.86502400444725,22.931993932946373,77.875,77.29440462969505,78.44488936017714,22.085,21.515490863501064,22.665230509511254,0.04,25.665,52.21,51.511844081525794,52.89644996793955,25.60747364992604,72.705,72.08329769976065,73.31798194293162,27.29,26.677054329483816,27.911667948184448,0.005,22.75,49.95499999999999,49.256515783412176,50.64247025250774,25.577954320013756,40.0,,
primaer,2019-05-06 til 2026-09-10,15m,RTH,1,0.75,47868,0.2567541027636573,0.47689082433182034,0.2969741450429296,112.21951569491168,208.43467259070874,129.79848957391323,2.6266577352938434,10.421733629535439,5.742308671510276,10.55306651630013,0.02023642758799673,34.00788091959989,34.11354751712256,basis,absolut,45,45.0,10.992119080400109,93.53,93.18064447614599,93.86263686480956,6.47,6.137363135190443,6.819355523854023,0.0,25.835,67.695,67.03965634620513,68.33604472508765,42.620210209132395,91.125,90.72293436773623,91.51127066664915,8.875,8.48872933335084,9.277065632263763,0.0,22.7,68.425,67.77292139035578,69.06145492570312,42.64850812282843,94.75,94.43221423611723,95.0505985368614,5.25,4.949401463138595,5.567785763882769,0.0,25.665,69.085,68.43728510997154,69.71845240557927,45.244553411315955,92.685,92.31587931151165,93.03772657037868,7.315,6.9622734296213045,7.684120688488349,0.0,22.75,69.93499999999999,69.29157188835417,70.56273782357836,45.309695215378994,31.0,,
primaer,2019-05-06 til 2026-09-10,15m,RTH,1,0.75,47868,0.2567541027636573,0.47689082433182034,0.2969741450429296,112.21951569491168,208.43467259070874,129.79848957391323,2.6266577352938434,10.421733629535439,5.742308671510276,10.55306651630013,0.02023642758799673,34.00788091959989,34.11354751712256,basis,relativ,be,34.00788091959989,0.0,25.835,25.233032973931586,26.44624812865996,74.0,73.38752715843422,74.60325511087275,0.165,25.835,0.0,-0.013496551165648586,0.013496551165648586,-0.1834887236539698,22.7,22.124729817290465,23.285755351372845,77.21,76.62345120767428,77.78609819015252,0.09,22.7,0.0,-0.014351194722056579,0.014351194722056579,-0.26052298238517374,31.13,30.491966749665384,31.775280691092007,68.68,68.03368927522376,69.31913625772016,0.19,25.665,5.465000000000003,5.150394424788553,5.7808749066008165,2.4828829377013184,27.65,27.03446765110472,28.274116360603163,72.275,71.65037988823909,72.89106490546146,0.075,22.75,4.900000000000001,4.601476470128903,5.200383056992899,2.424184241204089,46.0,,
primaer,2019-05-06 til 2026-09-10,15m,RTH,1,0.75,47868,0.2567541027636573,0.47689082433182034,0.2969741450429296,112.21951569491168,208.43467259070874,129.79848957391323,2.6266577352938434,10.421733629535439,5.742308671510276,10.55306651630013,0.02023642758799673,34.00788091959989,34.11354751712256,basis,relativ,be+3,37.00788091959989,2.9999999999999973,50.685,49.99204809658862,51.37768881401452,49.195,48.50235900590265,49.88795017214768,0.12,25.835,24.85,24.249397194448814,25.447302662597775,11.538617168609496,45.96,45.27015552009079,46.651396131242535,53.995,53.30356225152113,54.6849033803906,0.045,22.7,23.26,22.673308693515757,23.844488115104195,11.591813060654626,56.48,55.79171265430259,57.16579855841027,43.41,42.72442348282424,44.09810755239521,0.11,25.665,30.814999999999998,30.172496328610983,31.452379577815666,14.130844432149745,51.235,50.54208881523109,51.92743685571032,48.725,48.0325847405826,49.41790495136046,0.04,22.75,28.484999999999992,27.857500508771178,29.108621742299402,14.1182384619438,45.0,,
primaer,2019-05-06 til 2026-09-10,15m,RTH,1,0.75,47868,0.2567541027636573,0.47689082433182034,0.2969741450429296,112.21951569491168,208.43467259070874,129.79848957391323,2.6266577352938434,10.421733629535439,5.742308671510276,10.55306651630013,0.02023642758799673,34.00788091959989,34.11354751712256,basis,relativ,be+6,40.00788091959989,6.0,73.005,72.38537622035022,73.6157882007084,26.95,26.339543924548053,27.569308937638375,0.045,25.835,47.169999999999995,46.47300996653733,47.85673613655676,22.95116631418059,67.9,67.2495913932941,68.54353371589737,32.075,31.431603994273555,32.72528049833779,0.025,22.7,45.20000000000001,44.50549809922318,45.88504747414161,22.947619917444005,77.915,77.33476949048874,78.48450913649894,22.045,21.47587186348703,22.624864872409777,0.04,25.665,52.25,51.55186325607956,52.93641977900057,25.632565100474018,72.75,72.12860722106034,73.36265513838691,27.245,26.632381222255226,27.8663583386581,0.005,22.75,50.0,49.30150824504639,50.68746335401285,25.59711153817986,40.0,,
primaer,2019-05-06 til 2026-09-10,15m,RTH,1,0.75,47868,0.2567541027636573,0.47689082433182034,0.2969741450429296,112.21951569491168,208.43467259070874,129.79848957391323,2.6266577352938434,10.421733629535439,5.742308671510276,10.55306651630013,0.02023642758799673,34.00788091959989,34.11354751712256,basis,relativ,be+11,45.00788091959989,10.999999999999998,93.53,93.18064447614599,93.86263686480956,6.47,6.137363135190443,6.819355523854023,0.0,25.835,67.695,67.03965634620513,68.33604472508765,42.64122113857949,91.135,90.7331328424132,91.52106835125107,8.865,8.478931648748931,9.266867157586796,0.0,22.7,68.435,67.7829758355106,69.07139958587574,42.67458561600414,94.75,94.43221423611723,95.0505985368614,5.25,4.949401463138595,5.567785763882769,0.0,25.665,69.085,68.43728510997154,69.71845240557927,45.26420871754585,92.685,92.31587931151165,93.03772657037868,7.315,6.9622734296213045,7.684120688488349,0.0,22.75,69.93499999999999,69.29157188835417,70.56273782357836,45.32938177590696,30.0,,
primaer,2019-05-06 til 2026-09-10,15m,RTH,1,0.5,47868,0.2567541027636573,0.47689082433182034,0.2969741450429296,74.81301046327445,138.95644839380583,86.53232638260884,2.6266577352938434,6.947822419690291,3.871983409928415,7.079155306454983,0.030354641381995083,34.34515471273317,34.50365460901718,basis,absolut,34,34.0,-0.34515471273316445,19.29,18.749074852721513,19.842720001844427,74.03,73.41774900042654,74.63302174671706,6.68,22.375,-3.0850000000000017,-3.326318509831669,-2.846172493816167,-0.9874084629405891,18.135,17.60713575030627,18.675102707549275,76.965,76.37631049459125,77.54333300090302,4.9,21.055,-2.9199999999999977,-3.155173916007106,-2.6875532527040265,-1.0001907625843007,28.745,28.12190574891149,29.37625770383352,62.52,61.846779644167974,63.188411772987166,8.735,22.08,6.664999999999999,6.320055964652585,7.0118504021513,1.671403084165074,27.34,26.726692045882572,27.96201102818009,66.105,65.4459414701188,66.75787304851409,6.555,20.925,6.414999999999998,6.076278626976657,6.755928693728408,1.672134950764288,93.0,,
primaer,2019-05-06 til 2026-09-10,15m,RTH,1,0.5,47868,0.2567541027636573,0.47689082433182034,0.2969741450429296,74.81301046327445,138.95644839380583,86.53232638260884,2.6266577352938434,6.947822419690291,3.871983409928415,7.079155306454983,0.030354641381995083,34.34515471273317,34.50365460901718,basis,absolut,37,37.0,2.6548452872668324,51.98,51.28727778181113,52.67196175540671,40.495,39.816572430832615,41.17707817459394,7.525,22.375,29.605000000000004,28.970190859815865,30.23563984625098,6.833125748435026,49.655,48.96219737050038,50.34793513437834,44.535,43.84731451379594,45.224784440297285,5.81,21.055,28.6,27.97190161619264,29.224547870147845,6.8218902375408925,64.135,63.4676585732695,64.79691256742441,29.68,29.050804061178976,30.31700028414112,6.185,22.08,42.055,41.36666629226837,42.73501102801565,9.436617350553425,61.69,61.01406950317227,62.361440693836,33.465,32.814266783034164,34.12208384934122,4.845,20.925,40.765,40.080091890873625,41.44220635483389,9.439329205251605,89.0,,
primaer,2019-05-06 til 2026-09-10,15m,RTH,1,0.5,47868,0.2567541027636573,0.47689082433182034,0.2969741450429296,74.81301046327445,138.95644839380583,86.53232638260884,2.6266577352938434,6.947822419690291,3.871983409928415,7.079155306454983,0.030354641381995083,34.34515471273317,34.50365460901718,basis,absolut,40,40.0,5.654845287266835,81.84,81.29961584783423,82.36815529611303,15.245,14.753505157434734,15.749843268825096,2.915,22.375,59.465,58.77759637948793,60.13852560592969,14.508194602541547,79.555,78.9904154039098,80.10823334481387,18.12,17.592310559737392,18.659933659199837,2.325,21.055,58.5,57.81027080402633,59.17607923177681,14.506044815009012,88.31,87.85733267314846,88.7479535242328,9.945,9.53790762907885,10.367476379375692,1.745,22.08,66.23,65.56675811749163,66.87774861937653,17.10463907957911,86.605,86.12592661909845,87.07001442123413,12.025,11.581506583094656,12.48307855536649,1.37,20.925,65.68,65.01414424054434,66.3302582141647,17.115265478979552,76.0,,
primaer,2019-05-06 til 2026-09-10,15m,RTH,1,0.5,47868,0.2567541027636573,0.47689082433182034,0.2969741450429296,74.81301046327445,138.95644839380583,86.53232638260884,2.6266577352938434,6.947822419690291,3.871983409928415,7.079155306454983,0.030354641381995083,34.34515471273317,34.50365460901718,basis,absolut,45,45.0,10.654845287266834,98.195,98.00102203491645,98.37046760963563,1.735,1.563088899201453,1.9254483412943262,0.07,22.375,75.82,75.219172689157,76.40628449349931,27.523134193316857,97.535,97.31080561839482,97.74093751375132,2.41,2.206421234192769,2.631856757627269,0.055,21.055,76.48,75.8842625999118,77.0601415321142,27.534228437259042,98.905,98.75108895266084,99.04012800069157,1.09,0.955198201982511,1.2435867650256431,0.005,22.08,76.825,76.23305127146385,77.40294036225035,30.151593389738238,98.52,98.34308909923779,98.67827572187781,1.475,1.3170034122381498,1.6516336870068038,0.005,20.925,77.595,77.0095014848545,78.16554383723143,30.157895757602073,51.0,,
primaer,2019-05-06 til 2026-09-10,15m,RTH,1,0.5,47868,0.2567541027636573,0.47689082433182034,0.2969741450429296,74.81301046327445,138.95644839380583,86.53232638260884,2.6266577352938434,6.947822419690291,3.871983409928415,7.079155306454983,0.030354641381995083,34.34515471273317,34.50365460901718,basis,relativ,be,34.34515471273317,0.0,22.375,21.80275173671666,22.957858255383115,70.475,69.83892949722843,71.10320662627406,7.15,22.375,0.0,-0.014442643816476544,0.014442643816471853,-0.07558481450135401,21.055,20.49555341470394,21.625563552583948,73.74,73.12561995568132,74.34526217237486,5.205,21.055,0.0,-0.014819075198282863,0.014819075198282863,-0.08362801154313157,32.48,31.834399206302972,33.132329737102935,58.71,58.02603395736357,59.39062077453908,8.81,22.08,10.399999999999999,9.97745624897271,10.823902124460433,2.564121057780767,30.985,30.347816989308797,31.629486141904874,62.305,61.631057541697466,62.9742164509618,6.71,20.925,10.060000000000002,9.643808090458924,10.477913407851645,2.5807755750803105,92.0,,
primaer,2019-05-06 til 2026-09-10,15m,RTH,1,0.5,47868,0.2567541027636573,0.47689082433182034,0.2969741450429296,74.81301046327445,138.95644839380583,86.53232638260884,2.6266577352938434,6.947822419690291,3.871983409928415,7.079155306454983,0.030354641381995083,34.34515471273317,34.50365460901718,basis,relativ,be+3,37.34515471273316,2.9999999999999973,56.13,55.441163451018305,56.81648218693385,36.895,36.22884929774525,37.566183967285255,6.975,22.375,33.755,33.09683287182033,34.407614023354306,7.712380513203565,53.655,52.963266112979376,54.34533010345049,40.88,40.200487305630425,41.56301543203293,5.465,21.055,32.599999999999994,31.947872408284105,33.24722613103479,7.7053139203726175,67.69,67.03852366925108,68.33468209508392,26.695,26.086441171415526,27.312509629159514,5.615,22.08,45.60999999999999,44.91493660421706,46.29553652239135,10.323723151941035,65.205,64.54200323151366,65.8621569520202,30.345,29.71165814891356,30.985890788451915,4.45,20.925,44.28,43.58710899449588,44.963966049032194,10.32026024102616,88.0,,
primaer,2019-05-06 til 2026-09-10,15m,RTH,1,0.5,47868,0.2567541027636573,0.47689082433182034,0.2969741450429296,74.81301046327445,138.95644839380583,86.53232638260884,2.6266577352938434,6.947822419690291,3.871983409928415,7.079155306454983,0.030354641381995083,34.34515471273317,34.50365460901718,basis,relativ,be+6,40.34515471273317,6.0,84.185,83.67275039560107,84.68412009924305,13.4,12.934910185933404,13.87914685337345,2.415,22.375,61.809999999999995,61.129362725564704,62.47614904348207,15.40016923434816,82.005,81.46648039195411,82.53122738009463,16.045,15.542869211650787,16.560171956919277,1.95,21.055,60.949999999999996,60.266640682567285,61.61899128648941,15.408537236925122,89.975,89.55105982025138,90.38358689706307,8.645,8.263421139657344,9.042462162543071,1.38,22.08,67.89500000000001,67.23999677299115,68.53424681945934,17.994495486448514,88.355,87.90306838511536,88.79220052902085,10.505,10.087614750691133,10.937554177380573,1.14,20.925,67.42999999999999,66.77246574348787,68.07157166517553,17.996909371898475,74.0,,
primaer,2019-05-06 til 2026-09-10,15m,RTH,1,0.5,47868,0.2567541027636573,0.47689082433182034,0.2969741450429296,74.81301046327445,138.95644839380583,86.53232638260884,2.6266577352938434,6.947822419690291,3.871983409928415,7.079155306454983,0.030354641381995083,34.34515471273317,34.50365460901718,basis,relativ,be+11,45.34515471273316,10.999999999999998,98.46,98.27980003927365,98.62158782616869,1.495,1.3358898033699482,1.6727396144327615,0.045,22.375,76.08500000000001,75.48650725260602,76.6691671765641,28.424009909015723,97.925,97.7180459510423,98.11354739298007,2.035,1.8483311595342697,2.240090859327847,0.04,21.055,76.86999999999999,76.27778317017399,77.4468552276583,28.435152861966515,99.06,98.91652474098804,99.184632681187,0.935,0.8107200901625576,1.0781244080229893,0.005,22.08,76.98,76.3895166692117,77.55666955611945,31.013379100345535,98.72,98.55458786607396,98.8667001406192,1.275,1.1286008295679546,1.4401130840994407,0.005,20.925,77.79499999999999,77.2114412623993,78.36380310308408,31.021882945988263,49.0,,
primaer,2019-05-06 til 2026-09-10,5m,RTH,1,1.0,143597,0.14616894397075053,0.2847694374952755,0.17118080874795064,85.18141378839458,165.95223739474676,99.75732810595572,2.6266577352938434,8.297611869737338,4.390403576184422,8.428944756502029,0.026330474012936464,34.21101580043121,34.36120143212576,basis,absolut,34,34.0,-0.21101580043120793,22.775,22.19903954672703,23.361416816527864,75.035,74.43039706217405,75.62998769249677,2.19,24.645,-1.8699999999999994,-2.059026560599624,-1.6825350226774543,-0.7521086683778874,20.77,20.213432277252494,21.337794150587378,77.98,77.40036404567003,78.54888961663036,1.25,22.475,-1.705000000000001,-1.8859047098807356,-1.5259171779835334,-0.7863114619425506,30.745,30.109240478112724,31.38815483040786,66.755,66.09894998712356,67.40461488463637,2.5,24.725,6.0200000000000005,5.690829092614753,6.3505697663639795,1.8814872971338747,28.325,27.70475238294087,28.95357238009127,70.25,69.61258267759104,70.87963986213674,1.425,22.75,5.574999999999999,5.257681016063446,5.894153732386432,1.8741239057855819,71.0,,
primaer,2019-05-06 til 2026-09-10,5m,RTH,1,1.0,143597,0.14616894397075053,0.2847694374952755,0.17118080874795064,85.18141378839458,165.95223739474676,99.75732810595572,2.6266577352938434,8.297611869737338,4.390403576184422,8.428944756502029,0.026330474012936464,34.21101580043121,34.36120143212576,basis,absolut,37,37.0,2.788984199568789,52.28,51.58739740014163,52.97172691544253,45.435,44.74588459668104,46.12586869251118,2.285,24.645,27.635000000000005,27.013215840739406,28.252824608422284,8.174061026488564,48.525,47.83269937952602,49.21786712683949,50.095,49.40209763388966,50.787865879259684,1.38,22.475,26.05,25.44014905360904,26.656817639527926,8.173870822256976,61.625,60.94886606629812,62.29666909539744,36.465,35.800578506990064,37.13461990904869,1.91,24.725,36.9,36.22775606459575,37.56529418549058,10.856366309828047,57.735,57.04896892240622,58.418060279805836,41.085,40.404927153873615,41.76849684900673,1.18,22.75,34.985,34.32098580846821,35.64298218844617,10.832798594922407,70.0,,
primaer,2019-05-06 til 2026-09-10,5m,RTH,1,1.0,143597,0.14616894397075053,0.2847694374952755,0.17118080874795064,85.18141378839458,165.95223739474676,99.75732810595572,2.6266577352938434,8.297611869737338,4.390403576184422,8.428944756502029,0.026330474012936464,34.21101580043121,34.36120143212576,basis,absolut,40,40.0,5.788984199568792,78.85,78.27852256872913,79.41039695083363,20.285,19.733428619352015,20.847984083462283,0.865,24.645,54.20499999999999,53.508319899238465,54.88937647952359,17.107938916250806,74.995,74.39008452919605,75.59031558835929,24.435,23.844421882067152,25.035396921481478,0.57,22.475,52.52,51.82199140308191,53.20619083576007,17.085781465181444,84.715,84.20962921189499,85.20703772472966,14.845,14.359000235537339,15.344501819567375,0.44,24.725,59.99,59.304099593144585,60.662151429779776,19.801988204513627,81.55,81.00637854215827,82.08150398270152,18.15,17.621961077089004,18.690271619684857,0.3,22.75,58.8,58.11098856054178,59.47533926334023,19.789691040972702,60.0,,
primaer,2019-05-06 til 2026-09-10,5m,RTH,1,1.0,143597,0.14616894397075053,0.2847694374952755,0.17118080874795064,85.18141378839458,165.95223739474676,99.75732810595572,2.6266577352938434,8.297611869737338,4.390403576184422,8.428944756502029,0.026330474012936464,34.21101580043121,34.36120143212576,basis,absolut,45,45.0,10.788984199568791,96.57,96.30868996222047,96.81342379951393,3.425,3.1817543832310355,3.686133775395111,0.005,24.645,71.925,71.29494636723841,72.54073720182161,32.15494563369278,95.19,94.88467110742826,95.47797267382099,4.81,4.522027326179008,5.1153288925717275,0.0,22.475,72.715,72.08974002035797,73.32459332671972,32.13995756827284,97.595,97.37335717583238,97.79836291198701,2.405,2.2016370880129847,2.6266428241676136,0.0,24.725,72.87,72.24674007178506,73.47942953012165,34.79028401972858,96.69,96.43296054006638,96.92910713301457,3.31,3.070892866985426,3.5670394599336235,0.0,22.75,73.94,73.32393313040573,74.54090384180816,34.781881972851885,42.0,,
primaer,2019-05-06 til 2026-09-10,5m,RTH,1,1.0,143597,0.14616894397075053,0.2847694374952755,0.17118080874795064,85.18141378839458,165.95223739474676,99.75732810595572,2.6266577352938434,8.297611869737338,4.390403576184422,8.428944756502029,0.026330474012936464,34.21101580043121,34.36120143212576,basis,relativ,be,34.21101580043121,0.0,24.645,24.052660172946084,25.247077975458982,73.24,72.62202926231578,73.84904490179649,2.115,24.645,0.0,-0.013814831248022151,0.013814831248022151,-0.10872370132632896,22.475,21.901816568686847,23.05875501620171,76.275,75.68043021785512,76.85947828739657,1.25,22.475,0.0,-0.01441445229997793,0.01441445229997793,-0.14106715824703156,32.685,32.03830432354559,33.33834588507732,64.615,63.949562683983885,65.27482410209618,2.7,24.725,7.959999999999997,7.585277743535519,8.33589086050106,2.513590371488923,30.11,29.478105084066335,30.74953411024551,68.285,67.6365879308371,68.92638931059115,1.605,22.75,7.359999999999997,6.998743901981073,7.722933204465743,2.499486332960061,71.0,,
primaer,2019-05-06 til 2026-09-10,5m,RTH,1,1.0,143597,0.14616894397075053,0.2847694374952755,0.17118080874795064,85.18141378839458,165.95223739474676,99.75732810595572,2.6266577352938434,8.297611869737338,4.390403576184422,8.428944756502029,0.026330474012936464,34.21101580043121,34.36120143212576,basis,relativ,be+3,37.21101580043121,3.0000000000000027,54.415,53.7239727282883,55.1043315933363,43.32,42.63460771310972,44.00795788859983,2.265,24.645,29.770000000000003,29.13394688940824,30.401415765681257,8.804912325289434,50.43,49.73705766984599,51.122777179145764,48.14,47.44795130905315,48.832763065075554,1.43,22.475,27.955,27.331167265688926,28.575183860148684,8.794572090642202,63.72,63.05107064418157,64.38365988643892,34.58,33.923842643027875,35.242079748942395,1.7,24.725,38.995000000000005,38.315205240239955,39.667166806965135,11.49873416414635,59.84,59.15877266963433,60.51744806078153,39.08,38.405935123054924,39.75825894441039,1.08,22.75,37.09,36.41714838629048,37.75611223868197,11.467536096504674,69.0,,
primaer,2019-05-06 til 2026-09-10,5m,RTH,1,1.0,143597,0.14616894397075053,0.2847694374952755,0.17118080874795064,85.18141378839458,165.95223739474676,99.75732810595572,2.6266577352938434,8.297611869737338,4.390403576184422,8.428944756502029,0.026330474012936464,34.21101580043121,34.36120143212576,basis,relativ,be+6,40.21101580043121,6.0,80.315,79.75814027561027,80.86021657830811,18.915,18.37823036252389,19.463708519084133,0.77,24.645,55.669999999999995,54.975132850518534,56.35216538057832,17.749723199541798,76.51,75.91740853813964,77.09240971016568,22.97,22.39225718105579,23.558124288137215,0.52,22.475,54.035,53.338132798980666,54.71957756532914,17.70173460117921,85.81,85.31951299163929,86.28673338602249,13.795,13.324022515072404,14.279882815750128,0.395,24.725,61.085,60.402252525615395,61.753768032861444,20.452658094069893,82.77,82.24034531963537,83.28706863724754,16.995,16.48081949464075,17.52185680542271,0.235,22.75,60.019999999999996,59.334063334184485,60.6919401762553,20.44795798547818,59.0,,
primaer,2019-05-06 til 2026-09-10,5m,RTH,1,1.0,143597,0.14616894397075053,0.2847694374952755,0.17118080874795064,85.18141378839458,165.95223739474676,99.75732810595572,2.6266577352938434,8.297611869737338,4.390403576184422,8.428944756502029,0.026330474012936464,34.21101580043121,34.36120143212576,basis,relativ,be+11,45.21101580043121,10.999999999999998,96.815,96.56250161856181,97.0495180455051,3.175,2.940853317256685,3.427130859397513,0.01,24.645,72.17,71.54165626949906,72.78411613640537,32.77163272942278,95.48,95.18325022287169,95.75928217746502,4.515,4.235870421908189,4.81159909811565,0.005,22.475,73.005,72.38182854054199,73.61255525300086,32.76685884071065,97.775,97.5612246566793,97.9704262981599,2.225,2.029573701840098,2.4387753433206987,0.0,24.725,73.05,72.42807902787092,73.65819404493925,35.4194906991971,96.935,96.68695486667367,97.16501870873978,3.065,2.834981291260217,3.3130451333263236,0.0,22.75,74.185,73.57084092924521,74.78408923382688,35.40771532009206,41.0,,
primaer,2019-05-06 til 2026-09-10,5m,RTH,1,0.75,143597,0.14616894397075053,0.2847694374952755,0.17118080874795064,63.88606034129593,124.46417804606007,74.81799607946678,2.6266577352938434,6.2232089023030035,3.325635903829489,6.354541789067697,0.03510729868391529,34.503576622797176,34.70382413172324,basis,absolut,34,34.0,-0.503576622797175,14.875,14.388583878993039,15.374906653948306,71.725,71.09675173279922,72.34490430056304,13.4,19.07,-4.195000000000001,-4.47523148236543,-3.9187007712918858,-1.255476644593201,14.42,13.939973944961753,14.913691340790647,74.89,74.28426737404645,75.48617307108066,10.69,18.42,-4.000000000000001,-4.274055549173523,-3.7300005009177406,-1.2407050185853574,25.29,24.692367841845964,25.897122580046727,57.39,56.7033037840774,58.073857923013364,17.32,19.065,6.225000000000003,5.8912322120450815,6.561480531999477,1.4440638381680473,24.51,23.918790499019625,25.110999499120588,61.385,60.708125928709755,62.05750141029274,14.105,18.43,6.080000000000002,5.74998097982849,6.412919490636872,1.428530327598513,107.5,,
primaer,2019-05-06 til 2026-09-10,5m,RTH,1,0.75,143597,0.14616894397075053,0.2847694374952755,0.17118080874795064,63.88606034129593,124.46417804606007,74.81799607946678,2.6266577352938434,6.2232089023030035,3.325635903829489,6.354541789067697,0.03510729868391529,34.503576622797176,34.70382413172324,basis,absolut,37,37.0,2.496423377202822,47.085,46.39385270834049,47.77726686186659,36.655,35.989807381388616,37.32531806094881,16.26,19.07,28.015,27.391142541134744,28.635998813092613,5.583820668864293,45.675,44.98554172100994,46.36611939087537,40.84,40.16059803112328,41.52292006942456,13.485,18.42,27.254999999999995,26.636624268852422,27.87095503218086,5.56565548106729,61.815,61.139464309006186,62.48599787898805,24.785,24.191496312990925,25.388188065318424,13.4,19.065,42.75,42.06030776203148,43.431625907148444,8.199140098983307,60.265,59.584899600201865,60.9411578995663,28.265,27.645164476458184,28.893183330900683,11.47,18.43,41.835,41.14751504907828,42.514880639570926,8.187980106108107,105.0,,
primaer,2019-05-06 til 2026-09-10,5m,RTH,1,0.75,143597,0.14616894397075053,0.2847694374952755,0.17118080874795064,63.88606034129593,124.46417804606007,74.81799607946678,2.6266577352938434,6.2232089023030035,3.325635903829489,6.354541789067697,0.03510729868391529,34.503576622797176,34.70382413172324,basis,absolut,40,40.0,5.496423377202825,79.89,79.32878209383144,80.43973799073466,12.715,12.26044759167655,13.183872537027174,7.395,19.07,60.82000000000001,60.13624241353684,61.489395332248066,12.18394108400851,78.39,77.81416198207329,78.9549342106611,15.25,14.758437232005091,15.754909273894176,6.36,18.42,59.97,59.283889721511464,60.642047236032546,12.189921093386468,88.405,87.95388833492316,88.84136137560743,7.38,7.025789118506955,7.750580034915404,4.215,19.065,69.34,68.69255672500783,69.97073553255144,14.788699488595169,87.25,86.7805920944878,87.70510121933242,9.065,8.674913680305666,9.47080831160762,3.685,18.43,68.82000000000001,68.169594050011,69.4537161311395,14.791303854354101,90.0,,
primaer,2019-05-06 til 2026-09-10,5m,RTH,1,0.75,143597,0.14616894397075053,0.2847694374952755,0.17118080874795064,63.88606034129593,124.46417804606007,74.81799607946678,2.6266577352938434,6.2232089023030035,3.325635903829489,6.354541789067697,0.03510729868391529,34.503576622797176,34.70382413172324,basis,absolut,45,45.0,10.496423377202824,98.61,98.438156300529,98.7631739540965,1.125,0.9879306387020732,1.2808408857821536,0.265,19.07,79.54,78.97286195861304,80.09138320122531,23.42312407021399,98.22,98.02727417128094,98.39420587146833,1.535,1.3736855891347033,1.714928465783518,0.245,18.42,79.8,79.2351880326062,80.3483891962906,23.424618344607122,99.28,99.1529924157616,99.38808051054873,0.645,0.5431394234973075,0.76581645560078,0.075,19.065,80.215,79.65525588860383,80.75986475505708,26.05849901220974,99.07,98.92722740712954,99.19392617432436,0.865,0.7457637640207534,1.003107619212648,0.065,18.43,80.64,80.08445917426454,81.18003204974733,26.061903368430354,60.0,,
primaer,2019-05-06 til 2026-09-10,5m,RTH,1,0.75,143597,0.14616894397075053,0.2847694374952755,0.17118080874795064,63.88606034129593,124.46417804606007,74.81799607946678,2.6266577352938434,6.2232089023030035,3.325635903829489,6.354541789067697,0.03510729868391529,34.503576622797176,34.70382413172324,basis,relativ,be,34.503576622797176,0.0,19.07,18.53150302546302,19.62037632496761,65.93,65.27015514106238,66.58372659019012,15.0,19.07,0.0,-0.015399253056753158,0.015399253056753158,-0.08991204245655013,18.42,17.888840103280423,18.96328889402314,69.66,69.01913787163859,70.29331127063537,11.92,18.42,0.0,-0.015592645819169852,0.015592645819169852,-0.10090451683818773,30.71,30.074449763622418,31.35295898742209,51.48,50.7871339609575,52.17229761231644,17.81,19.065,11.645,11.201257140310444,12.090686614963216,2.5707660890483606,29.79,29.160107265158043,30.427654832229713,55.55,54.860329752057154,56.237538647720086,14.66,18.43,11.360000000000001,10.921142252415859,11.801057279396748,2.569350368848882,108.0,,
primaer,2019-05-06 til 2026-09-10,5m,RTH,1,0.75,143597,0.14616894397075053,0.2847694374952755,0.17118080874795064,63.88606034129593,124.46417804606007,74.81799607946678,2.6266577352938434,6.2232089023030035,3.325635903829489,6.354541789067697,0.03510729868391529,34.503576622797176,34.70382413172324,basis,relativ,be+3,37.503576622797176,2.9999999999999973,53.455,52.76310700124819,54.14556602960413,31.525,30.88468770993548,32.17240802233758,15.02,19.07,34.385,33.72413010005024,35.04079762886894,6.711282557150194,52.06,51.36730723503202,52.75190157641683,35.5,34.83966891220487,36.16590013342215,12.44,18.42,33.63999999999999,32.982824209218656,34.292530145961884,6.704098620444391,67.405,66.75209848780953,68.05121673707747,20.605,20.05011820692666,21.17117159281173,11.99,19.065,48.34,47.642362650410945,49.02756121250819,9.297930984576203,65.805,65.14459957995501,66.45933016031152,23.875,23.289214351320204,24.47081953261126,10.32,18.43,47.375,46.67816237161227,48.06221600373131,9.282180133608454,104.0,,
primaer,2019-05-06 til 2026-09-10,5m,RTH,1,0.75,143597,0.14616894397075053,0.2847694374952755,0.17118080874795064,63.88606034129593,124.46417804606007,74.81799607946678,2.6266577352938434,6.2232089023030035,3.325635903829489,6.354541789067697,0.03510729868391529,34.503576622797176,34.70382413172324,basis,relativ,be+6,40.503576622797176,6.0,83.845,83.32844353428453,84.34855754507774,10.39,9.97469683401657,10.82051626234804,5.765,19.07,64.775,64.10515857771858,65.42928246535268,13.310586235054457,82.43,81.89636003753571,82.95118450386532,12.575,12.122654348577008,13.041719550222423,4.995,18.42,64.01,63.337075525582584,64.66756766959219,13.311535628231708,91.06,90.65664794091303,91.44758205815964,5.71,5.396847438539938,6.0401631153098085,3.23,19.065,71.995,71.36402130881913,72.60880731317265,15.931382952948367,89.955,89.53069515153214,90.36395924722453,7.235,6.8841116562747215,7.602313187603907,2.81,18.43,71.52499999999999,70.89083100830027,72.14190470637237,15.929313817921866,87.0,,
primaer,2019-05-06 til 2026-09-10,5m,RTH,1,0.75,143597,0.14616894397075053,0.2847694374952755,0.17118080874795064,63.88606034129593,124.46417804606007,74.81799607946678,2.6266577352938434,6.2232089023030035,3.325635903829489,6.354541789067697,0.03510729868391529,34.503576622797176,34.70382413172324,basis,relativ,be+11,45.503576622797176,10.999999999999998,98.995,98.84704810243778,99.12413428442453,0.86,0.7411318531531258,0.9977414504408368,0.145,19.07,79.925,79.36202364812586,80.47266883084923,24.51722983690344,98.64,98.46988324493174,98.79143548753042,1.235,1.0910308481796678,1.3976984283722163,0.125,18.42,80.22,79.65973933707167,80.76422164757007,24.519029930843036,99.475,99.3649046241228,99.56609340812565,0.49,0.4022757384341803,0.5967396718412997,0.035,19.065,80.41,79.85249640887187,80.95299612623292,27.17517907581718,99.3,99.17460998660388,99.40645525826419,0.675,0.5706097196676444,0.7983346372670768,0.025,18.43,80.87,80.31712313033078,81.40773476840873,27.174248033746323,58.0,,
primaer,2019-05-06 til 2026-09-10,5m,RTH,1,0.5,143597,0.14616894397075053,0.2847694374952755,0.17118080874795064,42.59070689419729,82.97611869737338,49.87866405297786,2.6266577352938434,4.148805934868669,2.2608682314745567,4.280138821633361,0.05266094802587293,35.0886982675291,35.389069530918185,basis,absolut,34,34.0,-1.0886982675290924,3.26,3.022716884686837,3.515234645837823,53.09,52.39784539444313,53.780967822730155,43.65,6.9,-3.640000000000001,-3.9057797727281818,-3.3853561625911173,-1.654769002331015,3.245,3.0082670835706904,3.499690208035654,56.14,55.45117866020885,56.826463137022174,40.615,6.885,-3.6399999999999997,-3.9057894299875087,-3.3853656522611137,-1.6510913317475253,9.99,9.582065946575787,10.413300778633706,31.1,30.462142058515777,31.745116904404973,58.91,6.43,3.5600000000000005,3.3065766849002434,3.8214164983280714,0.9633880573258005,9.985,9.577159338174726,10.408209307395325,33.815,33.16252047073747,34.47369573639864,56.2,6.43,3.5549999999999997,3.3017487357732174,3.816242153468193,0.9675770304126651,148.0,,
primaer,2019-05-06 til 2026-09-10,5m,RTH,1,0.5,143597,0.14616894397075053,0.2847694374952755,0.17118080874795064,42.59070689419729,82.97611869737338,49.87866405297786,2.6266577352938434,4.148805934868669,2.2608682314745567,4.280138821633361,0.05266094802587293,35.0886982675291,35.389069530918185,basis,absolut,37,37.0,1.9113017324709047,19.705,19.159568436949698,20.262067027689678,20.165,19.614684033810338,20.726774757657424,60.13,6.9,12.805,12.345291611868095,13.271971558199139,2.809969966691756,19.695,19.149675901791348,20.25196340356915,22.41,21.83742388482208,22.993172664753768,57.895,6.885,12.809999999999999,12.350218890329105,13.277053126783327,2.8125018447620382,39.345,38.670072983149126,40.02401930520648,8.31,7.935403320752771,8.700608645605232,52.345,6.43,32.915000000000006,32.26389935808741,33.566580907253396,5.431131521683481,39.31,38.63518565322819,39.98892007765133,9.565,9.16512107376561,9.98040888209157,51.125,6.43,32.879999999999995,32.2290827696547,33.53141140570912,5.4327485264118724,145.0,,
primaer,2019-05-06 til 2026-09-10,5m,RTH,1,0.5,143597,0.14616894397075053,0.2847694374952755,0.17118080874795064,42.59070689419729,82.97611869737338,49.87866405297786,2.6266577352938434,4.148805934868669,2.2608682314745567,4.280138821633361,0.05266094802587293,35.0886982675291,35.389069530918185,basis,absolut,40,40.0,4.911301732470907,56.63,55.94195868026769,57.315494921628364,4.415,4.13894290232337,4.708565024911689,38.955,6.9,49.730000000000004,49.03363756424831,50.41965932682009,7.281581923963558,56.57,55.88185950197043,57.25561714425235,5.29,4.9882847304736115,5.608887133663265,38.14,6.885,49.685,48.98865465308696,50.3746692846117,7.280538486874271,77.275,76.68902386621164,77.85050056692786,1.345,1.194441191689571,1.51424583692997,21.38,6.43,70.845,70.20719458625582,71.46710789956482,9.916732045682645,77.245,76.65875931555368,77.82077663974918,1.64,1.4730380087505717,1.8255357185958672,21.115,6.43,70.815,70.17701092978106,71.4373051279584,9.918355236164203,133.0,,
primaer,2019-05-06 til 2026-09-10,5m,RTH,1,0.5,143597,0.14616894397075053,0.2847694374952755,0.17118080874795064,42.59070689419729,82.97611869737338,49.87866405297786,2.6266577352938434,4.148805934868669,2.2608682314745567,4.280138821633361,0.05266094802587293,35.0886982675291,35.389069530918185,basis,absolut,45,45.0,9.911301732470907,96.645,96.38634912348141,96.88573583284459,0.145,0.10098155215314163,0.20816636300105057,3.21,6.9,89.745,89.31270239878657,90.15408396347155,14.761722620639958,96.635,96.37599266746452,96.8760961295826,0.19,0.1384650063508281,0.2606656255583147,3.175,6.885,89.75000000000001,89.31778898567995,90.15898892616612,14.763190322831868,99.16,99.02373423014892,99.27738478481487,0.05,0.0271621145015576,0.09202228750329448,0.79,6.43,92.73,92.35884919977279,93.0792524288739,17.365269036831346,99.145,99.00762580936416,99.26349896668133,0.065,0.03799180580200702,0.11118683512116193,0.79,6.43,92.715,92.34349385579475,93.06457874976644,17.365483862274857,95.0,,
primaer,2019-05-06 til 2026-09-10,5m,RTH,1,0.5,143597,0.14616894397075053,0.2847694374952755,0.17118080874795064,42.59070689419729,82.97611869737338,49.87866405297786,2.6266577352938434,4.148805934868669,2.2608682314745567,4.280138821633361,0.05266094802587293,35.0886982675291,35.389069530918185,basis,relativ,be,35.0886982675291,0.0,6.9,6.556949916531806,7.259603591504413,39.515,38.83953090240467,40.19449609369185,53.585,6.9,0.0,-0.019236336874713315,0.019236336874713315,-0.022060119293465352,6.885,6.5423063469702445,7.244252922147656,42.665,41.9810180700397,43.351799098903356,50.45,6.885,0.0,-0.019241294701018145,0.019241294701018145,-0.02484389620647503,18.06,17.533011162237695,18.599256101026267,20.575,20.020426266845135,21.140875055056615,61.365,6.43,11.63,11.189368272973173,12.078507463560467,2.5890006859859898,18.035,17.5083037258129,18.573973139253862,22.865,22.288214707572596,23.452207089192196,59.1,6.43,11.605000000000002,11.164785715887,12.053095828112925,2.59111841974201,145.0,,
primaer,2019-05-06 til 2026-09-10,5m,RTH,1,0.5,143597,0.14616894397075053,0.2847694374952755,0.17118080874795064,42.59070689419729,82.97611869737338,49.87866405297786,2.6266577352938434,4.148805934868669,2.2608682314745567,4.280138821633361,0.05266094802587293,35.0886982675291,35.389069530918185,basis,relativ,be+3,38.0886982675291,3.0000000000000027,31.28,30.641094910743362,31.9260949191972,12.285,11.83728502213194,12.74720025758003,56.435,6.9,24.380000000000003,23.786539166725124,24.976946028863317,4.433596285096062,31.23,30.59138465335251,31.875824380193666,14.05,13.575291899970999,14.538515492462922,54.72,6.885,24.345000000000002,23.751839568297367,24.9416675926259,4.429820198173037,54.31,53.61886547664842,54.99947917254795,4.5,4.221328800268764,4.796146480836757,41.19,6.43,47.88,47.18476689530965,48.569568505683954,7.061995333096989,54.25,53.558805577184444,54.93956211633866,5.335,5.032034303995811,5.655120276896016,40.415,6.43,47.81999999999999,47.124815298776944,48.5095453994797,7.062686871733615,142.0,,
primaer,2019-05-06 til 2026-09-10,5m,RTH,1,0.5,143597,0.14616894397075053,0.2847694374952755,0.17118080874795064,42.59070689419729,82.97611869737338,49.87866405297786,2.6266577352938434,4.148805934868669,2.2608682314745567,4.280138821633361,0.05266094802587293,35.0886982675291,35.389069530918185,basis,relativ,be+6,41.0886982675291,6.0,70.04,69.4013422062996,70.67096098857174,2.155,1.9627521973076063,2.365623732901045,27.805,6.9,63.13999999999999,62.46508285161426,63.8024266581446,8.909592238653213,69.995,69.35607846165142,70.62624201646493,2.75,2.532269879052622,2.9858775282492642,27.255,6.885,63.11,62.43498002688474,63.77255009272973,8.910264424543078,86.555,86.07519287856103,87.02076736537718,0.67,0.566027331632741,0.7929189456625414,12.775,6.43,80.125,79.56184458275406,80.66823331002608,11.547679083920578,86.51,86.02953437674154,86.9764431504417,0.82,0.7041166547847512,0.9547720116936997,12.67,6.43,80.08,79.51638478115495,80.6237134544656,11.546644898078618,126.0,,
primaer,2019-05-06 til 2026-09-10,5m,RTH,1,0.5,143597,0.14616894397075053,0.2847694374952755,0.17118080874795064,42.59070689419729,82.97611869737338,49.87866405297786,2.6266577352938434,4.148805934868669,2.2608682314745567,4.280138821633361,0.05266094802587293,35.0886982675291,35.389069530918185,basis,relativ,be+11,46.0886982675291,10.999999999999998,98.605,98.43287037261331,98.75846180237275,0.075,0.04545801908539519,0.12371678111665164,1.32,6.9,91.705,91.31125029854518,92.07636647289233,16.386907316298565,98.585,98.41173197414037,98.73960788228796,0.105,0.06868970946874327,0.16047356856993727,1.31,6.885,91.7,91.30613090357602,92.0714552844285,16.386922286308494,99.695,99.60844826976206,99.7624652666217,0.035,0.01695531775955528,0.07223484532697996,0.27,6.43,93.265,92.90709281437461,93.6026020152914,18.98121296519456,99.685,99.5972211169275,99.75369626017738,0.045,0.0236771116140021,0.08550921075141102,0.27,6.43,93.255,92.8968318860775,93.59281693916347,18.98175874974953,88.0,,
primaer,2019-05-06 til 2026-09-10,3m,RTH,1,1.0,239326,0.11164662409610462,0.2221227033984261,0.13145050254521268,65.06318665824593,129.44422663246678,76.60409486324815,2.6266577352938434,6.472211331623339,3.3844922196769884,6.603544218388031,0.03428873795823698,34.47629126527457,34.67902914597505,basis,absolut,34,34.0,-0.47629126527456433,15.91,15.409631822019465,16.423461196285743,72.375,71.75105204004707,72.99035434644225,11.715,19.96,-4.050000000000001,-4.325405174130543,-3.7781637013592424,-1.2028531341991697,15.33,14.83735295397596,15.83596282615433,75.63,75.03012729836728,76.2200289333968,9.04,19.25,-3.9200000000000013,-4.191266997303392,-3.652465946419451,-1.192474801140267,26.155,25.550545049239243,26.768613150276394,58.82,58.13628420173509,59.500328282235216,15.025,19.945,6.210000000000002,5.876498901648562,6.545974388555605,1.4692275897046223,25.225,24.62789315317531,25.831622233404666,62.885,62.21303788775522,63.552013343078976,11.89,19.17,6.054999999999996,5.725521680014606,6.387169320507456,1.4577544909419502,104.0,,
primaer,2019-05-06 til 2026-09-10,3m,RTH,1,1.0,239326,0.11164662409610462,0.2221227033984261,0.13145050254521268,65.06318665824593,129.44422663246678,76.60409486324815,2.6266577352938434,6.472211331623339,3.3844922196769884,6.603544218388031,0.03428873795823698,34.47629126527457,34.67902914597505,basis,absolut,37,37.0,2.5237087347254326,47.915,47.223117594123934,48.607683196230035,38.18,37.50901993170923,38.85551980065708,13.905,19.96,27.955000000000002,27.331447678056364,28.575481915373143,5.765009314212417,46.37,45.67963979493087,47.061754386836455,42.38,41.69667004435452,43.066256585140515,11.25,19.25,27.12,26.502494528180183,27.734900860852562,5.764827059363208,62.12,61.4454474593711,62.78989758662892,26.37,25.76389697296578,26.985178651045715,11.51,19.945,42.175,41.48654470347765,42.85542900726906,8.388633634289867,60.34,59.66010400434786,61.0159246900119,30.04,29.408539910136504,30.6791261692232,9.62,19.17,41.17000000000001,40.48414869476111,41.84833262744951,8.372563801968058,102.0,,
primaer,2019-05-06 til 2026-09-10,3m,RTH,1,1.0,239326,0.11164662409610462,0.2221227033984261,0.13145050254521268,65.06318665824593,129.44422663246678,76.60409486324815,2.6266577352938434,6.472211331623339,3.3844922196769884,6.603544218388031,0.03428873795823698,34.47629126527457,34.67902914597505,basis,absolut,40,40.0,5.523708734725435,79.945,79.38434057217151,80.49415838842839,13.785,13.31416992423691,14.269739247306742,6.27,19.96,59.985,59.29890974756413,60.656981739228954,12.542129390285035,78.205,77.62743804263378,78.77172920344137,16.49,15.982148822946584,17.010721433533543,5.305,19.25,58.955,58.266329356318614,59.62990456186789,12.552671404474003,88.045,87.588042677929,88.48734529856199,8.335,7.959876007454497,8.7261263571007,3.62,19.945,68.1,67.44583160927893,68.73788074133817,15.13380192966326,86.75,86.27306689340033,87.21281845647599,10.145,9.734186622531585,10.571120571500515,3.105,19.17,67.58000000000001,66.92308067379982,68.22062746875457,15.138077155852066,87.0,,
primaer,2019-05-06 til 2026-09-10,3m,RTH,1,1.0,239326,0.11164662409610462,0.2221227033984261,0.13145050254521268,65.06318665824593,129.44422663246678,76.60409486324815,2.6266577352938434,6.472211331623339,3.3844922196769884,6.603544218388031,0.03428873795823698,34.47629126527457,34.67902914597505,basis,absolut,45,45.0,10.523708734725435,98.455,98.27452900605638,98.6168607797465,1.295,1.1474005730316321,1.4613056591935194,0.25,19.96,78.495,77.91768832259774,79.05683670241793,24.043798805561792,97.945,97.73897512776895,98.13261053481118,1.835,1.6580303537233494,2.030468479561209,0.22,19.25,78.69500000000001,78.11925340932301,79.25452700366361,24.03946069671123,99.125,98.98616327922642,99.2449691782613,0.805,0.6902549909987211,0.9386394365614128,0.07,19.945,79.17999999999999,78.60975782240558,79.73552908398717,26.666299520776196,98.875,98.71915911421785,99.01206936129792,1.06,0.9271717448195602,1.2116247443519605,0.065,19.17,79.705,79.13970967067421,80.25487760697662,26.67389663312387,58.0,,
primaer,2019-05-06 til 2026-09-10,3m,RTH,1,1.0,239326,0.11164662409610462,0.2221227033984261,0.13145050254521268,65.06318665824593,129.44422663246678,76.60409486324815,2.6266577352938434,6.472211331623339,3.3844922196769884,6.603544218388031,0.03428873795823698,34.47629126527457,34.67902914597505,basis,relativ,be,34.47629126527457,0.0,19.96,19.411846589347277,20.51969093690348,67.235,66.58126139916091,67.88211911798517,12.805,19.96,0.0,-0.015137124563115938,0.015137124563115938,-0.09552296386701425,19.25,18.70951429870899,19.802295918741443,70.805,70.17093828450244,71.43107109520305,9.945,19.25,0.0,-0.01534598528211133,0.01534598528211133,-0.08767381838784492,31.19,30.551617073773418,31.835607322657246,53.265,52.57296618583549,53.95577981871813,15.545,19.945,11.245000000000003,10.807883559980516,11.683882366363076,2.574663193087631,30.055,29.423446584946923,30.69421373333109,57.435,56.74838860551738,58.11875581832836,12.51,19.17,10.884999999999998,10.454215145617127,11.317850711235987,2.5596978242185777,104.0,,
primaer,2019-05-06 til 2026-09-10,3m,RTH,1,1.0,239326,0.11164662409610462,0.2221227033984261,0.13145050254521268,65.06318665824593,129.44422663246678,76.60409486324815,2.6266577352938434,6.472211331623339,3.3844922196769884,6.603544218388031,0.03428873795823698,34.47629126527457,34.67902914597505,basis,relativ,be+3,37.47629126527456,2.9999999999999973,53.845,53.15342761842998,54.53509562429857,33.29,32.64015506368356,33.94626278131146,12.865,19.96,33.885,33.22643420743085,34.53846089030201,6.855838652228063,52.12,51.42733049172195,52.81185527540016,37.42,36.75181530545332,38.093016321718274,10.46,19.25,32.87,32.21664992715561,33.51876748696411,6.849712425614881,67.175,66.5209682694896,67.82243529198321,22.36,21.787892424037164,22.942723329144293,10.465,19.945,47.23,46.53317740968739,47.91700806811121,9.441666255757921,65.355,64.69264144626764,66.01146112644939,25.845,25.242954588851862,26.45632267301855,8.8,19.17,46.184999999999995,45.48937844725505,46.87130037306178,9.417725722969708,100.0,,
primaer,2019-05-06 til 2026-09-10,3m,RTH,1,1.0,239326,0.11164662409610462,0.2221227033984261,0.13145050254521268,65.06318665824593,129.44422663246678,76.60409486324815,2.6266577352938434,6.472211331623339,3.3844922196769884,6.603544218388031,0.03428873795823698,34.47629126527457,34.67902914597505,basis,relativ,be+6,40.47629126527457,6.0,83.58,83.06014251027221,84.0869603481998,11.41,10.97676654198736,11.858054800822792,5.01,19.96,63.62,62.945610361727475,64.27920931097736,13.636168566441748,82.015,81.4765939273829,82.54111000394472,13.79,13.319096209095308,14.274811042087784,4.195,19.25,62.765,62.08747997629346,63.42755600550928,13.64242113971723,90.575,90.1622439248752,90.97217234917193,6.58,6.244659895665534,6.932016515446591,2.845,19.945,70.63000000000001,69.99033106902365,71.25293556194312,16.249889926357756,89.325,88.88946228156723,89.74543408262014,8.305,7.93050890671302,8.695504980005543,2.37,19.17,70.155,69.51233766464037,70.78081361531265,16.247008676806818,84.0,,
primaer,2019-05-06 til 2026-09-10,3m,RTH,1,1.0,239326,0.11164662409610462,0.2221227033984261,0.13145050254521268,65.06318665824593,129.44422663246678,76.60409486324815,2.6266577352938434,6.472211331623339,3.3844922196769884,6.603544218388031,0.03428873795823698,34.47629126527457,34.67902914597505,basis,relativ,be+11,45.47629126527457,10.999999999999998,98.82,98.66068895347424,98.9605606460077,1.03,0.8991741299296095,1.1796338814052774,0.15,19.96,78.86,78.28640957323496,79.41848883133063,25.10953186936206,98.375,98.19025352820357,98.54116698336831,1.495,1.3358898033699482,1.6727396144327615,0.13,19.25,79.125,78.55363444789518,79.6804769990406,25.109459825685626,99.335,99.21249832429524,99.4385534780489,0.635,0.5339958177685487,0.7549639020506609,0.03,19.945,79.39,78.8220248015978,79.94360038432205,27.753350318252558,99.12,98.98080032820788,99.2403340496404,0.855,0.7365010333186742,0.9923741906358493,0.025,19.17,79.95,79.38739180288815,80.49752360081047,27.753991370275326,56.0,,
primaer,2019-05-06 til 2026-09-10,3m,RTH,1,0.75,239326,0.11164662409610462,0.2221227033984261,0.13145050254521268,48.79738999368445,97.08316997435008,57.453071147436106,2.6266577352938434,4.854158498717505,2.5712023864489146,4.985491385482196,0.045718317277649315,34.85727724258831,35.12759441685562,basis,absolut,34,34.0,-0.8572772425883057,6.855,6.5130206484459885,7.213550142835279,61.345,60.66800425481507,62.01763844707193,31.8,11.24,-4.385,-4.673307974885226,-4.104666265995183,-1.5170161309465426,6.81,6.469095724094467,7.167492350431848,64.77,64.10519311245312,65.42913414244957,28.42,11.18,-4.37,-4.657860651046799,-4.0901423726006785,-1.5118742884547292,15.315,14.822555894194323,15.820765647017653,41.55,40.86870183155919,42.23454357778898,43.135,10.645,4.670000000000001,4.380000244298159,4.965765257835693,1.122974189032268,15.185,14.69432171861903,15.689049751967532,45.14,44.45132819340208,45.83053839706327,39.675,10.56,4.625000000000002,4.336356592010457,4.9194428692757874,1.1120752829448095,134.5,,
primaer,2019-05-06 til 2026-09-10,3m,RTH,1,0.75,239326,0.11164662409610462,0.2221227033984261,0.13145050254521268,48.79738999368445,97.08316997435008,57.453071147436106,2.6266577352938434,4.854158498717505,2.5712023864489146,4.985491385482196,0.045718317277649315,34.85727724258831,35.12759441685562,basis,absolut,37,37.0,2.1427227574116916,30.09,29.45822914054042,30.729417735213666,26.605,25.997116987392964,27.221868379672177,43.305,11.24,18.85,18.30934090784668,19.39371858964993,3.6333418733458833,29.9,29.269414850467022,30.538304998988387,29.6,28.971313581843795,30.23652148924527,40.5,11.18,18.72,18.180814117114675,19.262315010141286,3.637703822751162,49.54,48.84723228137993,50.232944391791676,13.925,13.452113851735106,14.41174154971284,36.535,10.645,38.895,38.21727946923857,39.56869724908489,6.269193594811049,49.33,48.63730548914795,50.02295183916724,15.91,15.409631822019465,16.423461196285743,34.76,10.56,38.77,38.092718735729136,39.443343796963845,6.2708406230131155,133.0,,
primaer,2019-05-06 til 2026-09-10,3m,RTH,1,0.75,239326,0.11164662409610462,0.2221227033984261,0.13145050254521268,48.79738999368445,97.08316997435008,57.453071147436106,2.6266577352938434,4.854158498717505,2.5712023864489146,4.985491385482196,0.045718317277649315,34.85727724258831,35.12759441685562,basis,absolut,40,40.0,5.142722757411694,68.1,67.45062222799385,68.74242606677517,7.265,6.9134208387451865,7.632992482970076,24.635,11.24,56.86,56.16777485814129,57.540678603974214,8.786495647982816,67.84,67.18928480093734,68.48386335258084,8.555,8.175279361813594,8.950638506876919,23.605,11.18,56.66,55.967447499556535,57.34110779621284,8.793114439938748,83.575,83.05508068951877,84.0820240893138,2.925,2.7003538091511037,3.1677263855311466,13.5,10.645,72.92999999999999,72.30514999857476,73.5369010674529,11.39857507003305,83.335,82.8121331973395,83.84506375880001,3.62,3.369908827050377,3.887904437513888,13.045,10.56,72.775,72.1490844881454,73.38304238602124,11.396240927814002,118.0,,
primaer,2019-05-06 til 2026-09-10,3m,RTH,1,0.75,239326,0.11164662409610462,0.2221227033984261,0.13145050254521268,48.79738999368445,97.08316997435008,57.453071147436106,2.6266577352938434,4.854158498717505,2.5712023864489146,4.985491385482196,0.045718317277649315,34.85727724258831,35.12759441685562,basis,absolut,45,45.0,10.142722757411693,98.245,98.05353563723457,98.41793480371189,0.305,0.23753473337830028,0.3915517302379385,1.45,11.24,87.005,86.52869370858511,87.46117787499615,17.36743047107009,98.125,97.92756410062535,98.30395242897457,0.495,0.4067872006368984,0.6022262892780206,1.38,11.18,86.945,86.46771871303156,87.40202431330559,17.368000360484373,99.475,99.3649046241228,99.56609340812565,0.135,0.09280055236101935,0.196351203514295,0.39,10.645,88.83,88.38383461963136,89.25752823158818,20.005498757782924,99.445,99.33211711612617,99.53889243828561,0.17,0.12168451388297011,0.23745379946841683,0.385,10.56,88.88499999999999,88.43971394827203,89.31152439622544,20.006437411416346,81.0,,
primaer,2019-05-06 til 2026-09-10,3m,RTH,1,0.75,239326,0.11164662409610462,0.2221227033984261,0.13145050254521268,48.79738999368445,97.08316997435008,57.453071147436106,2.6266577352938434,4.854158498717505,2.5712023864489146,4.985491385482196,0.045718317277649315,34.85727724258831,35.12759441685562,basis,relativ,be,34.85727724258831,0.0,11.24,10.80967333729865,11.68521329777058,50.555,49.8620507252055,51.24773611477224,38.205,11.24,0.0,-0.01782217528072191,0.01782217528072191,-0.024305032243404003,11.18,10.750706814149105,11.624202865246858,54.4,53.708957217413875,55.089352865292405,34.42,11.18,0.0,-0.017841428410941083,0.017841428410939185,-0.02988442421685109,23.195,22.615222582674896,23.785072470292864,31.7,31.058695265492016,32.34833325416142,45.105,10.645,12.55,12.093205683374435,13.011907852587035,2.5992113263133425,23.035,22.45666699909697,23.62368950540875,35.01,34.35185826851965,35.673898972442366,41.955,10.56,12.475,12.019412176334939,12.935762645655679,2.5936797515510666,134.5,,
primaer,2019-05-06 til 2026-09-10,3m,RTH,1,0.75,239326,0.11164662409610462,0.2221227033984261,0.13145050254521268,48.79738999368445,97.08316997435008,57.453071147436106,2.6266577352938434,4.854158498717505,2.5712023864489146,4.985491385482196,0.045718317277649315,34.85727724258831,35.12759441685562,basis,relativ,be+3,37.8572772425883,2.9999999999999973,40.64,39.96115866263572,41.32243625233456,19.15,18.610616873969565,19.701231750692088,40.21,11.24,29.4,28.768196892243886,30.03118459541255,5.106396639219927,40.39,39.71187589883368,41.07181503416465,21.81,21.243125996924643,22.387700995918532,37.8,11.18,29.209999999999997,28.579441740858602,29.84003695075501,5.104283143675564,61.1,60.422269464381074,61.77346733517339,9.18,8.787629955503686,9.588047868116696,29.72,10.645,50.45499999999999,49.75767348127265,51.14362628311204,7.747575177941114,60.795,60.11637979043817,61.46947415111054,10.87,10.446110530283022,11.308918211467727,28.335,10.56,50.235,49.5377135216974,50.923709120326635,7.741882980296778,130.0,,
primaer,2019-05-06 til 2026-09-10,3m,RTH,1,0.75,239326,0.11164662409610462,0.2221227033984261,0.13145050254521268,48.79738999368445,97.08316997435008,57.453071147436106,2.6266577352938434,4.854158498717505,2.5712023864489146,4.985491385482196,0.045718317277649315,34.85727724258831,35.12759441685562,basis,relativ,be+6,40.85727724258831,6.0,77.48,76.89584299635857,78.05360270199793,4.58,4.298894110133839,4.878550445202706,17.94,11.24,66.24000000000001,65.57685462289678,66.88775227012525,10.253920425389587,77.21,76.62345120767428,77.78609819015252,5.525,5.216821928741339,5.850259678449167,17.265,11.18,66.03,65.36591266991964,66.6787942189467,10.25252279537793,89.6,89.169305891235,90.01548485312152,1.67,1.5014593073078395,1.8571028978752329,8.73,10.645,78.955,78.37987353868606,79.50998172560483,12.87679793147129,89.425,88.99121314405598,89.84364481292019,2.075,1.8864526070199283,2.2819540489576995,8.5,10.56,78.865,78.28900459973181,79.42087940021182,12.876899029695767,112.0,,
primaer,2019-05-06 til 2026-09-10,3m,RTH,1,0.75,239326,0.11164662409610462,0.2221227033984261,0.13145050254521268,48.79738999368445,97.08316997435008,57.453071147436106,2.6266577352938434,4.854158498717505,2.5712023864489146,4.985491385482196,0.045718317277649315,34.85727724258831,35.12759441685562,basis,relativ,be+11,45.85727724258831,10.999999999999998,99.105,98.96471776750045,99.2264223714295,0.16,0.11336372618005737,0.22577842789245167,0.735,11.24,87.865,87.40264211473234,88.30825868785081,18.83590650831179,99.015,98.86840925215175,99.1427654532683,0.265,0.202671224195328,0.34643060230539907,0.72,11.18,87.835,87.37207317738311,88.2786473794183,18.835603038789127,99.77,99.69337509358469,99.82750963739066,0.085,0.05307884848425495,0.1360921109966698,0.145,10.645,89.125,88.68441366928363,89.54796985435553,21.46921379531037,99.76,99.68196716746093,99.81892140423555,0.095,0.0608290851175394,0.14833803364226328,0.145,10.56,89.2,88.76067815086313,89.62161682220388,21.468530521756314,76.0,,
primaer,2019-05-06 til 2026-09-10,3m,RTH,1,0.5,239326,0.11164662409610462,0.2221227033984261,0.13145050254521268,32.53159332912296,64.72211331623339,38.302047431624075,2.6266577352938434,3.2361056658116696,1.7579125532208402,3.367438552576362,0.06857747591647397,35.619249197215794,36.02472495861677,basis,absolut,34,34.0,-1.619249197215794,0.475,0.3887565478015252,0.580264623555638,38.6,37.92755010228945,39.276828319789736,60.925,2.135,-1.66,-1.8459824120368944,-1.4898571517682044,-1.888696518025103,0.475,0.3887565478015252,0.580264623555638,41.145,40.46476552057824,41.82863543797537,58.38,2.135,-1.66,-1.8459824120368944,-1.4898571517682044,-1.8868166190388775,3.26,3.022716884686837,3.515234645837823,14.78,14.294904722447427,15.27862229734458,81.96,1.855,1.4049999999999996,1.246339494516113,1.5749278091494556,0.7411699219441816,3.26,3.022716884686837,3.515234645837823,16.45,15.942657460322618,16.970228159042,80.29,1.855,1.4049999999999996,1.246339494516113,1.5749278091494556,0.7415526671533524,150.0,,
primaer,2019-05-06 til 2026-09-10,3m,RTH,1,0.5,239326,0.11164662409610462,0.2221227033984261,0.13145050254521268,32.53159332912296,64.72211331623339,38.302047431624075,2.6266577352938434,3.2361056658116696,1.7579125532208402,3.367438552576362,0.06857747591647397,35.619249197215794,36.02472495861677,basis,absolut,37,37.0,1.380750802784203,5.73,5.416315412392973,6.06068746001453,11.24,10.80967333729865,11.68521329777058,83.03,2.135,3.5949999999999998,3.342702062796601,3.860039080635654,1.5523319895330985,5.73,5.416315412392973,6.06068746001453,12.635,12.181706331279413,13.10264452319328,81.635,2.135,3.5949999999999998,3.342702062796601,3.860039080635654,1.5500561611184906,20.385,19.8323883015112,20.94898599409187,2.545,2.3356813837666266,2.7725447583182627,77.07,1.855,18.529999999999998,17.99606918284736,19.073419076743615,4.175303594527457,20.385,19.8323883015112,20.94898599409187,2.99,2.762842397291872,3.235212832703085,76.625,1.855,18.529999999999998,17.99606918284736,19.073419076743615,4.175017969796156,162.0,,
primaer,2019-05-06 til 2026-09-10,3m,RTH,1,0.5,239326,0.11164662409610462,0.2221227033984261,0.13145050254521268,32.53159332912296,64.72211331623339,38.302047431624075,2.6266577352938434,3.2361056658116696,1.7579125532208402,3.367438552576362,0.06857747591647397,35.619249197215794,36.02472495861677,basis,absolut,40,40.0,4.380750802784206,28.28,27.660061325148444,28.908280721128744,1.695,1.5251550106812466,1.8833975926990205,70.025,2.135,26.145000000000003,25.53899416877311,26.757279467046008,4.994747746121153,28.28,27.660061325148444,28.908280721128744,2.06,1.8721547999445893,2.266257617114722,69.66,2.135,26.145000000000003,25.53899416877311,26.757279467046008,4.994210414826254,57.525,56.83855998943137,58.208549867924255,0.225,0.1682075873942153,0.3009096019910002,42.25,1.855,55.67000000000001,54.97860023656105,56.355756025954484,7.6068614390896565,57.525,56.83855998943137,58.208549867924255,0.265,0.202671224195328,0.34643060230539907,42.21,1.855,55.67000000000001,54.97860023656105,56.355756025954484,7.607064028190224,155.0,,
primaer,2019-05-06 til 2026-09-10,3m,RTH,1,0.5,239326,0.11164662409610462,0.2221227033984261,0.13145050254521268,32.53159332912296,64.72211331623339,38.302047431624075,2.6266577352938434,3.2361056658116696,1.7579125532208402,3.367438552576362,0.06857747591647397,35.619249197215794,36.02472495861677,basis,absolut,45,45.0,9.380750802784204,86.355,85.87227962016954,86.8237574381911,0.01,0.002742403527272684,0.03645736136206778,13.635,2.135,84.22,83.70501124966829,84.71588252237532,10.728904202124426,86.355,85.87227962016954,86.8237574381911,0.02,0.007777875605022842,0.051418048563195526,13.625,2.135,84.22,83.70501124966829,84.71588252237532,10.728764602966827,96.955,96.70770637823446,97.18425951573676,0.0,0.0,0.019203605610462554,3.045,1.855,95.10000000000001,94.78777222602729,95.38693372229653,13.35476886270815,96.955,96.70770637823446,97.18425951573676,0.0,0.0,0.019203605610462554,3.045,1.855,95.10000000000001,94.78777222602729,95.38693372229653,13.35476886270815,126.0,,
primaer,2019-05-06 til 2026-09-10,3m,RTH,1,0.5,239326,0.11164662409610462,0.2221227033984261,0.13145050254521268,32.53159332912296,64.72211331623339,38.302047431624075,2.6266577352938434,3.2361056658116696,1.7579125532208402,3.367438552576362,0.06857747591647397,35.619249197215794,36.02472495861677,basis,relativ,be,35.619249197215794,0.0,2.135,1.9436703762453833,2.3447132354055125,21.175,20.61435371669518,21.746717161939248,76.69,2.135,0.0,-0.020832071557655152,0.02083207155765505,-0.026082479944054222,2.135,1.9436703762453833,2.3447132354055125,23.045,22.466576376000873,23.63377628778372,74.82,2.135,0.0,-0.020832071557655152,0.02083207155765505,-0.02074270397175146,9.795,9.390732217851617,10.214709401419753,6.07,5.74743538065765,6.409436907231701,84.135,1.855,7.9399999999999995,7.571412700951652,8.321569589886794,2.5980907218280613,9.795,9.390732217851617,10.214709401419753,6.945,6.600883489075763,7.305652735715407,83.26,1.855,7.9399999999999995,7.571412700951652,8.321569589886794,2.599528273842588,161.0,,
primaer,2019-05-06 til 2026-09-10,3m,RTH,1,0.5,239326,0.11164662409610462,0.2221227033984261,0.13145050254521268,32.53159332912296,64.72211331623339,38.302047431624075,2.6266577352938434,3.2361056658116696,1.7579125532208402,3.367438552576362,0.06857747591647397,35.619249197215794,36.02472495861677,basis,relativ,be+3,38.6192491972158,3.0000000000000027,15.11,14.62034621449299,15.613054061501991,4.23,3.959733178903444,4.517845801672373,80.66,2.135,12.975,12.514630486498508,13.446562725386002,3.416693917738294,15.11,14.62034621449299,15.613054061501991,4.945,4.653084675352752,5.254219693662836,79.945,2.135,12.975,12.514630486498508,13.446562725386002,3.4155465281713275,39.1,38.425869326312984,39.778317059710105,0.75,0.6395239046146146,0.8793916469116909,60.15,1.855,37.245,36.57589511961976,37.91615778764417,6.032297662517745,39.1,38.425869326312984,39.778317059710105,0.925,0.8014285330246963,1.0674198058819724,59.975,1.855,37.245,36.57589511961976,37.91615778764417,6.031344145593697,159.0,,
primaer,2019-05-06 til 2026-09-10,3m,RTH,1,0.5,239326,0.11164662409610462,0.2221227033984261,0.13145050254521268,32.53159332912296,64.72211331623339,38.302047431624075,2.6266577352938434,3.2361056658116696,1.7579125532208402,3.367438552576362,0.06857747591647397,35.619249197215794,36.02472495861677,basis,relativ,be+6,41.619249197215794,6.0,48.52,47.827702387683566,49.21286603904251,0.505,0.41581749750424013,0.6131921516895567,50.975,2.135,46.385000000000005,45.69277210494437,47.07523542171413,6.837128103501566,48.52,47.827702387683566,49.21286603904251,0.635,0.5339958177685487,0.7549639020506609,50.845,2.135,46.385000000000005,45.69277210494437,47.07523542171413,6.837690635423073,76.85,76.26031529309158,77.42937237069559,0.04,0.020270340374573273,0.07891790235140093,23.11,1.855,74.995,74.38759415251299,75.5881896912204,9.462446384286523,76.85,76.26031529309158,77.42937237069559,0.085,0.05307884848425495,0.1360921109966698,23.065,1.855,74.995,74.38759415251299,75.5881896912204,9.462506048684686,148.0,,
primaer,2019-05-06 til 2026-09-10,3m,RTH,1,0.5,239326,0.11164662409610462,0.2221227033984261,0.13145050254521268,32.53159332912296,64.72211331623339,38.302047431624075,2.6266577352938434,3.2361056658116696,1.7579125532208402,3.367438552576362,0.06857747591647397,35.619249197215794,36.02472495861677,basis,relativ,be+11,46.619249197215794,10.999999999999998,94.85,94.53498960910981,95.1477847566576,0.01,0.002742403527272684,0.03645736136206778,5.14,2.135,92.715,92.34248515798163,93.06349700380974,12.581262097925082,94.85,94.53498960910981,95.1477847566576,0.01,0.002742403527272684,0.03645736136206778,5.14,2.135,92.715,92.34248515798163,93.06349700380974,12.581262097925082,99.21,99.0775039670532,99.32359584430498,0.0,0.0,0.019203605610462554,0.79,1.855,97.355,97.11916094793993,97.56515172404815,15.221931100490185,99.21,99.0775039670532,99.32359584430498,0.0,0.0,0.019203605610462554,0.79,1.855,97.355,97.11916094793993,97.56515172404815,15.221931100490185,113.0,,
primaer,2019-05-06 til 2026-09-10,1m,RTH,1,1.0,717966,0.06297857052942663,0.13057612484410036,0.07507646067442303,36.70139176172866,76.09454251414792,43.75155822262676,2.6266577352938434,3.804727125707396,1.966402474851125,3.936060012472088,0.06003575282800851,35.33452509426695,35.718944713183745,basis,absolut,34,34.0,-1.3345250942669473,1.565,1.4020519795078297,1.7465505532470247,47.015,46.32392347205499,47.707222983199955,51.42,4.465,-2.9000000000000004,-3.140067915170569,-2.6734375648460245,-1.7789366672469509,1.565,1.4020519795078297,1.7465505532470247,49.86,49.16714422753818,50.552909542557536,48.575,4.465,-2.9000000000000004,-3.140067915170569,-2.6734375648460245,-1.7684069512749947,6.65,6.312953999217319,7.003695526846954,23.625,23.0413989065209,24.218730995438612,69.725,4.045,2.6050000000000004,2.388231100276042,2.8313331685968044,0.8500749503383662,6.645,6.3080754834525035,6.9985759629723265,26.025,25.42155070116232,26.63765742772789,67.33,4.045,2.5999999999999996,2.3834343421112876,2.826125682768171,0.8503698751848255,148.0,,
primaer,2019-05-06 til 2026-09-10,1m,RTH,1,1.0,717966,0.06297857052942663,0.13057612484410036,0.07507646067442303,36.70139176172866,76.09454251414792,43.75155822262676,2.6266577352938434,3.804727125707396,1.966402474851125,3.936060012472088,0.06003575282800851,35.33452509426695,35.718944713183745,basis,absolut,37,37.0,1.6654749057330498,12.23,11.783172464814538,12.691333938863606,16.58,16.071008348320294,17.101827341669736,71.19,4.465,7.765,7.398798003068295,8.141359881665144,2.139762407397792,12.22,11.773334137492416,12.68117610690685,18.755,18.220027951309184,19.301972381836787,69.025,4.465,7.755000000000001,7.389017004767008,8.131141990693024,2.137779615166381,30.37,29.7365053802921,31.011033955270573,5.49,5.182774079095822,5.8143209706186125,64.14,4.045,26.325000000000003,25.71684043223318,26.93780722277085,4.762328715421225,30.35,29.716627577373078,30.99091943963184,6.42,6.08860113984406,6.768136722806018,63.23,4.045,26.305,25.69699330531129,26.917662122504048,4.763114895876239,152.0,,
primaer,2019-05-06 til 2026-09-10,1m,RTH,1,1.0,717966,0.06297857052942663,0.13057612484410036,0.07507646067442303,36.70139176172866,76.09454251414792,43.75155822262676,2.6266577352938434,3.804727125707396,1.966402474851125,3.936060012472088,0.06003575282800851,35.33452509426695,35.718944713183745,basis,absolut,40,40.0,4.665474905733053,43.055,42.37016356639034,43.74250381442896,3.345,3.104625056003373,3.6032938283917493,53.6,4.465,38.589999999999996,37.91495297212782,39.26447413048083,6.05540659157184,43.045,42.360184934015535,43.732486287524885,3.885,3.625926668954002,4.1617848165005284,53.07,4.465,38.58,37.904987508443945,39.25444370966815,6.057965508453107,68.28,67.63156167635496,68.92141748543385,0.755,0.6441293945850521,0.8847842365806925,30.965,4.045,64.235,63.5649927773971,64.89373118426077,8.679187862226245,68.255,67.60643053278311,68.89655823080851,1.0,0.8712066073618286,1.1476129261364247,30.745,4.045,64.21,63.539895621808384,64.86883953955414,8.678716849069456,144.0,,
primaer,2019-05-06 til 2026-09-10,1m,RTH,1,1.0,717966,0.06297857052942663,0.13057612484410036,0.07507646067442303,36.70139176172866,76.09454251414792,43.75155822262676,2.6266577352938434,3.804727125707396,1.966402474851125,3.936060012472088,0.06003575282800851,35.33452509426695,35.718944713183745,basis,absolut,45,45.0,9.665474905733051,92.665,92.29542940428807,93.01818415904451,0.09,0.05693909743673825,0.14222994168362543,7.245,4.465,88.2,87.74120403976589,88.63584882299386,12.634478333531176,92.655,92.28520474383551,93.00841266021818,0.135,0.09280055236101935,0.196351203514295,7.21,4.465,88.19,87.73104247413319,88.62601509527993,12.634554590202876,98.31,98.12186053728867,98.4795849389705,0.01,0.002742403527272684,0.03645736136206778,1.68,4.045,94.265,93.93009986046732,94.57533031837167,15.266302526039269,98.305,98.11660240730097,98.47484498931875,0.025,0.010678963454394948,0.058515040353262375,1.67,4.045,94.26,93.92496705995215,94.57046070126782,15.266183338285012,109.0,,
primaer,2019-05-06 til 2026-09-10,1m,RTH,1,1.0,717966,0.06297857052942663,0.13057612484410036,0.07507646067442303,36.70139176172866,76.09454251414792,43.75155822262676,2.6266577352938434,3.804727125707396,1.966402474851125,3.936060012472088,0.06003575282800851,35.33452509426695,35.718944713183745,basis,relativ,be,35.33452509426695,0.0,4.465,4.187401754276747,4.7600869693527015,31.395,30.755431798153417,32.041713863494245,64.14,4.465,0.0,-0.02004678234130188,0.02004678234130188,-0.03212910137348,4.465,4.187401754276747,4.7600869693527015,34.17,33.51579014767115,34.830289713865135,61.365,4.465,0.0,-0.02004678234130188,0.02004678234130188,-0.028259454109224858,14.33,13.85125730158462,14.82244255065788,13.15,12.68870687110645,13.62544618622846,72.52,4.045,10.285000000000002,9.868748551173184,10.71134776218892,2.5919199643079156,14.325,13.846328789896528,14.817372982706534,14.98,14.49213206669807,15.48131813867149,70.695,4.045,10.28,9.863839622669811,10.706257843362629,2.593351639724214,152.0,,
primaer,2019-05-06 til 2026-09-10,1m,RTH,1,1.0,717966,0.06297857052942663,0.13057612484410036,0.07507646067442303,36.70139176172866,76.09454251414792,43.75155822262676,2.6266577352938434,3.804727125707396,1.966402474851125,3.936060012472088,0.06003575282800851,35.33452509426695,35.718944713183745,basis,relativ,be+3,38.334525094266944,2.9999999999999973,23.57,22.986883288018138,24.163267737907546,8.515,8.136109340705053,8.909823890869948,67.915,4.465,19.105,18.56349597284413,19.65353847214402,3.8814321583579794,23.56,22.97697150449778,24.153183362149033,9.885,9.479033943970066,10.306373108811208,66.555,4.465,19.095000000000002,18.55360659762424,19.643431390348105,3.8851885428838635,47.37,46.67857868508474,48.06243142457037,2.41,2.206421234192769,2.631856757627269,50.22,4.045,43.325,42.637041102398754,44.01071374675175,6.5097264930317476,47.345,46.65360181758079,48.03741789387712,2.885,2.66191440077834,3.126181156788398,49.77,4.045,43.3,42.61209306027826,43.98567224101135,6.510283409432707,150.0,,
primaer,2019-05-06 til 2026-09-10,1m,RTH,1,1.0,717966,0.06297857052942663,0.13057612484410036,0.07507646067442303,36.70139176172866,76.09454251414792,43.75155822262676,2.6266577352938434,3.804727125707396,1.966402474851125,3.936060012472088,0.06003575282800851,35.33452509426695,35.718944713183745,basis,relativ,be+6,41.33452509426695,6.0,60.52,59.840601367685565,61.19535819369399,1.375,1.2226928238886186,1.5459826825675562,38.105,4.465,56.055,55.36308527699742,56.738952668017774,7.818068241499096,60.505,59.825559554048,61.18040576841324,1.705,1.534636111189584,1.8939126514695606,37.79,4.465,56.04,55.348063216239986,56.723981248497566,7.818177330429849,82.005,81.46648039195411,82.53122738009463,0.295,0.22878591743635746,0.3803043869010034,17.7,4.045,77.96,77.37655586776204,78.52579275441909,10.436565315643922,81.98,81.44119682056579,82.50652055328574,0.42,0.33939739136571234,0.5196449039576223,17.6,4.045,77.935,77.3513285020801,78.50103224143481,10.435736334534045,136.0,,
primaer,2019-05-06 til 2026-09-10,1m,RTH,1,1.0,717966,0.06297857052942663,0.13057612484410036,0.07507646067442303,36.70139176172866,76.09454251414792,43.75155822262676,2.6266577352938434,3.804727125707396,1.966402474851125,3.936060012472088,0.06003575282800851,35.33452509426695,35.718944713183745,basis,relativ,be+11,46.33452509426695,10.999999999999998,97.16,96.92057133154725,97.38131582764098,0.04,0.020270340374573273,0.07891790235140093,2.8,4.465,92.69500000000001,92.32179415538302,93.04369681550682,14.38766913688741,97.155,96.9153758630582,97.37651321649057,0.06,0.034327006692676625,0.10485355459105336,2.785,4.465,92.69000000000001,92.31668077923347,93.038810428122,14.387555739586201,99.45,99.33757631987416,99.5434313141771,0.005,0.0008826282272974824,0.02831905702260402,0.545,4.045,95.405,95.10285226729029,95.68416125879551,16.99171062103843,99.45,99.33757631987416,99.5434313141771,0.005,0.0008826282272974824,0.02831905702260402,0.545,4.045,95.405,95.10285226729029,95.68416125879551,16.99171062103843,99.0,,
primaer,2019-05-06 til 2026-09-10,1m,RTH,1,0.75,717966,0.06297857052942663,0.13057612484410036,0.07507646067442303,27.526043821296494,57.07090688561094,32.813668666970074,2.6266577352938434,2.8535453442805467,1.507635077829517,2.9848782310452395,0.08004767043734466,36.00158901457816,36.51414850646722,basis,absolut,34,34.0,-2.0015890145781534,0.11,0.07265667231905741,0.1665046853590621,30.84,30.20367459309706,31.483684228572876,69.05,0.8,-0.69,-0.814736080639853,-0.5822719936881963,-1.9886895637727047,0.11,0.07265667231905741,0.1665046853590621,33.245,32.595385115363634,33.90105001287644,66.645,0.8,-0.69,-0.814736080639853,-0.5822719936881963,-1.9927153627314527,1.355,1.2038561803447974,1.5248270075536214,8.34,7.964770667860079,8.731229776334558,90.305,0.73,0.625,0.5200751087601185,0.7421805400773637,0.633222943932851,1.355,1.2038561803447974,1.5248270075536214,9.325,8.929777544654165,9.735844588509947,89.32,0.73,0.625,0.5200751087601185,0.7421805400773637,0.6334100182463368,169.5,,
primaer,2019-05-06 til 2026-09-10,1m,RTH,1,0.75,717966,0.06297857052942663,0.13057612484410036,0.07507646067442303,27.526043821296494,57.07090688561094,32.813668666970074,2.6266577352938434,2.8535453442805467,1.507635077829517,2.9848782310452395,0.08004767043734466,36.00158901457816,36.51414850646722,basis,absolut,37,37.0,0.9984109854218437,1.945,1.7626305445240993,2.145826040828116,7.675,7.314154034945192,8.052101817204063,90.38,0.8,1.1449999999999998,1.0031414534597711,1.3006105820660692,0.9521592966536316,1.945,1.7626305445240993,2.145826040828116,8.7,8.317291790148047,9.098570388086193,89.355,0.8,1.1449999999999998,1.0031414534597711,1.3006105820660692,0.9525819216710161,11.375,10.942362434495818,11.822472350838263,1.015,0.8851865254241859,1.163627246992384,87.61,0.73,10.645,10.224118039605115,11.079571876119061,3.579236303580029,11.375,10.942362434495818,11.822472350838263,1.225,1.0816446702680846,1.3870884470049216,87.4,0.73,10.645,10.224118039605115,11.079571876119061,3.5783796002751633,169.0,,
primaer,2019-05-06 til 2026-09-10,1m,RTH,1,0.75,717966,0.06297857052942663,0.13057612484410036,0.07507646067442303,27.526043821296494,57.07090688561094,32.813668666970074,2.6266577352938434,2.8535453442805467,1.507635077829517,2.9848782310452395,0.08004767043734466,36.00158901457816,36.51414850646722,basis,absolut,40,40.0,3.998410985421846,14.41,13.930116219715808,14.903552906757719,0.995,0.8665483721428117,1.1422730817160027,84.595,0.8,13.61,13.140791299287583,14.091722634408704,3.9021041676410633,14.41,13.930116219715808,14.903552906757719,1.19,1.0488136345964947,1.349932925200439,84.4,0.8,13.61,13.140791299287583,14.091722634408704,3.901519968272971,42.185,41.50212956188118,42.870871961675725,0.095,0.0608290851175394,0.14833803364226328,57.72,0.73,41.455000000000005,40.772924322466814,42.13864499576156,6.522779192065007,42.185,41.50212956188118,42.870871961675725,0.1,0.06474660464272733,0.15441859375651432,57.715,0.73,41.455000000000005,40.772924322466814,42.13864499576156,6.522956430811708,164.0,,
primaer,2019-05-06 til 2026-09-10,1m,RTH,1,0.75,717966,0.06297857052942663,0.13057612484410036,0.07507646067442303,27.526043821296494,57.07090688561094,32.813668666970074,2.6266577352938434,2.8535453442805467,1.507635077829517,2.9848782310452395,0.08004767043734466,36.00158901457816,36.51414850646722,basis,absolut,45,45.0,8.998410985421845,71.615,70.98603993377988,72.23565834751471,0.01,0.002742403527272684,0.03645736136206778,28.375,0.8,70.815,70.17940898355076,71.43978640965241,8.802661709906973,71.615,70.98603993377988,72.23565834751471,0.015,0.005101481799495055,0.04409636272928435,28.37,0.8,70.815,70.17940898355076,71.43978640965241,8.802631369685338,92.605,92.23408435852463,92.9595522491347,0.0,0.0,0.019203605610462554,7.395,0.73,91.875,91.48548480476808,92.24348170014535,11.446083873893022,92.605,92.23408435852463,92.9595522491347,0.0,0.0,0.019203605610462554,7.395,0.73,91.875,91.48548480476808,92.24348170014535,11.446083873893022,144.0,,
primaer,2019-05-06 til 2026-09-10,1m,RTH,1,0.75,717966,0.06297857052942663,0.13057612484410036,0.07507646067442303,27.526043821296494,57.07090688561094,32.813668666970074,2.6266577352938434,2.8535453442805467,1.507635077829517,2.9848782310452395,0.08004767043734466,36.00158901457816,36.51414850646722,basis,relativ,be,36.00158901457816,0.0,0.8,0.6856368279388781,0.9332595199818171,12.91,12.452404427978042,13.381840806663792,86.29,0.8,0.0,-0.021285910663917464,0.021285910663917464,-0.02706133704138294,0.8,0.6856368279388781,0.9332595199818171,14.37,13.890686118870882,14.86299837048713,84.83,0.8,0.0,-0.021285910663917464,0.021285910663917464,-0.027250722699282207,6.21,5.883865676078466,6.552952841715178,2.26,2.0630043857944877,2.4753312168423816,91.53,0.73,5.48,5.17175084734007,5.803533482185955,2.5987408900939206,6.21,5.883865676078466,6.552952841715178,2.595,2.383597110808329,2.8246098276709497,91.195,0.73,5.48,5.17175084734007,5.803533482185955,2.598609812945159,164.5,,
primaer,2019-05-06 til 2026-09-10,1m,RTH,1,0.75,717966,0.06297857052942663,0.13057612484410036,0.07507646067442303,27.526043821296494,57.07090688561094,32.813668666970074,2.6266577352938434,2.8535453442805467,1.507635077829517,2.9848782310452395,0.08004767043734466,36.00158901457816,36.51414850646722,basis,relativ,be+3,39.00158901457815,2.9999999999999973,8.085,7.715195943649721,8.470902438933532,2.015,1.8292777598576144,2.219151940446747,89.9,0.8,7.285,6.931769738079447,7.652918964713701,2.921002710146579,8.085,7.715195943649721,8.470902438933532,2.355,2.153808955882411,2.574490159903798,89.56,0.8,7.285,6.931769738079447,7.652918964713701,2.9207416298678934,29.825,29.1948864768103,30.46286217805353,0.195,0.1426864289798028,0.266442282568779,69.98,0.73,29.095000000000006,28.46866561438753,29.72788354015658,5.545512407402986,29.825,29.1948864768103,30.46286217805353,0.235,0.17678077779390328,0.3123325708701901,69.94,0.73,29.095000000000006,28.46866561438753,29.72788354015658,5.545363111389006,166.0,,
primaer,2019-05-06 til 2026-09-10,1m,RTH,1,0.75,717966,0.06297857052942663,0.13057612484410036,0.07507646067442303,27.526043821296494,57.07090688561094,32.813668666970074,2.6266577352938434,2.8535453442805467,1.507635077829517,2.9848782310452395,0.08004767043734466,36.00158901457816,36.51414850646722,basis,relativ,be+6,42.00158901457816,6.0,34.08,33.42622493730232,34.739889490724046,0.155,0.1092225196048294,0.2199215548282407,65.765,0.8,33.28,32.62921523498129,33.93556952195,5.870502419010518,34.08,33.42622493730232,34.739889490724046,0.185,0.13425368836908258,0.25487886390062126,65.735,0.8,33.28,32.62921523498129,33.93556952195,5.8703987814246075,67.855,67.20436133424624,68.49878105819026,0.005,0.0008826282272974824,0.02831905702260402,32.14,0.73,67.125,66.46929134469882,67.77162457987562,8.485412150242825,67.855,67.20436133424624,68.49878105819026,0.005,0.0008826282272974824,0.02831905702260402,32.14,0.73,67.125,66.46929134469882,67.77162457987562,8.485412150242825,159.0,,
primaer,2019-05-06 til 2026-09-10,1m,RTH,1,0.75,717966,0.06297857052942663,0.13057612484410036,0.07507646067442303,27.526043821296494,57.07090688561094,32.813668666970074,2.6266577352938434,2.8535453442805467,1.507635077829517,2.9848782310452395,0.08004767043734466,36.00158901457816,36.51414850646722,basis,relativ,be+11,47.00158901457815,10.999999999999998,88.85,88.40630384297167,89.278774955469,0.005,0.0008826282272974824,0.02831905702260402,11.145,0.8,88.05,87.59068760559134,88.49033444011873,10.764452034759229,88.85,88.40630384297167,89.278774955469,0.005,0.0008826282272974824,0.02831905702260402,11.145,0.8,88.05,87.59068760559134,88.49033444011873,10.764452034759229,98.33,98.14289710212476,98.49854069269215,0.0,0.0,0.019203605610462554,1.67,0.73,97.6,97.37435104990261,97.79983931763672,13.408507300935257,98.33,98.14289710212476,98.49854069269215,0.0,0.0,0.019203605610462554,1.67,0.73,97.6,97.37435104990261,97.79983931763672,13.408507300935257,130.0,,
primaer,2019-05-06 til 2026-09-10,1m,RTH,1,0.5,717966,0.06297857052942663,0.13057612484410036,0.07507646067442303,18.35069588086433,38.04727125707396,21.87577911131338,2.6266577352938434,1.902363562853698,1.0488676808079085,2.0336964496183905,0.12007150565601701,37.335716855200566,38.10455609303416,basis,absolut,34,34.0,-3.3357168552005656,0.0,0.0,0.019203605610462554,12.8,12.344116747018598,13.270170735555586,87.2,0.015,-0.015,-0.04409636272928435,0.006604609022334019,-2.2030564837499176,0.0,0.0,0.019203605610462554,13.845,13.373286734255274,14.330599392961647,86.155,0.015,-0.015,-0.04409636272928435,0.006604609022334019,-2.2024448085973405,0.03,0.01374997137187844,0.06544211207521783,0.545,0.45203192331768904,0.6569623629916195,99.425,0.01,0.019999999999999997,-0.004326879878677935,0.05295599463870142,0.4222831578010939,0.03,0.01374997137187844,0.06544211207521783,0.635,0.5339958177685487,0.7549639020506609,99.335,0.01,0.019999999999999997,-0.004326879878677935,0.05295599463870142,0.42223605340039444,nan,,
primaer,2019-05-06 til 2026-09-10,1m,RTH,1,0.5,717966,0.06297857052942663,0.13057612484410036,0.07507646067442303,18.35069588086433,38.04727125707396,21.87577911131338,2.6266577352938434,1.902363562853698,1.0488676808079085,2.0336964496183905,0.12007150565601701,37.335716855200566,38.10455609303416,basis,absolut,37,37.0,-0.3357168552005685,0.005,0.0008826282272974824,0.02831905702260402,1.62,1.4540988699629063,1.8044825388257766,98.375,0.015,-0.009999999999999998,-0.038185067563295476,0.0125503741989054,-0.23857930428979698,0.005,0.0008826282272974824,0.02831905702260402,1.84,1.6627812716850714,2.035715641238926,98.155,0.015,-0.009999999999999998,-0.038185067563295476,0.0125503741989054,-0.23863889747491238,0.57,0.4747365918393096,0.6842480926671937,0.03,0.01374997137187844,0.06544211207521783,99.4,0.01,0.5599999999999999,0.46368431603250065,0.6737599954831953,2.3868171859973226,0.57,0.4747365918393096,0.6842480926671937,0.045,0.0236771116140021,0.08550921075141102,99.385,0.01,0.5599999999999999,0.46368431603250065,0.6737599954831953,2.3867980813803498,132.0,,
primaer,2019-05-06 til 2026-09-10,1m,RTH,1,0.5,717966,0.06297857052942663,0.13057612484410036,0.07507646067442303,18.35069588086433,38.04727125707396,21.87577911131338,2.6266577352938434,1.902363562853698,1.0488676808079085,2.0336964496183905,0.12007150565601701,37.335716855200566,38.10455609303416,basis,absolut,40,40.0,2.664283144799434,0.245,0.18538359138366103,0.32372591655931027,0.1,0.06474660464272733,0.15441859375651432,99.655,0.015,0.22999999999999998,0.1692830894947483,0.3072975589242711,1.7266730356700917,0.245,0.18538359138366103,0.32372591655931027,0.115,0.07664595208507284,0.17251348523248564,99.64,0.015,0.22999999999999998,0.1692830894947483,0.3072975589242711,1.7267665525825142,6.575,6.239782169233534,6.926896162239153,0.0,0.0,0.019203605610462554,93.425,0.01,6.565,6.2294687026460975,6.916770603162105,4.352595913562771,6.575,6.239782169233534,6.926896162239153,0.0,0.0,0.019203605610462554,93.425,0.01,6.565,6.2294687026460975,6.916770603162105,4.352595913562771,180.0,,
primaer,2019-05-06 til 2026-09-10,1m,RTH,1,0.5,717966,0.06297857052942663,0.13057612484410036,0.07507646067442303,18.35069588086433,38.04727125707396,21.87577911131338,2.6266577352938434,1.902363562853698,1.0488676808079085,2.0336964496183905,0.12007150565601701,37.335716855200566,38.10455609303416,basis,absolut,45,45.0,7.664283144799433,12.575,12.122654348577008,13.041719550222423,0.0,0.0,0.019203605610462554,87.425,0.015,12.559999999999999,12.107479136641984,13.026565757873938,5.006965416238233,12.575,12.122654348577008,13.041719550222423,0.0,0.0,0.019203605610462554,87.425,0.015,12.559999999999999,12.107479136641984,13.026565757873938,5.006965416238233,55.15,54.45981014224528,55.83821188637683,0.0,0.0,0.019203605610462554,44.85,0.01,55.14,54.449408760571,55.82822118594164,7.622081032461919,55.15,54.45981014224528,55.83821188637683,0.0,0.0,0.019203605610462554,44.85,0.01,55.14,54.449408760571,55.82822118594164,7.622081032461919,177.0,,
primaer,2019-05-06 til 2026-09-10,1m,RTH,1,0.5,717966,0.06297857052942663,0.13057612484410036,0.07507646067442303,18.35069588086433,38.04727125707396,21.87577911131338,2.6266577352938434,1.902363562853698,1.0488676808079085,2.0336964496183905,0.12007150565601701,37.335716855200566,38.10455609303416,basis,relativ,be,37.335716855200566,0.0,0.015,0.005101481799495055,0.04409636272928435,1.245,1.1004195830118546,1.4083058528189074,98.74,0.015,0.0,-0.021554008040350597,0.021554008040350597,-0.017492930934770102,0.015,0.005101481799495055,0.04409636272928435,1.4,1.2462508834662038,1.572415021187166,98.585,0.015,0.0,-0.021554008040350597,0.021554008040350597,-0.017246813757896474,0.8,0.6856368279388781,0.9332595199818171,0.02,0.007777875605022842,0.051418048563195526,99.18,0.01,0.79,0.6747834171095727,0.9228519992676095,2.6081786363767923,0.8,0.6856368279388781,0.9332595199818171,0.025,0.010678963454394948,0.058515040353262375,99.175,0.01,0.79,0.6747834171095727,0.9228519992676095,2.6082095302112416,178.0,,
primaer,2019-05-06 til 2026-09-10,1m,RTH,1,0.5,717966,0.06297857052942663,0.13057612484410036,0.07507646067442303,18.35069588086433,38.04727125707396,21.87577911131338,2.6266577352938434,1.902363562853698,1.0488676808079085,2.0336964496183905,0.12007150565601701,37.335716855200566,38.10455609303416,basis,relativ,be+3,40.335716855200566,2.9999999999999973,0.36,0.28599057300619346,0.45307476664387375,0.075,0.04545801908539519,0.12371678111665164,99.565,0.015,0.345,0.2702124088303704,0.43691423593689743,1.9466315054927508,0.36,0.28599057300619346,0.45307476664387375,0.09,0.05693909743673825,0.14222994168362543,99.55,0.015,0.345,0.2702124088303704,0.43691423593689743,1.946606849345459,8.145,7.7739095865185766,8.532165751737942,0.0,0.0,0.019203605610462554,91.855,0.01,8.135,7.763613252753963,8.522056360613895,4.572659224603664,8.145,7.7739095865185766,8.532165751737942,0.0,0.0,0.019203605610462554,91.855,0.01,8.135,7.763613252753963,8.522056360613895,4.572659224603664,183.0,,
primaer,2019-05-06 til 2026-09-10,1m,RTH,1,0.5,717966,0.06297857052942663,0.13057612484410036,0.07507646067442303,18.35069588086433,38.04727125707396,21.87577911131338,2.6266577352938434,1.902363562853698,1.0488676808079085,2.0336964496183905,0.12007150565601701,37.335716855200566,38.10455609303416,basis,relativ,be+6,43.335716855200566,6.0,4.42,4.1437883413106364,4.713717665563862,0.005,0.0008826282272974824,0.02831905702260402,95.575,0.015,4.405,4.128624145407217,4.698418824164108,3.9148783790762156,4.42,4.1437883413106364,4.713717665563862,0.005,0.0008826282272974824,0.02831905702260402,95.575,0.015,4.405,4.128624145407217,4.698418824164108,3.9148783790762156,34.35,33.694928452720795,35.01108227583528,0.0,0.0,0.019203605610462554,65.65,0.01,34.34,33.684620727837505,35.001059984700134,6.53539935462051,34.35,33.694928452720795,35.01108227583528,0.0,0.0,0.019203605610462554,65.65,0.01,34.34,33.684620727837505,35.001059984700134,6.53539935462051,181.0,,
primaer,2019-05-06 til 2026-09-10,1m,RTH,1,0.5,717966,0.06297857052942663,0.13057612484410036,0.07507646067442303,18.35069588086433,38.04727125707396,21.87577911131338,2.6266577352938434,1.902363562853698,1.0488676808079085,2.0336964496183905,0.12007150565601701,37.335716855200566,38.10455609303416,basis,relativ,be+11,48.335716855200566,10.999999999999998,46.66,45.96930336861618,47.35197943223859,0.0,0.0,0.019203605610462554,53.34,0.015,46.645,45.9539525795667,47.336961104302645,7.182508122597825,46.66,45.96930336861618,47.35197943223859,0.0,0.0,0.019203605610462554,53.34,0.015,46.645,45.9539525795667,47.336961104302645,7.182508122597825,89.05,88.60970760788878,89.47529437612944,0.0,0.0,0.019203605610462554,10.95,0.01,89.03999999999999,88.5989134070035,89.46535629661955,9.806684134130421,89.05,88.60970760788878,89.47529437612944,0.0,0.0,0.019203605610462554,10.95,0.01,89.03999999999999,88.5989134070035,89.46535629661955,9.806684134130421,169.0,,
reference_K3,2016-01-04 til 2026-09-10,15m,RTH,1,0.5,69610,0.23192009612208075,0.4587048458262957,0.27233514634498407,67.57687760805189,133.65741797686604,79.35301494200148,2.6266577352938434,6.682870898843301,3.510176767167287,6.814203785607994,0.03310091919271937,34.43669730642398,34.62897262508859,basis,absolut,40,40.0,5.563302693576022,80.935,80.38467726033602,81.47344146887279,13.865,13.392993010832384,14.350885434942292,5.2,20.55,60.385,59.70000481867165,61.05577203525582,13.096538828197108,79.24,78.67230378292739,79.79646594851161,16.375,15.86861408885194,16.89430033592109,4.385,19.705,59.535000000000004,58.847741045427746,60.208293611387894,13.10663951688873,88.505,88.05553616186724,88.93967514145214,8.46,8.082254724396922,8.85369963114425,3.035,20.405,68.10000000000001,67.4458753314916,68.73792643120979,15.670914078788117,87.055,86.5826301434274,87.5131380644547,10.395,9.979605975224102,10.825605200779945,2.55,19.555,67.5,66.84270126891937,68.1410792141103,15.668594921216275,84.0,,
reference_K3,2016-01-04 til 2026-09-10,5m,RTH,1,0.75,208823,0.13150721335363644,0.27101015766016207,0.15657791980772787,57.47785774047388,118.45040960852702,68.43551141036362,2.6266577352938434,5.922520480426352,3.0052257737883865,6.053853367191044,0.038381502251710685,34.61271674172369,34.85662006121489,basis,absolut,40,40.0,5.387283258276315,77.125,76.53770533681553,77.70187670714078,11.15,10.721225044530998,11.593696157028331,11.725,16.615,60.51,59.825429635362184,61.18046055845985,10.934348525969156,76.09,75.49389030846943,76.67608925012303,13.355,12.890589511008127,13.833484811543778,10.555,16.245,59.845000000000006,59.15865450956195,60.51751625689713,10.932203014162388,87.58,87.11568584247632,88.02988072754685,5.92,5.601315399231402,6.25561449947478,6.5,16.41,71.17,70.53338432437648,71.78909248743882,13.539113620375034,86.695,86.21725288005247,87.15865359379002,7.4,7.045334058278282,7.771027413701831,5.905,16.085,70.61,69.96988009697597,71.23272041725794,13.528818276884813,99.0,,
reference_12m,2025-09-11 til 2026-09-10,15m,RTH,1,0.5,6502,0.23880737573957173,0.375985553190898,0.2545380295002433,69.58369314299641,109.55467048876386,74.16729103578089,2.6266577352938434,5.477733524438193,3.6105175439145127,5.609066411202885,0.03541531177168992,34.513843725723,34.59160598154129,basis,absolut,40,40.0,5.486156274277004,82.735,82.20493166715144,83.25249573225538,8.3,7.925614533852156,8.690401273226971,8.965,16.115,66.62,65.95830247844442,67.26552345692637,12.069173251385061,81.955,81.4159136303728,82.48181334528155,9.855,9.449598856959362,10.275819717985277,8.19,15.87,66.085,65.42083098616108,66.73318102497504,12.073585405559076,91.165,90.76372917183102,91.55046049966988,4.19,3.9210039149118683,4.4765904285484375,4.645,15.865,75.29999999999998,74.69293440492278,75.88852877455845,14.681135594745948,90.6,90.18772048755059,90.99668618469371,5.145,4.847356766302379,5.459870788290767,4.255,15.56,75.04,74.43082756566892,75.63061536838089,14.688437807863432,96.0,,
reference_12m,2025-09-11 til 2026-09-10,5m,RTH,1,0.75,19506,0.13473813640076654,0.2313493114764438,0.1466876763175853,58.88999727668302,101.1158435670093,64.11278268812701,2.6266577352938434,5.055792178350465,3.075832750598843,5.187125065115158,0.04096932975240009,34.69897765841334,34.82009274736025,basis,absolut,40,40.0,5.301022341586659,76.025,75.42835289180324,76.6116516314765,6.565,6.230026886915168,6.91665528527864,17.41,12.485,63.54,62.86558350092769,64.19982007390058,10.094021978404857,75.605,75.0049254567706,76.19524037679628,7.82,7.455951801976089,8.200248359716898,16.575,12.38,63.224999999999994,62.54944539277675,63.88610668763703,10.09272350056937,88.5,88.05045351811681,88.93475970556314,2.74,2.5226721866942796,2.975479061328729,8.76,11.78,76.72,76.12448048066202,77.2961027285721,12.704896259598597,88.22,87.76586758002787,88.65945318384348,3.34,3.0998057232681826,3.5981150814875003,8.44,11.705,76.515,75.91772797079935,77.09292113199436,12.70840147913727,110.0,,
"primaer, R fast ved E[R]",2019-05-06 til 2026-09-10,15m,RTH,1,0.5,1,0.2969741450429296,0.2969741450429296,0.2969741450429296,86.53232638260884,86.53232638260884,86.53232638260884,2.6266577352938434,4.3266163191304425,4.457949205895135,4.457949205895135,0.030354641381995083,34.34515471273317,34.34515471273317,R fast ved E[R],absolut,40,40.0,5.654845287266835,87.915,87.45596431338295,88.35947359248263,8.11,7.739659217541337,8.496429563239111,3.975,18.97,68.94500000000001,68.29532469223587,69.57803663645285,14.549570057824717,86.86,86.38470299780529,87.32114010413868,9.605,9.2043526878635,10.021161905109192,3.535,18.55,68.31,67.65683982198583,68.94661060150314,14.553705747357203,93.815,93.47267142029487,94.14050046010868,4.19,3.9210039149118683,4.4765904285484375,1.995,19.095,74.72000000000001,74.10887810574637,75.31377542769819,17.13706135883697,93.155,92.7966845453635,93.4967408226341,5.07,4.774489300018943,5.38276705998262,1.775,18.7,74.455,73.84172280059272,75.05076001949121,17.138822519214916,83.0,,
"primaer, R fast ved R_p50",2019-05-06 til 2026-09-10,15m,RTH,1,0.5,1,0.2567541027636573,0.2567541027636573,0.2567541027636573,74.81301046327445,74.81301046327445,74.81301046327445,2.6266577352938434,3.7406505231637226,3.871983409928415,3.871983409928415,0.03510963827051532,34.50365460901718,34.50365460901718,R fast ved R_p50,absolut,40,40.0,5.496345390982821,85.21,84.7112421789631,85.69523464196601,5.5,5.192501671606634,5.824589537386677,9.29,14.41,70.8,70.16102331338801,71.421468214258,12.232912894305676,84.71,84.2045633556711,85.20210550131412,6.435,6.10322912445349,6.783502977114905,8.855,14.27,70.44,69.79882649088903,71.06378571248649,12.228776988867063,93.06,92.69946362450479,93.40399823034349,2.685,2.4698991910474044,2.9182731809417755,4.255,13.85,79.21000000000001,78.63762182830769,79.76269261264507,14.851111574976462,92.785,92.41814067061875,93.13542680406034,3.14,2.9071581564885065,3.3908394626896183,4.075,13.72,79.065,78.49117185160313,79.61912104441691,14.85497173151402,99.0,,
primaer,2019-05-06 til 2026-09-10,15m,RTH,1,0.5,47868,0.2567541027636573,0.47689082433182034,0.2969741450429296,74.81301046327445,138.95644839380583,86.53232638260884,2.085,6.947822419690291,3.8449005231637225,7.052072419690292,0.02409504155454025,34.13650138515134,34.26231613418075,slippage 0,absolut,40,40.0,5.863498614848661,83.42,82.89817265833025,83.92899165167971,13.975,13.50138351460998,14.46245268323236,2.605,22.41,61.010000000000005,60.3268688408537,61.678847701527,15.036399465442718,81.13,80.58177827142077,81.66626556372616,16.76,16.24874372340642,17.28402283360341,2.11,21.15,59.98,59.293906597520404,60.652007275073736,15.027283379983993,88.31,87.85733267314846,88.7479535242328,9.945,9.53790762907885,10.367476379375692,1.745,22.08,66.23,65.56675811749163,66.87774861937653,17.10463907957911,86.605,86.12592661909845,87.07001442123413,12.025,11.581506583094656,12.48307855536649,1.37,20.925,65.68,65.01414424054434,66.3302582141647,17.115265478979552,75.0,1.73,0.0
primaer,2019-05-06 til 2026-09-10,15m,RTH,1,0.5,47868,0.2567541027636573,0.47689082433182034,0.2969741450429296,74.81301046327445,138.95644839380583,86.53232638260884,3.085,6.947822419690291,3.8949005231637224,7.102072419690292,0.03565141640084253,34.52171388002809,34.707871434347375,"slippage 1,0",absolut,40,40.0,5.478286119971915,80.47,79.91475436727544,81.01354295546555,16.27,15.764959831636263,16.787994920708552,3.26,22.35,58.11999999999999,57.429456200241844,58.79703894356826,14.050591050915585,77.96,77.38018088688739,78.52908045685523,19.51,18.966673966101226,20.065036392600028,2.53,21.11,56.85,56.15697466432849,57.5298819492113,14.023649267428306,88.31,87.85733267314846,88.7479535242328,9.945,9.53790762907885,10.367476379375692,1.745,22.08,66.23,65.56675811749163,66.87774861937653,17.10463907957911,86.605,86.12592661909845,87.07001442123413,12.025,11.581506583094656,12.48307855536649,1.37,20.925,65.68,65.01414424054434,66.3302582141647,17.115265478979552,77.0,1.73,1.0
primaer,2019-05-06 til 2026-09-10,15m,RTH,1,0.5,47868,0.2567541027636573,0.47689082433182034,0.2969741450429296,74.81301046327445,138.95644839380583,86.53232638260884,2.511657735293843,6.947822419690291,3.8662334099284146,7.073405306454984,0.02902565827467032,34.30085527582234,34.452415749498016,"spread 1,50",absolut,40,40.0,5.699144724177657,82.17,81.63336156827488,82.69428283187534,14.975,14.487201009572162,15.476251116157961,2.855,22.3,59.870000000000005,59.18364399239425,60.54236300823187,14.618395305778678,79.895,79.33383279728933,80.44468536691618,17.84,17.31559883995436,18.376752919174287,2.265,20.97,58.925000000000004,58.23624762586481,59.599973311774605,14.616494808211499,88.31,87.85733267314846,88.7479535242328,9.945,9.53790762907885,10.367476379375692,1.745,22.08,66.23,65.56675811749163,66.87774861937653,17.10463907957911,86.605,86.12592661909845,87.07001442123413,12.025,11.581506583094656,12.48307855536649,1.37,20.925,65.68,65.01414424054434,66.3302582141647,17.115265478979552,76.0,1.5,0.5416577352938432
primaer,2019-05-06 til 2026-09-10,15m,RTH,1,0.5,47868,0.2567541027636573,0.47689082433182034,0.2969741450429296,74.81301046327445,138.95644839380583,86.53232638260884,2.846657735293843,6.947822419690291,3.882983409928415,7.0901553064549825,0.03289704384818158,34.42990146160605,34.60167677505383,"spread 2,17",absolut,40,40.0,5.570098538393953,81.26,80.71319114295262,81.79480276281971,15.69,15.192531918626365,16.200645595543538,3.05,22.32,58.93999999999999,58.25130589142618,59.61495721069051,14.294892322596128,78.8,78.22804342481272,79.36089529835564,18.825,18.289239680774337,19.372733767323783,2.375,21.0,57.800000000000004,57.10877614700329,58.47778721166993,14.278780737796101,88.31,87.85733267314846,88.7479535242328,9.945,9.53790762907885,10.367476379375692,1.745,22.08,66.23,65.56675811749163,66.87774861937653,17.10463907957911,86.605,86.12592661909845,87.07001442123413,12.025,11.581506583094656,12.48307855536649,1.37,20.925,65.68,65.01414424054434,66.3302582141647,17.115265478979552,76.0,2.17,0.5416577352938432
primaer,2019-05-06 til 2026-09-10,15m,RTH,2,1.0,47868,0.2567541027636573,0.47689082433182034,0.2969741450429296,149.6260209265489,277.91289678761166,173.0646527652177,2.6266577352938434,27.791289678761164,15.225267866184273,28.053955452290552,0.015177320690997542,33.83924402303325,33.91849397117526,basis,absolut,34,34.0,0.1607559769667477,24.085,23.49740092730146,24.682552301486442,75.91,75.31240668091276,76.4976420106599,0.005,23.535,0.5500000000000005,0.44606969836912225,0.6548080454657169,1.7848569915768335,18.145,17.617019286368002,18.685215330766418,81.855,81.31478466923359,82.382980713632,0.0,17.695,0.4500000000000004,0.35557264331018323,0.5457530214559709,1.416235315702911,25.92,25.317368015462588,26.531880440999405,74.08,73.46811955900058,74.68263198453742,0.0,23.47,2.4499999999999993,2.2347696348854544,2.666797201499077,6.73346246958631,19.725,19.179353672316658,20.282274110880476,80.275,79.71772588911952,80.82064632768333,0.0,17.795,1.930000000000001,1.737950006662783,2.1244940026673835,6.723832697758662,10.0,,
primaer,2019-05-06 til 2026-09-10,15m,RTH,2,1.0,47868,0.2567541027636573,0.47689082433182034,0.2969741450429296,149.6260209265489,277.91289678761166,173.0646527652177,2.6266577352938434,27.791289678761164,15.225267866184273,28.053955452290552,0.015177320690997542,33.83924402303325,33.91849397117526,basis,absolut,37,37.0,3.160755976966745,35.925,35.262831474013005,36.59257434096634,64.07,63.40240630049505,64.73218980488618,0.005,23.535,12.39,11.932714496541454,12.847869340357745,33.20981347351599,27.58,26.964966668294178,28.203644228461556,72.42,71.79635577153844,73.03503333170582,0.0,17.695,9.885,9.47204589403807,10.300658885686174,33.06200496528155,38.145,37.474144818064076,38.82040835682617,61.855,61.17959164317385,62.52585518193593,0.0,23.47,14.675000000000002,14.183727417541366,15.16632705112951,38.547496708080914,29.605,28.97628166858927,30.241551482139233,70.395,69.75844851786076,71.02371833141073,0.0,17.795,11.809999999999999,11.36263262151689,12.25966104856812,38.75623432542016,10.0,,
primaer,2019-05-06 til 2026-09-10,15m,RTH,2,1.0,47868,0.2567541027636573,0.47689082433182034,0.2969741450429296,149.6260209265489,277.91289678761166,173.0646527652177,2.6266577352938434,27.791289678761164,15.225267866184273,28.053955452290552,0.015177320690997542,33.83924402303325,33.91849397117526,basis,absolut,40,40.0,6.1607559769667475,48.76,48.06756581955721,49.452910429861916,51.24,50.54708957013807,51.932434180442776,0.0,23.535,25.224999999999998,24.621069034641337,25.82593251808971,64.7363104160444,38.335,37.663471308739375,39.011008892449546,61.665,60.98899110755046,62.33652869126062,0.0,17.695,20.640000000000004,20.07846285567888,21.201490137498823,64.72275348121896,51.07,50.37706779290261,51.76252124993734,48.93,48.23747875006267,49.622932207097406,0.0,23.47,27.6,26.97794486174578,28.218314282119994,70.1441679398347,40.505,39.826543697557,41.18710306714843,59.495,58.812896932851565,60.17345630244299,0.0,17.795,22.71,22.128084577037317,23.291175711129867,70.42671972918359,10.0,,
primaer,2019-05-06 til 2026-09-10,15m,RTH,2,1.0,47868,0.2567541027636573,0.47689082433182034,0.2969741450429296,149.6260209265489,277.91289678761166,173.0646527652177,2.6266577352938434,27.791289678761164,15.225267866184273,28.053955452290552,0.015177320690997542,33.83924402303325,33.91849397117526,basis,absolut,45,45.0,11.160755976966746,67.755,67.1038525558564,68.39932824379132,32.245,31.600671756208694,32.896147444143594,0.0,23.535,44.22,43.52664491218694,44.90413856795067,117.20337249697235,55.685,54.99551530903458,56.372301241007506,44.315,43.627698758992494,45.00448469096542,0.0,17.695,37.989999999999995,37.31384973592039,38.6601135568964,116.78837170252844,69.6,68.95879453837782,70.23367764822288,30.4,29.76632235177712,31.04120546162218,0.0,23.47,46.129999999999995,45.433770957836515,46.81639626366895,122.41450515049,57.74,57.053978813257956,58.42304846859354,42.26,41.57695153140646,42.94602118674204,0.0,17.795,39.945,39.262213107764104,40.62100775625874,122.09145934460297,10.0,,
primaer,2019-05-06 til 2026-09-10,15m,RTH,2,1.0,47868,0.2567541027636573,0.47689082433182034,0.2969741450429296,149.6260209265489,277.91289678761166,173.0646527652177,2.6266577352938434,27.791289678761164,15.225267866184273,28.053955452290552,0.015177320690997542,33.83924402303325,33.91849397117526,basis,relativ,be,33.83924402303325,0.0,23.535,22.952192243999843,24.127972224449774,76.465,75.87202777555024,77.04780775600017,0.0,23.535,0.0,-0.014118585159832768,0.01411858515983757,0.12824245577878005,17.695,17.1723206592265,18.230086790358417,82.305,81.76991320964157,82.82767934077349,0.0,17.695,0.0,-0.01581021294146694,0.01581021294146908,-0.2301945890824322,25.365,24.766763927092654,25.972697689391616,74.635,74.02730231060838,75.23323607290735,0.0,23.47,1.8949999999999996,1.7052628139292227,2.086194451757103,5.204430921566146,19.265,18.724349400625755,19.81745505574299,80.735,80.18254494425702,81.27565059937425,0.0,17.795,1.469999999999999,1.301898645739597,1.6403137355533663,5.156369262360201,10.0,,
primaer,2019-05-06 til 2026-09-10,15m,RTH,2,1.0,47868,0.2567541027636573,0.47689082433182034,0.2969741450429296,149.6260209265489,277.91289678761166,173.0646527652177,2.6266577352938434,27.791289678761164,15.225267866184273,28.053955452290552,0.015177320690997542,33.83924402303325,33.91849397117526,basis,relativ,be+3,36.83924402303326,3.0000000000000027,35.2,34.54100027921497,35.86468398804572,64.8,64.13531601195427,65.45899972078502,0.0,23.535,11.664999999999997,11.219495150578314,12.111247556568548,31.28208498087918,26.975,26.364359311472217,27.594483948911396,73.025,72.4055160510886,73.63564068852777,0.0,17.695,9.28,8.878585063803646,9.684217016111585,31.144214979105666,37.395,36.72691024616698,38.06793098280742,62.605,61.93206901719258,63.27308975383302,0.0,23.47,13.925,13.444397625358231,14.405842141240955,36.58584591031627,28.98,28.355341801881035,29.612731393917606,71.02,70.38726860608242,71.64465819811898,0.0,17.795,11.185,10.748118448603417,11.624303258229855,36.846141396187186,10.0,,
primaer,2019-05-06 til 2026-09-10,15m,RTH,2,1.0,47868,0.2567541027636573,0.47689082433182034,0.2969741450429296,149.6260209265489,277.91289678761166,173.0646527652177,2.6266577352938434,27.791289678761164,15.225267866184273,28.053955452290552,0.015177320690997542,33.83924402303325,33.91849397117526,basis,relativ,be+6,39.83924402303325,6.0,48.105,47.4129762521593,48.79775156449334,51.895,51.20224843550666,52.58702374784071,0.0,23.535,24.569999999999997,23.971434832946137,25.16577143552073,63.031899346860655,37.79,37.12043247759926,38.46425704289082,62.21,61.53574295710917,62.879567522400734,0.0,17.695,20.095000000000002,19.53909633090582,20.651024961712498,63.14115306724263,50.395,49.702060390326956,51.087787901188705,49.605,48.91221209881128,50.29793960967304,0.0,23.47,26.924999999999997,26.307822780891037,27.538652133164724,68.51618546722051,39.965,39.28813728533811,40.645716878307915,60.035,59.3542831216921,60.711862714661905,0.0,17.795,22.17,21.593105498019227,22.746328105430443,68.91871347894866,10.0,,
primaer,2019-05-06 til 2026-09-10,15m,RTH,2,1.0,47868,0.2567541027636573,0.47689082433182034,0.2969741450429296,149.6260209265489,277.91289678761166,173.0646527652177,2.6266577352938434,27.791289678761164,15.225267866184273,28.053955452290552,0.015177320690997542,33.83924402303325,33.91849397117526,basis,relativ,be+11,44.83924402303325,10.999999999999998,67.215,66.56116355536099,67.86222464322734,32.785,32.13777535677267,33.43883644463901,0.0,23.535,43.68,42.98764500089331,44.36331518598172,115.32231432959915,55.15,54.45981014224528,55.83821188637683,44.85,44.16178811362317,45.54018985775471,0.0,17.695,37.455,36.78082353159567,38.123334973992115,114.91727624277326,69.065,68.42078954663052,69.70188811855023,30.935,30.29811188144978,31.579210453369495,0.0,23.47,45.595,44.89947322684033,46.28086757436126,120.52763727145934,57.22,56.532988580132425,57.904238419217435,42.78,42.095761580782565,43.46701141986758,0.0,17.795,39.425000000000004,38.743825918179574,40.09958542334882,120.20775303757763,10.0,,
primaer,2019-05-06 til 2026-09-10,15m,RTH,2,0.75,47868,0.2567541027636573,0.47689082433182034,0.2969741450429296,112.21951569491168,208.43467259070874,129.79848957391323,2.6266577352938434,20.843467259070877,11.484617343020552,21.10613303260026,0.02023642758799673,34.00788091959989,34.11354751712256,basis,absolut,34,34.0,-0.00788091959988968,24.89,24.295628955332113,25.494015095405466,75.105,74.50094564019774,75.69941222942525,0.005,24.905,-0.014999999999998348,-0.03689303187868871,0.006786630667108222,-0.043429473520057715,20.135,19.584999091773508,20.696471221857614,79.865,79.30352877814238,80.41500090822649,0.0,20.15,-0.015000000000001124,-0.03778324048018695,0.0076271028042248935,-0.0027497988257481555,27.705,27.089076897029635,28.329485990712072,72.295,71.67051400928793,72.91092310297036,0.0,24.855,2.8500000000000023,2.6197337038020643,3.081680939907904,4.888198445126881,22.45,21.877049913381047,23.033531273310317,77.55,76.96646872668967,78.12295008661894,0.0,20.035,2.4150000000000005,2.2028458966521876,2.629335275335765,5.051892376261672,15.0,,
primaer,2019-05-06 til 2026-09-10,15m,RTH,2,0.75,47868,0.2567541027636573,0.47689082433182034,0.2969741450429296,112.21951569491168,208.43467259070874,129.79848957391323,2.6266577352938434,20.843467259070877,11.484617343020552,21.10613303260026,0.02023642758799673,34.00788091959989,34.11354751712256,basis,absolut,37,37.0,2.9921190804001077,39.085,38.410918662689184,39.76327348441557,60.915,60.23672651558443,61.5890813373108,0.0,24.905,14.179999999999998,13.695967895589089,14.663898037921088,23.253897682676854,32.02,31.376907706138326,32.6699979104392,67.98,67.33000208956081,68.62309229386166,0.0,20.15,11.869999999999997,11.421951310738969,12.319619517312217,23.483289105501886,42.805,42.12070632287765,43.4920570759697,57.195,56.507942924030296,57.87929367712235,0.0,24.855,17.95,17.417320248033157,18.481572931811947,28.554656752663103,35.015,34.35683554244139,35.678919778160065,64.985,64.32108022183994,65.64316445755863,0.0,20.035,14.980000000000002,14.485521320099043,15.475346836966972,28.573139590002885,15.0,,
primaer,2019-05-06 til 2026-09-10,15m,RTH,2,0.75,47868,0.2567541027636573,0.47689082433182034,0.2969741450429296,112.21951569491168,208.43467259070874,129.79848957391323,2.6266577352938434,20.843467259070877,11.484617343020552,21.10613303260026,0.02023642758799673,34.00788091959989,34.11354751712256,basis,absolut,40,40.0,5.99211908040011,54.25,53.558805577184444,54.93956211633866,45.745,45.05544475712161,46.43618946971584,0.005,24.905,29.345,28.711326115705926,29.974126323797407,46.583204992470826,45.35,44.66100990653409,46.04077602878769,54.645,53.9542184642676,55.33399752077119,0.005,20.15,25.2,24.596807053383973,25.800981936655866,46.89298933172369,57.855,57.169208286368644,58.537774827189956,42.145,41.462225172810044,42.83079171363136,0.0,24.855,33.0,32.34544951395705,33.648844438699996,51.82769288714567,48.73,48.03758201677654,49.42290575480596,51.27,50.57709424519404,51.96241798322346,0.0,20.035,28.695000000000004,28.06638245732606,29.32027904168722,52.057459411667075,15.0,,
primaer,2019-05-06 til 2026-09-10,15m,RTH,2,0.75,47868,0.2567541027636573,0.47689082433182034,0.2969741450429296,112.21951569491168,208.43467259070874,129.79848957391323,2.6266577352938434,20.843467259070877,11.484617343020552,21.10613303260026,0.02023642758799673,34.00788091959989,34.11354751712256,basis,absolut,45,45.0,10.992119080400109,75.375,74.77308130008689,75.96717287006581,24.625,24.032827129934198,25.22691869991311,0.0,24.905,50.470000000000006,49.77143960028678,51.15733318253779,86.36506585257642,66.62,65.96331369172046,67.27030302977461,33.38,32.729696970225376,34.03668630827954,0.0,20.15,46.47,45.77396146761116,47.15646146443297,86.71071558653826,77.775,77.19349586418292,78.34583653290048,22.225,21.654163467099522,22.80650413581709,0.0,24.855,52.92000000000001,52.22223384840239,53.60583045037399,91.4706575914086,69.31,68.6671531169013,69.94543045061195,30.69,30.05456954938806,31.332846883098703,0.0,20.035,49.275000000000006,48.57682137512662,49.96263560850413,91.77472169590432,13.0,,
primaer,2019-05-06 til 2026-09-10,15m,RTH,2,0.75,47868,0.2567541027636573,0.47689082433182034,0.2969741450429296,112.21951569491168,208.43467259070874,129.79848957391323,2.6266577352938434,20.843467259070877,11.484617343020552,21.10613303260026,0.02023642758799673,34.00788091959989,34.11354751712256,basis,relativ,be,34.00788091959989,0.0,24.905,24.31050543318675,25.509132856469137,75.09,74.48582791125648,75.68453571944819,0.005,24.905,0.0,-0.013744622786499123,0.013744622786499123,-0.015612103386063397,20.15,19.59984150242399,20.71162305012546,79.85,79.28837694987453,80.400158497576,0.0,20.15,0.0,-0.015081577941689416,0.015081577941688296,0.04036999433673389,27.72,27.103970530677618,28.344586595982406,72.28,71.6554134040176,72.89602946932239,0.0,24.855,2.865000000000001,2.63414731930154,3.097268682242491,4.910901855464024,22.455,21.882003220615708,23.038576045715093,77.545,76.9614239542849,78.11799677938428,0.0,20.035,2.42,2.2076324685418682,2.634550023190495,5.089816674347607,15.0,,
primaer,2019-05-06 til 2026-09-10,15m,RTH,2,0.75,47868,0.2567541027636573,0.47689082433182034,0.2969741450429296,112.21951569491168,208.43467259070874,129.79848957391323,2.6266577352938434,20.843467259070877,11.484617343020552,21.10613303260026,0.02023642758799673,34.00788091959989,34.11354751712256,basis,relativ,be+3,37.00788091959989,2.9999999999999973,39.095,38.42088576431873,39.77330254206492,60.905,60.226697457935074,61.579114235681274,0.0,24.905,14.190000000000003,13.705824603934516,14.674038881591448,23.2726409838588,32.04,31.396797146164463,32.69010078897082,67.96,67.30989921102918,68.60320285383553,0.0,20.15,11.89,11.441623159409982,12.33994337688929,23.512915095389374,42.83,42.145651243681776,43.51710255336277,57.17,56.48289744663724,57.85434875631823,0.0,24.855,17.975,17.442027881431034,18.506858406808878,28.59209310604996,35.025,34.36679011421702,35.68896136566332,64.975,64.3110386343367,65.63320988578299,0.0,20.035,14.99,14.495384215141701,15.485481366173973,28.611944089223947,15.0,,
primaer,2019-05-06 til 2026-09-10,15m,RTH,2,0.75,47868,0.2567541027636573,0.47689082433182034,0.2969741450429296,112.21951569491168,208.43467259070874,129.79848957391323,2.6266577352938434,20.843467259070877,11.484617343020552,21.10613303260026,0.02023642758799673,34.00788091959989,34.11354751712256,basis,relativ,be+6,40.00788091959989,6.0,54.3,53.60885542335849,54.98949306655903,45.695,45.005513876943894,46.38613955349917,0.005,24.905,29.395000000000003,28.761004566208847,30.02443200143755,46.652379126569215,45.385,44.69595806277166,46.075814430026185,54.61,53.91918011215211,55.299049315410606,0.005,20.15,25.234999999999996,24.631524807915856,25.83625276681128,46.94736170729032,57.91,57.22431937903835,58.592642610554066,42.09,41.40735738944592,42.77568062096165,0.0,24.855,33.05499999999999,32.40016566348817,33.70411057743666,51.91494854412098,48.775,48.08255781455615,49.46791267378131,51.225,50.53208732621869,51.91744218544384,0.0,20.035,28.74,28.111081626755958,29.365564669399774,52.12842665117559,15.0,,
primaer,2019-05-06 til 2026-09-10,15m,RTH,2,0.75,47868,0.2567541027636573,0.47689082433182034,0.2969741450429296,112.21951569491168,208.43467259070874,129.79848957391323,2.6266577352938434,20.843467259070877,11.484617343020552,21.10613303260026,0.02023642758799673,34.00788091959989,34.11354751712256,basis,relativ,be+11,45.00788091959989,10.999999999999998,75.395,74.7932407488772,75.98700573983325,24.605,24.01299426016675,25.206759251122797,0.0,24.905,50.49,49.7914392897922,51.17732760001347,86.41809870902952,66.63,65.97336061805736,67.2802522627166,33.37,32.71974773728339,34.026639381942644,0.0,20.15,46.48,45.78394991663256,47.166469504233056,86.76387332263414,77.785,77.20358652348853,78.35574203287375,22.215,21.64425796712626,22.796413476511464,0.0,24.855,52.93000000000001,52.232240541412644,53.61582093427769,91.52409696925595,69.325,68.68223728781541,69.96034051861615,30.675,30.039659481383858,31.31776271218459,0.0,20.035,49.29,48.59181577186249,49.97763598530383,91.82589484917955,13.0,,
primaer,2019-05-06 til 2026-09-10,15m,RTH,2,0.5,47868,0.2567541027636573,0.47689082433182034,0.2969741450429296,74.81301046327445,138.95644839380583,86.53232638260884,2.6266577352938434,13.895644839380582,7.74396681985683,14.158310612909967,0.030354641381995083,34.34515471273317,34.50365460901718,basis,absolut,34,34.0,-0.34515471273316445,23.78,23.195041174913154,24.375029195868972,76.195,75.59976242873351,76.78017680228717,0.025,25.835,-2.0550000000000015,-2.252811625549931,-1.8586470236141437,-1.9801378417241677,20.34,19.787855787307855,20.90353579154027,79.65,79.08636407061694,80.20224819125605,0.01,22.145,-1.805000000000001,-1.9910438559348078,-1.620888259164541,-1.982153071239385,29.815,29.184949513960035,30.452802981624917,70.165,69.52707866169044,70.79517652416686,0.02,25.78,4.0350000000000055,3.7626579976580734,4.308654432215355,3.2626769674827836,25.675,25.07429276200903,26.285049792120454,74.32,73.70991259920461,74.92074676702643,0.005,22.12,3.554999999999997,3.29899923952987,3.812952927500325,3.297826705707683,28.0,,
primaer,2019-05-06 til 2026-09-10,15m,RTH,2,0.5,47868,0.2567541027636573,0.47689082433182034,0.2969741450429296,74.81301046327445,138.95644839380583,86.53232638260884,2.6266577352938434,13.895644839380582,7.74396681985683,14.158310612909967,0.030354641381995083,34.34515471273317,34.50365460901718,basis,absolut,37,37.0,2.6548452872668324,42.77,42.0857837339919,43.456993107379375,57.23,56.54300689262064,57.9142162660081,0.0,25.835,16.935,16.41461109021224,17.454364767466185,13.58492221915621,37.32,36.65219621528327,37.99267381909954,62.68,62.00732618090047,63.347803784716724,0.0,22.145,15.174999999999997,14.677785198212353,15.672469213184293,13.694829947301352,49.75,49.05717129536799,50.44292472266005,50.245,49.55207589460362,50.93783000772887,0.005,25.78,23.970000000000002,23.37679780731993,24.560177100345967,18.69776636546772,43.8,43.11365175784691,44.48872948924878,56.2,55.51127051075121,56.8863482421531,0.0,22.12,21.68,21.1080554728315,22.250359767332956,18.79499159039449,28.0,,
primaer,2019-05-06 til 2026-09-10,15m,RTH,2,0.5,47868,0.2567541027636573,0.47689082433182034,0.2969741450429296,74.81301046327445,138.95644839380583,86.53232638260884,2.6266577352938434,13.895644839380582,7.74396681985683,14.158310612909967,0.030354641381995083,34.34515471273317,34.50365460901718,basis,absolut,40,40.0,5.654845287266835,62.115,61.44043111492958,62.784915851431,37.87,37.200138965734084,38.54451982898701,0.015,25.835,36.279999999999994,35.61018625811097,36.94293750884287,28.70781465208164,55.655,54.965473629284475,56.34235444292097,44.34,43.65265440640675,45.02951944174837,0.005,22.145,33.51,32.85307067803353,34.16150122248691,28.991950656816844,68.73,68.08395911905947,69.36884721027884,31.27,30.631152789721156,31.916040880940518,0.0,25.78,42.95,42.25946700055791,43.63156504527315,34.19114155143221,62.005,61.330073455315,62.67531575897791,37.995,37.324684241022084,38.66992654468499,0.0,22.12,39.885,39.2025553798972,40.55985522678311,34.231967889947256,26.0,,
primaer,2019-05-06 til 2026-09-10,15m,RTH,2,0.5,47868,0.2567541027636573,0.47689082433182034,0.2969741450429296,74.81301046327445,138.95644839380583,86.53232638260884,2.6266577352938434,13.895644839380582,7.74396681985683,14.158310612909967,0.030354641381995083,34.34515471273317,34.50365460901718,basis,absolut,45,45.0,10.654845287266834,85.745,85.25360308671223,86.22266825563685,14.255,13.77733174436315,14.746396913287771,0.0,25.835,59.91,59.22397661123493,60.58248238684092,55.16734900702675,80.35,79.79350358678455,80.89483982460989,19.65,19.10516017539011,20.206496413215437,0.0,22.145,58.205,57.51463477095684,58.881827869323104,55.18309258092043,88.835,88.3910503641682,89.26403419535414,11.165,10.735965804645843,11.608949635831802,0.0,25.78,63.05499999999999,62.37898834577613,63.71693902406682,60.418986115311476,84.175,83.66262255747617,84.67425177808909,15.825,15.325748221910922,16.337377442523827,0.0,22.12,62.05499999999999,61.3751520155978,62.72027042652352,60.4984458860199,22.0,,
primaer,2019-05-06 til 2026-09-10,15m,RTH,2,0.5,47868,0.2567541027636573,0.47689082433182034,0.2969741450429296,74.81301046327445,138.95644839380583,86.53232638260884,2.6266577352938434,13.895644839380582,7.74396681985683,14.158310612909967,0.030354641381995083,34.34515471273317,34.50365460901718,basis,relativ,be,34.34515471273317,0.0,25.835,25.233032973931586,26.44624812865996,74.155,73.54367732698145,74.75704541114816,0.01,25.835,0.0,-0.013496551165648586,0.013496551165648586,-0.12618200329694473,22.145,21.574920818627884,22.7257775100577,77.85,77.26917698524773,78.42012660642725,0.005,22.145,0.0,-0.014507662276089787,0.014507662276089787,-0.15313128443186533,31.895,31.252601799483383,32.544351826108176,68.08,67.43051852991022,68.72253744630103,0.025,25.78,6.115000000000004,5.7830252277319225,6.448164540163101,4.995566287432597,27.505,26.890503439467377,28.128136262696774,72.495,71.87186373730322,73.10949656053262,0.0,22.12,5.385000000000001,5.072584003446763,5.699394252143776,5.023987950897989,28.0,,
primaer,2019-05-06 til 2026-09-10,15m,RTH,2,0.5,47868,0.2567541027636573,0.47689082433182034,0.2969741450429296,74.81301046327445,138.95644839380583,86.53232638260884,2.6266577352938434,13.895644839380582,7.74396681985683,14.158310612909967,0.030354641381995083,34.34515471273317,34.50365460901718,basis,relativ,be+3,37.34515471273316,2.9999999999999973,45.13,44.4413436589811,45.820526772205355,54.86,54.16946160293674,55.54867180659792,0.01,25.835,19.294999999999995,18.747201522248545,19.841127432865488,15.351361532413053,39.47,38.794673559856015,40.14937071948555,60.525,59.84561532039263,61.20034232062637,0.005,22.145,17.325,16.80023216963514,17.849446946918256,15.516785295020025,52.14,51.4473384662242,52.83183961945566,47.85,47.15816825019581,48.54265750484543,0.01,25.78,26.36,25.7474760825791,26.96877175627026,20.495644049974246,46.0,45.31010313612755,46.69143315232128,53.995,53.30356225152113,54.6849033803906,0.005,22.12,23.880000000000003,23.287926917323983,24.46980768096914,20.56535703233298,27.5,,
primaer,2019-05-06 til 2026-09-10,15m,RTH,2,0.5,47868,0.2567541027636573,0.47689082433182034,0.2969741450429296,74.81301046327445,138.95644839380583,86.53232638260884,2.6266577352938434,13.895644839380582,7.74396681985683,14.158310612909967,0.030354641381995083,34.34515471273317,34.50365460901718,basis,relativ,be+6,40.34515471273317,6.0,64.405,63.73872069287507,65.06574674834854,35.59,34.9292750574783,36.25625942165864,0.005,25.835,38.57,37.89157623564871,39.2408232786719,30.6024061163141,57.82,57.13413804416362,58.50285851191891,42.18,41.49714148808109,42.865861955836394,0.0,22.145,35.675000000000004,35.007986031668786,36.33585327001752,30.847372657968126,70.84,70.20615368470085,71.4658422524807,29.16,28.534157747519302,29.79384631529915,0.0,25.78,45.06,44.3656094974905,45.74477383895112,36.11584324774362,64.07,63.40240630049505,64.73218980488618,35.93,35.26781019511384,36.59759369950495,0.0,22.12,41.95,41.26191724035229,42.62979033161355,36.13831482195251,26.0,,
primaer,2019-05-06 til 2026-09-10,15m,RTH,2,0.5,47868,0.2567541027636573,0.47689082433182034,0.2969741450429296,74.81301046327445,138.95644839380583,86.53232638260884,2.6266577352938434,13.895644839380582,7.74396681985683,14.158310612909967,0.030354641381995083,34.34515471273317,34.50365460901718,basis,relativ,be+11,45.34515471273316,10.999999999999998,86.68,86.20203134103602,87.14388089388817,13.32,12.856119106111837,13.797968658963997,0.0,25.835,60.84499999999999,60.16163582578081,61.514649569881016,56.910287993294865,81.535,80.99121246057864,82.06667582536284,18.465,17.933324174637168,19.00878753942135,0.0,22.145,59.39,58.70240030646461,60.06372794326399,56.9452056005811,89.59,89.15912816652784,90.00566641854981,10.41,9.994333581450196,10.840871833472168,0.0,25.78,63.81000000000001,63.13685707875871,64.46897817890263,62.192759458631244,85.13,84.63016077036936,85.61634677632873,14.87,14.383653223671267,15.369839229630639,0.0,22.12,63.00999999999999,62.333459664850025,63.67173059977432,62.29368461948186,21.0,,
primaer,2019-05-06 til 2026-09-10,15m,RTH,3,1.0,47868,0.2567541027636573,0.47689082433182034,0.2969741450429296,149.6260209265489,277.91289678761166,173.0646527652177,2.6266577352938434,41.686934518141754,22.83790179927641,42.08093317843583,0.015177320690997542,33.83924402303325,33.91849397117526,basis,absolut,34,34.0,0.1607559769667477,20.825,20.267873445557246,21.393331858316454,79.17,78.60161933682312,79.72717727966374,0.005,20.425,0.40000000000000036,0.3106863863695469,0.4903060161639274,2.897472301371399,13.87,13.397919632437972,14.355956892976145,86.13,85.64404310702385,86.60208036756202,0.0,13.57,0.30000000000000027,0.2231019081174941,0.37845134872585584,3.2798736062216833,22.21,21.639305235218664,22.791368128779627,77.785,77.20358652348853,78.35574203287375,0.005,20.285,1.924999999999999,1.7325028028570708,2.1194517297223423,10.433029330316543,14.875,14.388583878993039,15.374906653948306,85.125,84.62509334605168,85.61141612100695,0.0,13.58,1.294999999999999,1.1365046412205984,1.4564866867700637,11.097144825720948,7.0,,
primaer,2019-05-06 til 2026-09-10,15m,RTH,3,1.0,47868,0.2567541027636573,0.47689082433182034,0.2969741450429296,149.6260209265489,277.91289678761166,173.0646527652177,2.6266577352938434,41.686934518141754,22.83790179927641,42.08093317843583,0.015177320690997542,33.83924402303325,33.91849397117526,basis,absolut,37,37.0,3.160755976966745,29.96,29.32903901142826,30.59865779370041,70.04,69.4013422062996,70.67096098857174,0.0,20.425,9.534999999999998,9.126383931568892,9.945535122734356,49.16267141413753,20.26,19.70868952986833,20.82273277474877,79.74,79.17726722525124,80.29131047013166,0.0,13.57,6.690000000000001,6.34346053011606,7.04106635429909,50.26902488612742,31.64,30.99903434367432,32.288017220305846,68.36,67.71198277969415,69.00096565632569,0.0,20.285,11.355,10.91311691694913,11.798492260455363,56.960707897400155,21.56,20.9955538342166,22.135369176654628,78.44,77.86463082334537,79.0044461657834,0.0,13.58,7.980000000000001,7.604085864466099,8.360359179223012,57.53062025946403,7.0,,
primaer,2019-05-06 til 2026-09-10,15m,RTH,3,1.0,47868,0.2567541027636573,0.47689082433182034,0.2969741450429296,149.6260209265489,277.91289678761166,173.0646527652177,2.6266577352938434,41.686934518141754,22.83790179927641,42.08093317843583,0.015177320690997542,33.83924402303325,33.91849397117526,basis,absolut,40,40.0,6.1607559769667475,40.045,39.3678957891564,40.72592764872064,59.955,59.27407235127936,60.63210421084361,0.0,20.425,19.619999999999997,19.067169234117824,20.172268489264436,96.11220375920173,27.375,26.76143902933935,27.997250602199387,72.625,72.00274939780061,73.23856097066064,0.0,13.57,13.805,13.326037548316444,14.287349090470041,97.03539479676525,42.03,41.34750261882879,42.71555843590552,57.97,57.28444156409448,58.65249738117121,0.0,20.285,21.745,21.17062546431526,22.31820490661541,104.92680618858138,28.975,28.35037486353409,29.607700252625115,71.025,70.39229974737489,71.64962513646591,0.0,13.58,15.395,14.894044112188642,15.89893162605645,104.83644247949246,7.0,,
primaer,2019-05-06 til 2026-09-10,15m,RTH,3,1.0,47868,0.2567541027636573,0.47689082433182034,0.2969741450429296,149.6260209265489,277.91289678761166,173.0646527652177,2.6266577352938434,41.686934518141754,22.83790179927641,42.08093317843583,0.015177320690997542,33.83924402303325,33.91849397117526,basis,absolut,45,45.0,11.160755976966746,56.405,55.71659203999242,57.09094797812888,43.595,42.90905202187112,44.28340796000758,0.0,20.425,35.980000000000004,35.310827305245276,36.64322074528506,174.18490026430646,40.655,39.9761162100018,41.3374729438868,59.345,58.6625270561132,60.0238837899982,0.0,13.57,27.085000000000004,26.467548708257084,27.70168717369485,175.6657486884927,58.28,57.59508938432367,58.96173049858724,41.72,41.03826950141276,42.404910615676336,0.0,20.285,37.995000000000005,37.31826060462909,38.66511430488397,183.0730322530897,42.475,41.79145013207575,43.161440010568626,57.525,56.83855998943137,58.208549867924255,0.0,13.58,28.895000000000003,28.264794732439714,29.523783660983945,183.8262001468957,7.0,,
primaer,2019-05-06 til 2026-09-10,15m,RTH,3,1.0,47868,0.2567541027636573,0.47689082433182034,0.2969741450429296,149.6260209265489,277.91289678761166,173.0646527652177,2.6266577352938434,41.686934518141754,22.83790179927641,42.08093317843583,0.015177320690997542,33.83924402303325,33.91849397117526,basis,relativ,be,33.83924402303325,0.0,20.425,19.871973659137314,20.989385273581266,79.57,79.00556487598048,80.12307811166147,0.005,20.425,0.0,-0.015001445948894897,0.015001445948894897,0.6334703065421521,13.57,13.102359791843874,14.051631955203906,86.43,85.94836804479608,86.89764020815612,0.0,13.57,0.0,-0.017081774307764624,0.017081774307762643,0.942673749600424,21.765,21.19856072811425,22.342283547973977,78.23,77.6526700196729,78.79648762459944,0.005,20.285,1.4800000000000009,1.3106313269602825,1.6511475280519727,8.154504223404698,14.585,14.10263789238822,15.08096402146567,85.415,84.91903597853432,85.89736210761177,0.0,13.58,1.0050000000000003,0.8643599074510147,1.1483191635819285,8.880729070643733,7.0,,
primaer,2019-05-06 til 2026-09-10,15m,RTH,3,1.0,47868,0.2567541027636573,0.47689082433182034,0.2969741450429296,149.6260209265489,277.91289678761166,173.0646527652177,2.6266577352938434,41.686934518141754,22.83790179927641,42.08093317843583,0.015177320690997542,33.83924402303325,33.91849397117526,basis,relativ,be+3,36.83924402303326,3.0000000000000027,29.39,28.76266217477785,30.025253551454778,70.61,69.9747464485452,71.23733782522214,0.0,20.425,8.965,8.567708907601174,9.364304493361587,46.29887102420305,19.885,19.337643449021577,20.4439228826376,80.115,79.5560771173624,80.66235655097843,0.0,13.57,6.315000000000001,5.977844367471722,6.656692215061775,47.574121695263734,31.065,30.427346982725407,31.70992542271927,68.935,68.29007457728072,69.57265301727459,0.0,20.285,10.779999999999998,10.348438681983312,11.213290846165123,54.32768490461198,21.19,20.62920426960053,21.761860847952214,78.81,78.23813915204778,79.37079573039946,0.0,13.58,7.61,7.2426383476265315,7.981847312106673,55.15720648958431,7.0,,
primaer,2019-05-06 til 2026-09-10,15m,RTH,3,1.0,47868,0.2567541027636573,0.47689082433182034,0.2969741450429296,149.6260209265489,277.91289678761166,173.0646527652177,2.6266577352938434,41.686934518141754,22.83790179927641,42.08093317843583,0.015177320690997542,33.83924402303325,33.91849397117526,basis,relativ,be+6,39.83924402303325,6.0,39.605,38.9292473879833,40.28474504162312,60.395,59.715254958376875,61.0707526120167,0.0,20.425,19.180000000000003,18.631932565600994,19.727635061182696,94.05192235806395,27.045,26.43384371138302,27.664972663952746,72.955,72.33502733604726,73.56615628861698,0.0,13.57,13.475000000000003,13.000486431963724,13.952971518063368,94.88103983959027,41.56,40.878676168991596,42.244565399635455,58.44,57.75543460036454,59.12132383100841,0.0,20.285,21.275000000000002,20.705196172634093,21.843779190468727,102.73542777266655,28.615,27.99277976615615,29.245433615963446,71.385,70.75456638403655,72.00722023384384,0.0,13.58,15.035000000000002,14.538900139110533,15.53417190679936,102.74312601464827,7.0,,
primaer,2019-05-06 til 2026-09-10,15m,RTH,3,1.0,47868,0.2567541027636573,0.47689082433182034,0.2969741450429296,149.6260209265489,277.91289678761166,173.0646527652177,2.6266577352938434,41.686934518141754,22.83790179927641,42.08093317843583,0.015177320690997542,33.83924402303325,33.91849397117526,basis,relativ,be+11,44.83924402303325,10.999999999999998,55.995,55.305960900518144,56.68173658716914,44.005,43.318263412830845,44.69403909948184,0.0,20.425,35.56999999999999,34.90258190222612,36.231609150254144,171.69299322525472,40.235,39.557329784439965,40.91642067973575,59.765,59.083579320264235,60.442670215560035,0.0,13.57,26.665,26.050652536385478,27.27873246896282,173.0151458231341,57.84,57.154178139420964,58.52281073521932,42.16,41.47718926478067,42.84582186057904,0.0,20.285,37.55500000000001,36.879873351451295,38.22365611680919,180.44137724832527,42.05,41.36745409386239,42.735599279429664,57.95,57.26440072057033,58.6325459061376,0.0,13.58,28.469999999999995,27.842640830294375,29.096091243070966,181.2041842176448,7.0,,
primaer,2019-05-06 til 2026-09-10,15m,RTH,3,0.75,47868,0.2567541027636573,0.47689082433182034,0.2969741450429296,112.21951569491168,208.43467259070874,129.79848957391323,2.6266577352938434,31.265200888606312,17.22692601453083,31.659199548900386,0.02023642758799673,34.00788091959989,34.11354751712256,basis,absolut,34,34.0,-0.00788091959988968,22.63,22.055376460874378,23.215135592836784,77.36,76.77477572858888,77.93471605842107,0.01,22.65,-0.020000000000000573,-0.04437700663109715,0.004220512986180847,0.0649095442476803,16.36,15.853805875168625,16.879114310686088,83.64,83.12088568931391,84.14619412483137,0.0,16.37,-0.010000000000001674,-0.031404875763922084,0.011252392904664048,-0.018883141897120228,25.06,24.46423466883546,25.665344089643042,74.94,74.33465591035696,75.53576533116454,0.0,22.79,2.2699999999999996,2.0620926814707263,2.4795434325667927,8.132223643053642,18.19,17.661495946779077,18.7307213871103,81.81,81.26927861288969,82.33850405322093,0.0,16.515,1.6750000000000016,1.4961463457996511,1.8564502852514537,8.226690149299715,9.0,,
primaer,2019-05-06 til 2026-09-10,15m,RTH,3,0.75,47868,0.2567541027636573,0.47689082433182034,0.2969741450429296,112.21951569491168,208.43467259070874,129.79848957391323,2.6266577352938434,31.265200888606312,17.22692601453083,31.659199548900386,0.02023642758799673,34.00788091959989,34.11354751712256,basis,absolut,37,37.0,2.9921190804001077,33.915,33.26202889838588,34.57414890153901,66.08,65.42082852595068,66.732995594485,0.005,22.65,11.265,10.82588373135525,11.705147064136078,36.351472654742615,24.72,24.127035624779946,25.3226737182167,75.28,74.67732628178331,75.87296437522005,0.0,16.37,8.35,7.966791529051933,8.736570898458925,35.20197683608696,36.575,35.910130701584244,37.24502546652217,63.42,62.74995618822843,64.08488956402572,0.005,22.79,13.785000000000004,13.305911377769656,14.264515918629748,43.94387821862063,26.96,26.34947004959222,27.579378971873087,73.04,72.42062102812693,73.65052995040779,0.0,16.515,10.445000000000002,10.021064483189416,10.871928183965425,43.41371431775659,9.0,,
primaer,2019-05-06 til 2026-09-10,15m,RTH,3,0.75,47868,0.2567541027636573,0.47689082433182034,0.2969741450429296,112.21951569491168,208.43467259070874,129.79848957391323,2.6266577352938434,31.265200888606312,17.22692601453083,31.659199548900386,0.02023642758799673,34.00788091959989,34.11354751712256,basis,absolut,40,40.0,5.99211908040011,45.705,45.01549999694316,46.39614959277878,54.295,53.60385040722123,54.984500003056844,0.0,22.65,23.055,22.469326024997354,23.63853541687116,71.33459235168831,34.22,33.565549734512324,34.88051092341834,65.78,65.11948907658166,66.43445026548768,0.0,16.37,17.849999999999998,17.31906437342093,18.382172557053178,70.9584129562106,48.65,47.957626429817736,49.342892067533754,51.35,50.657107932466246,52.042373570182264,0.0,22.79,25.86,25.250636182002275,26.466312360535404,79.57342708737636,36.845,36.17904743161197,37.516005037024144,63.155,62.483994962975856,63.82095256838802,0.0,16.515,20.330000000000002,19.77114339981665,20.88928401962466,79.22857688569411,9.0,,
primaer,2019-05-06 til 2026-09-10,15m,RTH,3,0.75,47868,0.2567541027636573,0.47689082433182034,0.2969741450429296,112.21951569491168,208.43467259070874,129.79848957391323,2.6266577352938434,31.265200888606312,17.22692601453083,31.659199548900386,0.02023642758799673,34.00788091959989,34.11354751712256,basis,absolut,45,45.0,10.992119080400109,63.665,62.9958642321149,64.32888742247178,36.335,35.67111257752823,37.004135767885124,0.0,22.65,41.015,40.32871339590863,41.69323134202107,129.7605439186404,50.255,49.56207466700404,50.947827394607344,49.745,49.052172605392656,50.43792533299596,0.0,16.37,33.885000000000005,33.22615454899476,34.53966881723409,129.4477931818668,66.225,65.56648644524546,66.87728198473394,33.775,33.12271801526606,34.43351355475453,0.0,22.79,43.435,42.74302304421648,44.11809271808382,137.75123144586647,52.915,52.22273313813339,53.60614729165951,47.085,46.39385270834049,47.77726686186659,0.0,16.515,36.4,35.729692977003324,37.065162582544225,137.20635867342222,9.0,,
primaer,2019-05-06 til 2026-09-10,15m,RTH,3,0.75,47868,0.2567541027636573,0.47689082433182034,0.2969741450429296,112.21951569491168,208.43467259070874,129.79848957391323,2.6266577352938434,31.265200888606312,17.22692601453083,31.659199548900386,0.02023642758799673,34.00788091959989,34.11354751712256,basis,relativ,be,34.00788091959989,0.0,22.65,22.075191469533834,23.23531290273509,77.34,76.75459851316919,77.914900955283,0.01,22.65,0.0,-0.01436523110904998,0.01436523110904998,0.141688797802058,16.37,15.863678000531031,16.889238344602568,83.63,83.11076165539744,84.13632199946896,0.0,16.37,0.0,-0.01621264937209414,0.01621264937209414,0.03376007548387728,25.085,24.489030666021012,25.690538490654685,74.915,74.30946150934533,75.51096933397898,0.0,22.79,2.2950000000000026,2.086461246106782,2.505184607583262,8.22054107374943,18.195,17.666437873407876,18.735777540120935,81.805,81.26422245987906,82.33356212659211,0.0,16.515,1.680000000000001,1.5008905343126584,1.861709047528735,8.288193073280736,9.0,,
primaer,2019-05-06 til 2026-09-10,15m,RTH,3,0.75,47868,0.2567541027636573,0.47689082433182034,0.2969741450429296,112.21951569491168,208.43467259070874,129.79848957391323,2.6266577352938434,31.265200888606312,17.22692601453083,31.659199548900386,0.02023642758799673,34.00788091959989,34.11354751712256,basis,relativ,be+3,37.00788091959989,2.9999999999999973,33.945,33.29188206354156,34.60428421421996,66.05,65.39069326221596,66.70314238038308,0.005,22.65,11.294999999999996,10.855373622684066,11.735650966177943,36.44395532385258,24.735,24.141911006601504,25.337792575313458,75.265,74.66220742468654,75.8580889933985,0.0,16.37,8.364999999999997,7.981479206919229,8.751881464264782,35.258824295538346,36.6,35.93502945102271,37.2701171152809,63.395,62.72486457821047,64.0599907758465,0.005,22.79,13.81,13.330545942805358,14.289875309381351,44.026898599188335,26.97,26.3593962142727,27.589448966471476,73.03,72.41055103352852,73.6406037857273,0.0,16.515,10.455,10.030885144195894,10.882105726026827,43.46620094533138,9.0,,
primaer,2019-05-06 til 2026-09-10,15m,RTH,3,0.75,47868,0.2567541027636573,0.47689082433182034,0.2969741450429296,112.21951569491168,208.43467259070874,129.79848957391323,2.6266577352938434,31.265200888606312,17.22692601453083,31.659199548900386,0.02023642758799673,34.00788091959989,34.11354751712256,basis,relativ,be+6,40.00788091959989,6.0,45.745,45.05544475712161,46.43618946971584,54.255,53.56381053028416,54.94455524287838,0.0,22.65,23.095000000000002,22.508966230706744,23.67888285496921,71.43686302131314,34.26,33.605357987801874,34.92068730724431,65.74,65.07931269275569,66.39464201219812,0.0,16.37,17.89,17.358594535214834,18.4226307027825,71.10508041027693,48.68,47.987609566886334,49.37289740830179,51.32,50.62710259169821,52.012390433113666,0.0,22.79,25.89,25.280402825632798,26.496536160511713,79.64870338003792,36.89,36.22386907643597,37.5611661089551,63.11,62.4388338910449,63.77613092356405,0.0,16.515,20.375,19.815678420458944,20.934734977976284,79.37220546587308,9.0,,
primaer,2019-05-06 til 2026-09-10,15m,RTH,3,0.75,47868,0.2567541027636573,0.47689082433182034,0.2969741450429296,112.21951569491168,208.43467259070874,129.79848957391323,2.6266577352938434,31.265200888606312,17.22692601453083,31.659199548900386,0.02023642758799673,34.00788091959989,34.11354751712256,basis,relativ,be+11,45.00788091959989,10.999999999999998,63.685,63.015939182039894,64.34880479110451,36.315,35.65119520889547,36.984060817960106,0.0,22.65,41.035,40.34865950357105,41.71327849749071,129.81570348634298,50.26,49.56707406359593,50.95282607765489,49.74,49.0471739223451,50.43292593640406,0.0,16.37,33.89,33.23113008558998,34.54469145599602,129.48788532886007,66.25,65.59160057477418,66.90215825340242,33.75,33.09784174659758,34.40839942522583,0.0,22.79,43.46,42.76797311019596,44.143134305254236,137.82986460308237,52.93,52.23774242580406,53.621132242907166,47.07,46.37886775709284,47.762257574195935,0.0,16.515,36.415,35.74463158955243,37.080218439525716,137.25894427522056,9.0,,
primaer,2019-05-06 til 2026-09-10,15m,RTH,3,0.5,47868,0.2567541027636573,0.47689082433182034,0.2969741450429296,74.81301046327445,138.95644839380583,86.53232638260884,2.6266577352938434,20.843467259070877,11.615950229785245,21.23746591936495,0.030354641381995083,34.34515471273317,34.50365460901718,basis,absolut,34,34.0,-0.34515471273316445,23.31,22.729191696565227,23.901059188109635,76.675,76.08381255700264,77.25594231940418,0.015,24.915,-1.6050000000000009,-1.7809544463533242,-1.4304494357621453,-2.982507055792363,18.79,18.254633460189147,19.337353430432902,81.21,80.6626465695671,81.74536653981086,0.0,20.06,-1.269999999999999,-1.4275022117173477,-1.1144285575298623,-2.9319375262714886,27.705,27.089076897029635,28.329485990712072,72.295,71.67051400928793,72.91092310297036,0.0,24.855,2.8500000000000023,2.6197337038020643,3.081680939907904,4.888198445126881,22.45,21.877049913381047,23.033531273310317,77.55,76.96646872668967,78.12295008661894,0.0,20.035,2.4150000000000005,2.2028458966521876,2.629335275335765,5.051892376261672,15.0,,
primaer,2019-05-06 til 2026-09-10,15m,RTH,3,0.5,47868,0.2567541027636573,0.47689082433182034,0.2969741450429296,74.81301046327445,138.95644839380583,86.53232638260884,2.6266577352938434,20.843467259070877,11.615950229785245,21.23746591936495,0.030354641381995083,34.34515471273317,34.50365460901718,basis,absolut,37,37.0,2.6548452872668324,37.31,36.64223447456655,37.98263940053739,62.69,62.01736059946261,63.357765525433464,0.0,24.915,12.394999999999998,11.93791354308069,12.852369861011548,20.658520097871143,30.45,29.816018015876462,31.091490593917232,69.55,68.90850940608277,70.18398198412355,0.0,20.06,10.389999999999999,9.967434286382137,10.814459451170658,20.872486905570064,42.805,42.12070632287765,43.4920570759697,57.195,56.507942924030296,57.87929367712235,0.0,24.855,17.95,17.417320248033157,18.481572931811947,28.554656752663103,35.015,34.35683554244139,35.678919778160065,64.985,64.32108022183994,65.64316445755863,0.0,20.035,14.980000000000002,14.485521320099043,15.475346836966972,28.573139590002885,15.0,,
primaer,2019-05-06 til 2026-09-10,15m,RTH,3,0.5,47868,0.2567541027636573,0.47689082433182034,0.2969741450429296,74.81301046327445,138.95644839380583,86.53232638260884,2.6266577352938434,20.843467259070877,11.615950229785245,21.23746591936495,0.030354641381995083,34.34515471273317,34.50365460901718,basis,absolut,40,40.0,5.654845287266835,52.485,51.79249352647021,53.17655205433095,47.505,46.8134567744129,48.197501485507054,0.01,24.915,27.570000000000007,26.94849901604673,28.18751395455904,44.022980958376685,43.8,43.11365175784691,44.48872948924878,56.195,55.50626281754853,56.88135785571631,0.005,20.06,23.74,23.14922433827195,24.329062663361913,44.33866185400575,57.855,57.169208286368644,58.537774827189956,42.145,41.462225172810044,42.83079171363136,0.0,24.855,33.0,32.34544951395705,33.648844438699996,51.82769288714567,48.73,48.03758201677654,49.42290575480596,51.27,50.57709424519404,51.96241798322346,0.0,20.035,28.695000000000004,28.06638245732606,29.32027904168722,52.057459411667075,15.0,,
primaer,2019-05-06 til 2026-09-10,15m,RTH,3,0.5,47868,0.2567541027636573,0.47689082433182034,0.2969741450429296,74.81301046327445,138.95644839380583,86.53232638260884,2.6266577352938434,20.843467259070877,11.615950229785245,21.23746591936495,0.030354641381995083,34.34515471273317,34.50365460901718,basis,absolut,45,45.0,10.654845287266834,74.125,73.51345394152031,74.72728031877263,25.875,25.27271968122736,26.48654605847969,0.0,24.915,49.21,48.51168427446558,49.897463206404105,83.77327267361622,65.27,64.60727890455665,65.9268563142899,34.73,34.073143685710086,35.39272109544334,0.0,20.06,45.209999999999994,44.51564785475893,45.89523223848897,84.19309178843602,77.775,77.19349586418292,78.34583653290048,22.225,21.654163467099522,22.80650413581709,0.0,24.855,52.92000000000001,52.22223384840239,53.60583045037399,91.4706575914086,69.31,68.6671531169013,69.94543045061195,30.69,30.05456954938806,31.332846883098703,0.0,20.035,49.275000000000006,48.57682137512662,49.96263560850413,91.77472169590432,13.0,,
primaer,2019-05-06 til 2026-09-10,15m,RTH,3,0.5,47868,0.2567541027636573,0.47689082433182034,0.2969741450429296,74.81301046327445,138.95644839380583,86.53232638260884,2.6266577352938434,20.843467259070877,11.615950229785245,21.23746591936495,0.030354641381995083,34.34515471273317,34.50365460901718,basis,relativ,be,34.34515471273317,0.0,24.915,24.320423138620022,25.519211310314745,75.08,74.47574947881506,75.67461799261075,0.005,24.915,0.0,-0.013741929789110739,0.01374192978911567,0.02748659487513154,20.06,19.510788853096113,20.62071026594343,79.94,79.37928973405657,80.48921114690388,0.0,20.06,0.0,-0.015107871019367461,0.01510787101937307,-0.032998610038089585,29.375,28.747759119908455,30.01016236740587,70.625,69.98983763259415,71.25224088009155,0.0,24.855,4.520000000000001,4.231879423557104,4.809576286256483,7.705511584688937,23.815,23.229736085309423,24.41032084294877,76.185,75.58967915705124,76.77026391469057,0.0,20.035,3.7800000000000002,3.515798922492978,4.0466102575847565,7.953185035151483,15.0,,
primaer,2019-05-06 til 2026-09-10,15m,RTH,3,0.5,47868,0.2567541027636573,0.47689082433182034,0.2969741450429296,74.81301046327445,138.95644839380583,86.53232638260884,2.6266577352938434,20.843467259070877,11.615950229785245,21.23746591936495,0.030354641381995083,34.34515471273317,34.50365460901718,basis,relativ,be+3,37.34515471273316,2.9999999999999973,39.09,38.4159022097773,39.76828801696691,60.91,60.23171198303309,61.5840977902227,0.0,24.915,14.175,13.69123800063616,14.658628966818465,23.515654188549895,31.975,31.332156964977038,32.62476593484553,68.025,67.37523406515447,68.66784303502295,0.0,20.06,11.914999999999997,11.466440797047781,12.36514892521464,23.719616596486155,44.515,43.82734888059322,45.20475775494225,55.485,54.79524224505775,56.17265111940678,0.0,24.855,19.66,19.10834359202911,20.210071135557534,31.195693661089557,36.525,35.86033378405406,37.194841587657955,63.475,62.805158412342045,64.13966621594594,0.0,20.035,16.490000000000002,15.97582817221892,17.00464160484416,31.34317997832332,15.0,,
primaer,2019-05-06 til 2026-09-10,15m,RTH,3,0.5,47868,0.2567541027636573,0.47689082433182034,0.2969741450429296,74.81301046327445,138.95644839380583,86.53232638260884,2.6266577352938434,20.843467259070877,11.615950229785245,21.23746591936495,0.030354641381995083,34.34515471273317,34.50365460901718,basis,relativ,be+6,40.34515471273317,6.0,54.34,53.648895804654764,55.02943732237825,45.66,44.97056267762175,46.351104195345236,0.0,24.915,29.425,28.790964126321363,30.054463023778172,46.874406130541054,45.57,44.880689741703726,46.26101169775336,54.43,53.73898830224664,55.11931025829628,0.0,20.06,25.509999999999998,24.904496313006955,26.11321700293101,47.26593888391133,59.53,58.847984184911674,60.20835560785899,40.47,39.79164439214101,41.15201581508834,0.0,24.855,34.675000000000004,34.01225070822617,35.33150300752389,54.69927990786334,50.43,49.73705766984599,51.122777179145764,49.57,48.877222820854236,50.26294233015401,0.0,20.035,30.394999999999996,29.755533098026355,31.03055051382763,54.96833418318353,15.0,,
primaer,2019-05-06 til 2026-09-10,15m,RTH,3,0.5,47868,0.2567541027636573,0.47689082433182034,0.2969741450429296,74.81301046327445,138.95644839380583,86.53232638260884,2.6266577352938434,20.843467259070877,11.615950229785245,21.23746591936495,0.030354641381995083,34.34515471273317,34.50365460901718,basis,relativ,be+11,45.34515471273316,10.999999999999998,75.37,74.76804146496431,75.96221462554894,24.63,24.037785374451047,25.23195853503569,0.0,24.915,50.455000000000005,49.75643992254737,51.14233731415957,86.4539866893149,66.56,65.9030328270503,67.2106069387715,33.44,32.78939306122847,34.096967172949704,0.0,20.06,46.5,45.803933326007254,47.18649224499945,86.99411809974114,78.83,78.25833075878764,79.39059644221736,21.17,20.609403557782635,21.741669241212353,0.0,24.855,53.974999999999994,53.27809538190134,54.65967456332985,94.20243454217906,70.595,69.95965534693028,71.22243468791876,29.405,28.777565312081226,30.040344653069724,0.0,20.035,50.559999999999995,49.861568150118025,51.247442527332375,94.55789658218062,13.0,,
